model,price,rating,processor,cores,ram,storage,display,graphics,os,warranty
Lenovo Legion Pro 5 16IAX10 83F3007CIN Gaming Laptop (Intel Core Ultra 7 255HX/ 32GB/ 1TB SSD/ Win11/ 8GB Graph),"₹1,89,990",84,Intel Core Ultra 7 255HX,"20 Cores (8P + 12E), 20 Threads",32 GB DDR5 RAM,1 TB SSD,"16 inches, 2560 x 1600 pixels",8 GB NVIDIA® GeForce RTX 5060,Windows 11 OS,1 Year Warranty
Lenovo IdeaPad Slim 3 83K100HSIN Laptop (13th Gen Core i5/ 16GB/ 1TB SSD/ Win11),"₹62,350",54,13th Gen Intel Core i5 13420H,"Octa Core (4P + 4E), 12 Threads",16 GB LPDDR5 RAM,1 TB SSD,"15.6 inches, 1920 x 1080 pixels",Integrated Intel UHD Graphics,Windows 11 OS,1 Year Warranty
Asus Vivobook Go 15 E1504FA-BQ2343WS Laptop (AMD Ryzen 3 7320U / 16GB/ 512GB SSD/ Win11 Home),"₹34,990",51,7th Gen AMD Ryzen 3 7320U,"Quad Core, 8 Threads",16 GB LPDDR5 RAM,512 GB SSD,"15.6 inches, 1920 x 1080 pixels",AMD Radeon AMD,Windows 11 OS,1 Year Warranty
Lenovo V14 G3 82TS00JGUS Laptop (12th Gen Core i7/ 16GB/ 512GB SSD/ Win11),"₹56,990",48,12th Gen Intel Core i7 1255U,"10 Cores (2P + 8E), 12 Threads",16 GB  RAM,512 GB SSD,"14 inches, 1920 x 1080 pixels",Integrated Intel Iris Xe Graphics,Windows 11 OS,1 Year Warranty
Dell DC 14250 ODC1425000401RINS1 Laptop (Intel Core 5 120U/ 16GB/ 512GB SSD/Windows 11 Home),"₹69,990",52,Intel Core 5 120U,"10 Cores (2P + 8E), 12 Threads",16 GB DDR5 RAM,512 GB SSD,"14 inches, 1920 x 1080 pixels",Intel UHD Graphics,Windows 11 OS,1 Year Warranty
Dell 14 Inspiron 5440 Laptop (Intel Core 3 100U / 16GB/ 512GB SSD/ Win11),"₹37,800",50,Intel Core i3 100U,"Hexa Core (2P + 4E), 8 Threads",16 GB DDR5 RAM,512 GB SSD,"14 inches, 1920 x 1080 pixels",,Windows 11 OS,1 Year Warranty
Lenovo V14 G4 82YTA00UIN Laptop (AMD Ryzen 3 7320U / 8GB/ 512GB SSD/ Win11),"₹29,990",44,7th Gen AMD Ryzen 3 7320U,"Quad Core, 8 Threads",8 GB LPDDR5 RAM,512 GB SSD,"14 inches, 1920 x 1080 pixels",AMD Radeon,Windows 11 OS,1 Year Warranty
Acer TravelLite TL04-41M  Laptop (MD Ryzen 5 7430U/ 8GB/ 512GB SSD/ Win11),"₹33,990",50,7th Gen AMD Ryzen 5 7430U,"Hexa Core, 12 Threads",8 GB DDR4 RAM,512 GB SSD,"14 inches, 1920 x 1080 pixels",AMD Radeon Graphics,Windows 11 OS,1 Year Warranty
HP Victus 15-fa2303tx Gaming Laptop (14th Gen Core i5/ 24GB/ 512GB SSD/ Win11/ 6GB RTX3050),"₹82,999",69,14th Gen Intel Core i5 14450HX,"10 Cores (6P + 4E), 16 Threads",24 GB DDR5 RAM,512 GB SSD,"15.6 inches, 1920 x 1080 pixels",6 GB NVIDIA GeForce RTX 3050,Windows 11 OS,1 Year Warranty
HP Victus 15-fa1082wm Gaming Laptop (13th Gen Core i5/ 16GB/ 512GB SSD/ Win11/ 6GB RTX4050),"₹79,990",55,13th Gen Intel Core i5 13420H,"Octa Core (4P + 4E), 12 Threads",16 GB DDR4 RAM,512 GB SSD,"15.6 inches, 1920 x 1080 pixels",6 GB NVIDIA GeForce RTX 4050,Windows 11 OS,1 Year Warranty
MSI Modern 14 C7M-105IN Laptop (AMD Ryzen 5 7530U/ 8GB/ 512GB SSD/ Win11),"₹40,990",54,7th Gen AMD Ryzen 5 7530U,"Hexa Core, 12 Threads",8 GB DDR4 RAM,512 GB SSD,"14 inches, 1920 x 1080 pixels",AMD Radeon,Windows 11 OS,1 Year Warranty
Ultimus Apex Bold N NU14U9INC54LS Laptop (Celeron N4020/ 8GB/ 256GB SSD/ Win11 Home),"₹16,990",33,Intel Celeron N4020,"Dual Core, 2 Threads",8 GB DDR4 RAM,256 GB SSD,"14.1 inches, 1366 x 768 pixels",Intel Integrated,Windows 11 OS,1 Year Warranty
Asus Vivobook Go 14 E1404FA-EB2322WS Laptop (AMD Ryzen 3 7320U/ 8GB/ 512GB SSD/ Win11 Home),"₹30,990",50,7th Gen AMD Ryzen 3 7320U,"Quad Core, 8 Threads",8 GB LPDDR5 RAM,512 GB SSD,"14 inches, 1920 x 1080 pixels",AMD Radeon Graphics,Windows 11 OS,1 Year Warranty
HP 15-FD1444TU Laptop (Intel Core 5 120U/ 8GB/ 512GB SSD/ Win11 Home),"₹51,999",42,Intel Core 5 Processor Series 1 120U,"10 Cores (2P + 8E), 12 Threads",8 GB DDR4 RAM,512 GB SSD,"15.6 inches, 1920 x 1080 pixels",Intel Graphics,Windows 11 OS,1 Year Warranty
MSI VenturePro A15 A3HWEG-011IN Laptop (AMD Ryzen 7 350/ 16GB/ 1TB SSD/ Win11/ 8GB Graphics),"₹1,24,990",70,AMD Ryzen 7 350,"Octa Core, 16 Threads",16 GB DDR5 RAM,1 TB SSD,"16 inches, 1920 x 1080 pixels",8 GB NVIDIA GeForce RTX 5050,Windows 11 OS,2 Year Warranty
HP 15 2025 Laptop (13th Gen Core i3 / 16GB/ 512GB SSD/ Win11),"₹36,623",45,13th Gen Intel Core i3 1315U,"Hexa Core (2P + 4E), 8 Threads",16 GB  RAM,512 GB SSD,"15.6 inches, 1920 x 1080 pixels",Intel Integrated UHD,Windows 11 OS,1 Year Warranty
Lenovo ThinkBook 14 21SGA02YIG Laptop (Intel Core 7 240H/ 16GB/ 512GB SSD/ Win11 Home),"₹81,990",50,Intel Core 7 240H,"10 Cores (6P + 4E), 16 Threads",16 GB  RAM,512 GB SSD,"14 inches, 1920 x 1200 pixels",Intel Graphics,Windows 11 OS,1 Year Warranty
HP 255 G10 BJ3S9AT-3 Laptop (AMD Ryzen 3 7330U/ 16GB/ 512GB SSD/ Win11),"₹33,900",57,7th Gen AMD Ryzen 3 7330U,"Quad Core, 8 Threads",16 GB DDR4 RAM,512 GB SSD,"15.6 inches, 1920 x 1080 pixels",AMD Radeon Graphics,Windows 11 OS,1 Year Warranty
HP 255 G10 BJ3S9AT-1 Laptop (AMD Ryzen 3 7330U/ 8GB/ 512GB SSD/ Win11),"₹33,390",59,7th Gen AMD Ryzen 3 7330U,"Quad Core, 8 Threads",8 GB DDR4 RAM,512 GB SSD,"15.6 inches, 1920 x 1080 pixels",AMD Radeon Graphics,Windows 11 OS,1 Year Warranty
Chuwi CoreBook X Laptop (AMD Ryzen 5 7430U/ 16GB/ 512GB SSD/ Win11),"₹39,990",54,12th Gen AMD Ryzen 5 7430U,"Hexa Core, 12 Threads",16 GB DDR4 RAM,512 GB SSD,"14 inches, 2560 x 1600 pixels",Intel HD Graphics,Windows 11 OS,1 Year Warranty
HP 255 G10 BJ3P9PT-2 Laptop (AMD Ryzen 5 7520U/ 16GB/ 512GB SSD/ Win11),"₹41,990",57,7th Gen AMD Ryzen 5 7520U,"Quad Core, 8 Threads",16 GB LPDDR5 RAM,512 GB SSD,"15.6 inches, 1920 x 1080 pixels",AMD Radeon Radeon Graphics,Windows 11 OS,1 Year Warranty
Dell 16 Alienware CAN16250CTO03MINO Gaming Laptop (Intel Core Ultra 9 275HX/ 64GB/ 2TB SSD/ Win 11/ 24GB RTX5090),"₹4,72,990",92,Intel Core Ultra 9 275HX,"24 Cores (8P + 16E), 24 Threads",64 GB DDR5 RAM,2 TB SSD,"16 inches, 2560 x 1600 pixels",24 GB NVIDIA GeForce RTX 5090,Windows 11 OS,1 Year Warranty
Dell 16 Alienware CAN16250CTO02MINO Gaming Laptop (Intel Core Ultra 9 275HX/ 32GB/ 2TB SSD/ Win 11/ 16GB RTX5080),"₹3,96,490",91,Intel Core Ultra 9 275HX,"24 Cores (8P + 16E), 24 Threads",32 GB DDR5 RAM,2 TB SSD,"16 inches, 2560 x 1600 pixels",16 GB NVIDIA GeForce RTX 5080,Windows 11 OS,1 Year Warranty
HP ZBook Firefly 14 G11 A1VR3PT Laptop (Intel Core Ultra 7/ 32GB/ 1TB SSD/Win11),"₹1,43,900",78,Intel Core Ultra 7 Series 1 155H,"16 Cores (6P + 8E + 2LP-E), 22 Threads",32 GB DDR5 RAM,1 TB SSD,"14 inches, 1920 x 1200 pixels",Intel Graphics,Windows 11 OS,1 Year Warranty
Lenovo LOQ 15IRX9 83DV018LIN Gaming Laptop (13th Gen Core i7/ 24GB/ 512GB SSD/ Win11/ 8GB RTX4060),"₹1,04,990",71,13th Gen Intel Core i7 13650HX,14 Cores (6P + 8E),24 GB DDR5 RAM,512 GB SSD,"15.6 inches, 1920 x 1080 pixels",8 GB NVIDIA GeForce RTX 4060,Windows 11 OS,1 Year Warranty
MSI Katana 15 B14WFK-102IN Gaming Laptop (14th Gen Core i7/ 16GB/ 1TB SSD/ Win11 Home/ 8GB RTX 5060 Graph),"₹1,34,990",71,14th Gen Intel Core i7 14650HX,"16 Cores (8P + 8E), 24 Threads",16 GB  RAM,1 TB SSD,"15.6 inches, 2560 x 1440 pixels",8 GB NVIDIA GeForce RTX 5060,Windows 11 OS,2 Year Warranty
Asus ExpertBook B5 B5404CMA-Q61142X Laptop (Intel Core Ultra 5 125H/ 16 GB/ 1TB SSD/ Win11),"₹1,85,990",75,Intel Core Ultra 5 125H,"14 Cores (4P + 8E + 2LP-E), 18 Threads",16 GB DDR5 RAM,1 TB SSD,"14 inches, 1920 x 1200 pixels, Touch Screen",Intel Integrated Arc,Windows 11 OS,1 Year Warranty
Dell 16 Plus DB16255 Next Gen AI Laptop (AMD Ryzen 5 340 AI/ 16GB/ 512GB SSD/Win 11),"₹71,490",55,5th Gen AMD Ryzen 5 AI 340,"Hexa Core, 12 Threads",16 GB LPDDR5X RAM,512 GB SSD,"16 inches, 1920 x 1200 pixels",Intel Integrated Arc,Windows 11 OS,1 Year Warranty
Asus Vivobook Go 15 E1504FA-BQ2523WS Laptop (AMD Ryzen 5 7520U / 8GB/ 512GB SSD/ Win11 Home),"₹36,990",51,7th Gen AMD Ryzen 5 7520U,"Quad Core, 8 Threads",8 GB LPDDR5 RAM,512 GB SSD,"15.6 inches, 1920 x 1080 pixels",AMD Radeon,Windows 11 OS,1 Year Warranty
Apple MacBook Pro 14 Laptop (Apple M5/ 24GB/ 1TB SSD/ macOS),"₹2,02,990",55,Apple M5,10 Cores (4P + 6E),24 GB  RAM,1 TB SSD,"14.2 inches, 3024 x 1964 pixels",10 Core GPU,Mac OS,1 Year Warranty
Apple MacBook Pro 14 Laptop (Apple M5/ 16GB/ 1TB SSD/ macOS),"₹1,83,490",53,Apple M5,10 Cores (4P + 6E),16 GB  RAM,1 TB SSD,"14.2 inches, 3024 x 1964 pixels",10 Core GPU,Mac OS,1 Year Warranty
Apple MacBook Pro 14 2025 Laptop (Apple M5/ 16GB/ 512GB SSD/ macOS),"₹1,64,490",51,Apple M5,10 Cores (4P + 6E),16 GB  RAM,512 GB SSD,"14.2 inches, 3024 x 1964 pixels",10 Core GPU,Mac OS,1 Year Warranty
HP OmniBook 7 FR0066TU Laptop (Intel Ultra 5-225H/ 16GB/ 512GB SSD/ Win11),"₹81,990",60,Intel Core Ultra 5 225H,"14 Cores (4P + 8E + 2LP-E), 14 Threads",16 GB  RAM,512 GB SSD,"14 inches, 2880 x 1800 pixels",Intel Arc GPU,Windows 11 OS,1 Year Warranty
Lenovo IdeaPad Slim 3 15AMN8 82XQ00NYIN Laptop (AMD Ryzen 3 7320U/ 8GB/ 512GB SSD/ Win11 Home),"₹34,490",51,7th Gen AMD Ryzen 3 7320U,"Quad Core, 8 Threads",8 GB LPDDR5 RAM,512 GB SSD,"15.6 inches, 1920 x 1080 pixels",AMD Radeon Graphics,Windows 11 OS,1 Year Warranty
Lenovo IdeaPad Slim 5 16IMH9 83DC00ACIN Laptop (Intel Core Ultra 5/ 16GB RAM/ 512GB SSD/ Win 11),"₹66,990",51,Intel Core Ultra 5 Series 1 125H,"14 Cores (4P + 8E + 2LP-E), 18 Threads",16 GB LPDDR5x RAM,512 GB SSD,"16 inches, 1920 x 1200 pixels",Intel Arc Graphics,Windows 11 OS,1 Year Warranty
HP 15-fd0514TU Laptop (13th Gen Core i7/ 16GB/ 512GB SSD/ Win11 Home),"₹74,990",56,13th Gen Intel Core i7 1355U,"10 Cores (2P + 8E), 12 Threads",16 GB DDR4 RAM,512 GB SSD,"15.6 inches, 1920 x 1080 pixels",Intel Integrated UHD,Windows 11 OS,1 Year Warranty
Acer Aspire Lite AL15-52H Laptop (Intel Core i5-13420H/ 16GB/ 512GB SSD/ Win11),"₹48,500",53,13th Gen Intel Core i5 13420H,"Octa Core (4P + 4E), 12 Threads",16 GB LPDDR5 RAM,512 GB SSD,"15.6 inches, 1920 x 1080 pixels",Intel Integrated UHD,Windows 11 OS,1 Year Warranty
Asus Expertbook B3 B3404CVAB-Q50884X Laptop (13th Gen Core i5/ 16GB/ 512GB/ Win11),"₹1,20,990",59,13th Gen Intel Core i5 1335U,"10 Cores (2P + 8E), 12 Threads",16 GB DDR5 RAM,512 GB SSD,"14 inches, 1920 x 1200 pixels",Intel Integrated UHD,Windows 11 OS,1 Year Warranty
Lenovo LOQ 15AHP10 83JG008KIN Gaming Laptop (AMD Ryzen 7 250/ 16GB/ 1TB SSD/ Win11/ 8GB RTX 5050 Graph),"₹1,10,990",72,AMD Ryzen 7 250,"Octa Core, 16 Threads",16 GB DDR5 RAM,1 TB SSD,"15.6 inches, 1920 x 1080 pixels",8 GB NVIDIA GeForce RTX 5050,Windows 11 OS,1 Year Warranty
Acer TravelLite TL04-51M Laptop (13th Gen Core i5/ 8GB/ 512GB SSD/ Win11),"₹38,980",52,13th Gen Intel Core i5 1334U,"10 Cores (2P + 8E), 12 Threads",8 GB  RAM,512 GB SSD,"14 inches, 1920 x 1080 pixels",‎Intel Iris Xe Graphics,Windows 11 OS,1 Year Warranty
Lenovo V14 83A0A0PTIN Laptop (13th Gen Core i5/ 16GB/ 512GB SSD/ Win11),"₹47,990",44,13th Gen Intel Core i5 13420H,"Octa Core (4P + 4E), 12 Threads",16 GB  RAM,512 GB SSD,"14 inches, 1920 x 1080 pixels",Intel Integrated UHD,Windows 11 OS,1 Year Warranty
Samsung Galaxy Book 4 NP754XGQ-LS1IN Laptop (Intel Core 5 Processor 120U/ 16GB/ 512GB SSD/ Linux),"₹43,998",51,Intel Core 5 Processor Series 1 120U,"10 Cores (2P + 8E), 12 Threads",16 GB LPDDR4x RAM,512 GB SSD,"15.6 inches, 1920 x 1080 pixels",Intel Graphics,Linux OS,1 Year Warranty
Lenovo LOQ 83JC00MVIN Gaming Laptop (AMD Ryzen 7 7435H/ 16GB/ 512GB SSD/ Win11/ 6GB RTX 4050 Graph),"₹83,290",70,7th Gen AMD Ryzen 7 7435HS,"Octa Core, 16 Threads",16 GB DDR5 RAM,512 GB SSD,"15.6 inches, 1920 x 1080 pixels",6 GB NVIDIA GeForce RTX 4050,Windows 11 OS,1 Year Warranty
Asus Expertbook B3 B3404CVA-Q51174X Laptop (13th Gen Core i5/ 16GB/ 512GB/ Win11),"₹1,19,990",60,13th Gen Intel Core i5 1335U,"10 Cores (2P + 8E), 12 Threads",16 GB DDR5 RAM,512 GB SSD,"14 inches, 1920 x 1200 pixels",Intel Integrated UHD,Windows 11 OS,1 Year Warranty
HP 15-hr0009TU Laptop (Intel Core 5 120U/ 16GB/ 512GB SSD/ Win11 Home),"₹56,999",46,Intel Core 5 120U,"10 Cores (2P + 8E), 12 Threads",16 GB  RAM,512 GB SSD,"15.6 inches, 1920 x 1080 pixels",Intel Integrated,Windows 11 OS,1 Year Warranty
HP 15-FD0651TU Laptop (Intel Core 5 120U/ 8GB/ 512GB SSD/ Win11 Home),"₹50,499",38,Intel Core 5 Processor Series 1 120U,"10 Cores (2P + 8E), 12 Threads",8 GB  RAM,512 GB SSD,"15.6 inches, 1920 x 1080 pixels",Intel Iris Xe Graphics,Windows 11 OS,1 Year Warranty
Acer Aspire 14 AS14H-53 UN.36CSI.005 Laptop (13th Gen Core i5/ 16GB/ 512GB SSD/Win 11),"₹56,990",52,13th Gen Intel Core i7 13620H,"10 Cores (6P + 4E), 16 Threads",16 GB LPDDR5 RAM,512 GB SSD,"14 inches, 1920 x 1200 pixels",Intel Integrated UHD,Windows 11 OS,1 Year Warranty
HP 15-fc0690au Laptop (AMD Ryzen 5 7520U/ 16GB/ 512GB SSD/ Win11 Home),"₹45,990",51,7th Gen AMD Ryzen 5 7520U,"Quad Core, 8 Threads",16 GB LPDDR5 RAM,512 GB SSD,"15.6 inches, 1920 x 1080 pixels",AMD Radeon AMD,Windows 11 OS,1 Year Warranty
Lenovo IdeaPad 1 15ALC7 82R400XSIN Laptop (AMD Ryzen 5 5500U / 8GB/ 512GB SSD/ Win11 Home),"₹36,190",51,5th Gen AMD Ryzen 5 Hexa Core 5500U,"Hexa Core, 12 Threads",8 GB DDR4 RAM,512 GB SSD,"15.6 inches, 1920 x 1080 pixels",AMD Radeon AMD,Windows 11 OS,1 Year Warranty
Lenovo IdeaPad Slim 3 82XM0113IN Laptop (AMD Ryzen 7 5825U/ 16GB/ 512GB SSD/ Win11 Home),"₹49,490",54,5th Gen AMD Ryzen 7 5825U,"Octa Core, 16 Threads",16 GB DDR4 RAM,512 GB SSD,"15.6 inches, 1920 x 1080 pixels",AMD Radeon AMD,Windows 11 OS,1 Year Warranty
HP OmniBook 5 16-fb0001QU Laptop (Snapdragon X X1-26-100/ 16GB/ 1TB SSD/ Win11),"₹69,990",39,Qualcomm Snapdragon X X1-26-100,Octa Core,16 GB  RAM,1 TB SSD,"16 inches, 1920 x 1200 pixels, Touch Screen",Qualcomm Adreno GPU,Windows 11 OS,1 Year Warranty
HP Omen 16-ap0182AX Gaming Laptop (AMD Ryzen 9 8940HX/ 24GB/ 1TB SSD/ Win11/ 8GB RTX 5070 Graph),"₹1,67,990",81,8th Gen AMD Ryzen 9 8940HX,"16 Cores, 32 Threads",24 GB DDR5 RAM,1 TB SSD,"16 inches, 1920 x 1200 pixels",8 GB NVIDIA GeForce RTX 5070,Windows 11 OS,1 Year Warranty
Lenovo LOQ 2024 15IRX9 83DV01A8IN Gaming Laptop (13th Gen Core i5/ 16GB/ 512GB SSD/ Win11/ 6GB RTX4050),"₹87,990",66,13th Gen Intel Core i5 13450HX,"10 Cores (6P + 4E), 16 Threads",16 GB DDR5 RAM,512 GB SSD,"15.6 inches, 1920 x 1080 pixels",6 GB NVIDIA GeForce RTX 4050,Windows 11 OS,1 Year Warranty
Dell DC15255 Laptop (AMD Ryzen 5-7520U/ 8GB/ 512GB SSD/ Win11),"₹41,990",51,7th Gen AMD Ryzen 5 7520U,"Quad Core, 8 Threads",8 GB LPDDR5 RAM,512 GB SSD,"15.6 inches, 1920 x 1080 pixels",AMD Radeon 610M,Windows 11 OS,1 Year Warranty
Lenovo IdeaPad Slim 5 14AKP10 83HX008XIN Laptop (AMD Ryzen AI 5 330/ 16GB RAM/ 512GB SSD/ Win 11),"₹69,990",48,AMD Ryzen AI 5 AI 5 330,,16 GB DDR5 RAM,512 GB SSD,"14 inches, 1920 x 1200 pixels",AMD Radeon 820M,Windows 11 OS,1 Year Warranty
HP ZBook Power G11 A8WN2PT Laptop (Intel Core Ultra 7-155H/ 32GB/ 1TB SSD/ Win11/ RTX 500 Ada 4GB Graphics),"₹1,72,550",79,Intel Core Ultra 7 Series 1 155H,"16 Cores (6P + 8E + 2LP-E), 22 Threads",32 GB DDR5 RAM,1 TB SSD,"16 inches, 1920 x 1200 pixels",4 GB NVIDIA RTX 500 Ada,Windows 11 OS,1 Year Warranty
HP ZBook Power G11 A8WM9PT Laptop (Intel Core Ultra 7-155H/ 32GB/ 1TB SSD/ Win11/ RTX 2000 Ada 8GB Graphics),"₹2,04,450",82,Intel Core Ultra 7 Series 1 155H,"16 Cores (6P + 8E + 2LP-E), 22 Threads",32 GB DDR5 RAM,1 TB SSD,"16 inches, 1920 x 1200 pixels",8 GB NVIDIA RTX 2000 Ada,Windows 11 OS,1 Year Warranty
Microsoft Surface Pro 12 EP2-27654 Laptop (Snapdragon X Plus/ 16GB/ 256GB SSD/ Win11),"₹88,990",41,Qualcomm Snapdragon X Plus,Octa Core,16 GB  RAM,256 GB SSD,"12 inches, 2196 x 1464 pixels, Touch Screen",Qualcomm Adreno GPU,Windows 11 OS,1 Year Warranty
Microsoft Surface Pro 12 EP2-27670 Laptop (Snapdragon X Plus/ 16GB/ 512GB SSD/ Win11),"₹97,990",43,Qualcomm Snapdragon X Plus,Octa Core,16 GB  RAM,512 GB SSD,"12 inches, 2196 x 1464 pixels, Touch Screen",Qualcomm Adreno GPU,Windows 11 OS,1 Year Warranty
Lenovo IdeaPad Slim 3 83EM00GYIN Laptop (13th Gen Core i7/ 16GB/ 512GB SSD/ Win11),"₹64,990",55,13th Gen Intel Core i7 13620H,"10 Cores (6P + 4E), 16 Threads",16 GB LPDDR5 RAM,512 GB SSD,"15.6 inches, 1920 x 1080 pixels",Intel Integrated Intel® UHD Graphics,Windows 11 OS,1 Year Warranty
HP ZBook Power G11 A8WM1PT Laptop (Intel Core Ultra 9-185H/ 32GB/ 1TB SSD/ Win11/ 6GB Graphics),"₹2,25,999",86,Intel Core Ultra 9 Series 1 185H,"16 Cores (6P + 8E + 2LP-E), 22 Threads",32 GB DDR5 RAM,1 TB SSD,"16 inches, 1920 x 1200 pixels",6 GB NVIDIA RTX 1000 Ada,Windows 11 OS,1 Year Warranty
MSI Vector A18 HX A9WIG-088IN Gaming Laptop (AMD Ryzen 9 9955HX/ 32GB/ 2TB SSD/ Win11/ 16GB RTX 5080 Graphics ),"₹3,39,990",89,9th Gen AMD Ryzen 9 16 Core 9955HX,"16 Cores, 32 Threads",32 GB DDR5 RAM,2 TB SSD,"18 inches, 2560 x 1600 pixels",16 GB NVIDIA GeForce RTX 5080,Windows 11 OS,2 Year Warranty
Lenovo Yoga Slim 7 14IMH9 83CV006BIN Laptop (Intel Core Ultra 5 125H/ 16GB/ 512GB SSD/ Win11 Home),"₹86,999",59,Intel Core Ultra 5 Series 1 125H,"14 Cores (4P + 8E + 2LP-E), 18 Threads",16 GB LPDDR5x RAM,512 GB SSD,"14 inches, 1920 x 1200 pixels",Integrated Intel Arc Graphics,Windows 11 OS,1 Year Warranty
Dell 14 Plus DB04255 2in1 Laptop (AMD Ryzen  R5 340/ 16 GB/ 512GB SSD/Windows 11 Home),"₹82,490",53,AMD Ryzen AI 5 340,"Hexa Core, 12 Threads",16 GB LPDDR5X RAM,512 GB SSD,"14 inches, 1920 x 1200 pixels, Touch Screen",AMD Radeon Graphics,Windows 11 OS,1 Year Warranty
Dell 14 7440 OIN74401001R1RINU1O Laptop (Intel Core 5 210H/ 16GB/512GB SSD/ Win11),"₹68,490",50,Intel Core 5 210H,"Octa Core (4P + 4E), 12 Threads",16 GB LPDDR5X RAM,512 GB SSD,"14 inches, 1920 x 1200 pixels",Intel Integrated UHD,Windows 11 OS,1 Year Warranty
Dell 14 Plus DB04255 2-in-1 Laptop (AMD Ryzen AI 7 350/ 16 GB/ 1TB SSD/Windows 11 Home),"₹94,990",52,AMD Ryzen AI 7 350,"Octa Core, 16 Threads",16 GB LPDDR5X RAM,1 TB SSD,"14 inches, 1920 x 1200 pixels, Touch Screen",AMD Radeon 860M,Windows 11 OS,1 Year Warranty
Dell 14 7440 OIN74401002R1RINU1O Laptop (Intel Core 7 240H/ 16GB/512GB SSD/ Win11),"₹77,484",52,Intel Core 7 240H,"10 Cores (6P + 4E), 16 Threads",16 GB LPDDR5X RAM,512 GB SSD,"14 inches, 1920 x 1200 pixels",Intel Integrated UHD,Windows 11 OS,1 Year Warranty
Acer Aspire 7 A715-79G UN.U35SI.002 Gaming Laptop (Intel Core 5 210H/ 16GB/ 512GB SSD/ Win11 Home/ 6GB Graph),"₹71,990",53,Intel Core 5 210H,"Octa Core (4P + 4E), 12 Threads",16 GB DDR4 RAM,512 GB SSD,"15.6 inches, 1920 x 1080 pixels",6 GB NVIDIA GeForce RTX 4050,Windows 11 OS,1 Year Warranty
HP Victus 15-fa2197TX Gaming Laptop (13th Gen Core i5/ 16GB/ 512GB SSD/ Win11/ 6GB RTX 3050),"₹69,990",57,13th Gen Intel Core i5 13420H,"Octa Core (4P + 4E), 12 Threads",16 GB DDR4 RAM,512 GB SSD,"15.6 inches, 1920 x 1080 pixels",6 GB NVIDIA GeForce RTX 3050,Windows 11 OS,1 Year Warranty
HP Victus 15-fa2375TX Gaming Laptop (13th Gen Core i5/ 16GB/ 512GB SSD/ Win11 Home/ 6GB RTX 4050),"₹76,990",59,13th Gen Intel Core i5 13420H,"Octa Core (4P + 4E), 12 Threads",16 GB DDR4 RAM,512 GB SSD,"15.6 inches, 1920 x 1080 pixels",6 GB NVIDIA GeForce RTX 4050,Windows 11 OS,1 Year Warranty
Lenovo Yoga Slim 7 14AKP10 83JY0069IN Laptop (Ryzen AI 7 350/ 32GB/ 1TB SSD/ Win11 Home),"₹1,09,800",55,AMD Ryzen AI 7 AI 7 350,"Octa Core, 16 Threads",32 GB LPDDR5X RAM,1 TB SSD,"14 inches, 1920 x 1200 pixels",AMD Radeon 860M,Windows 11 OS,1 Year Warranty
Dell 15 DC15250 Laptop (13th Gen Core i5/ 16GB/ 512GB SSD/ Win11),"₹54,499",48,13th Gen Intel Core i5 1334U,"10 Cores (2P + 8E), 12 Threads",16 GB  RAM,512 GB SSD,"15.6 inches, 1920 x 1080 pixels",Intel UHD Graphics,Windows 11 OS,1 Year Warranty
Acer Aspire Lite AL15-52H UN.347SI.00V Laptop (12th Gen Core i5/ 16GB/ 512GB SSD/ Win11),"₹50,990",53,12th Gen Intel Core i5 13420H,"Octa Core (4P + 4E), 12 Threads",16 GB DDR4 RAM,512 GB SSD,"15.6 inches, 1920 x 1080 pixels",Intel UHD Graphics,Windows 11 OS,1 Year Warranty
Lenovo IdeaPad Slim 3 83N3002QIN Laptop (Qualcomm Snapdragon X/ 16GB/ 512GB SSD/Win11 Home),"₹61,590",39,Qualcomm Snapdragon X X1-26-100,,16 GB LPDDR5X RAM,512 GB SSD,"15.3 inches, 1920 x 1200 pixels",Qualcomm Adreno GPU,Windows 11 OS,1 Year Warranty
MSI Katana 15 B13VEK-2432IN Gaming Laptop (13th Gen Core i7/ 16GB/ 1TB SSD/ Win11 Home/ 6GB Graph),"₹90,990",63,13th Gen Intel Core i7 13620H,"10 Cores (6P + 4E), 16 Threads",16 GB DDR5 RAM,1 TB SSD,"15.6 inches, 1920 x 1080 pixels",6 GB NVIDIA GeForce RTX 4050,Windows 11 OS,2 Year Warranty
Lenovo LOQ 2024 15IRX9 83DV01AAIN Gaming Laptop (13th Gen Core i5/ 16GB/ 512GB SSD/ Win11/ 6GB RTX4050),"₹89,990",66,13th Gen Intel Core i5 13450HX,"10 Cores (6P + 4E), 16 Threads",16 GB DDR5 RAM,512 GB SSD,"15.6 inches, 1920 x 1080 pixels",6 GB NVIDIA GeForce RTX 4050,Windows 11 OS,1 Year Warranty
Dell 15 DC15250 Laptop (13th Gen Core i7/ 16GB/ 512GB SSD/ Win11),"₹71,150",50,13th Gen Intel Core i7 1355U,"10 Cores (2P + 8E), 12 Threads",16 GB  RAM,512 GB SSD,"15.6 inches, 1920 x 1080 pixels",Intel UHD Graphics,Windows 11 OS,1 Year Warranty
HP 15-fc0703AU Laptop (AMD Ryzen 5 7530U/ 16GB/ 512GB SSD/ Win11 Home),"₹40,999",53,7th Gen AMD Ryzen 5 7530U,"Hexa Core, 12 Threads",16 GB DDR4 RAM,512 GB SSD,"15.6 inches, 1920 x 1080 pixels",AMD Radeon Graphics,Windows 11 OS,1 Year Warranty
Asus Vivobook 14 2025 X1504VAP-BQ541WS Laptop (Intel Core 5 120U/ 16GB/ 512GB SSD/ Win11),"₹51,990",44,1st Gen Intel Core 5 120U,"10 Cores (2P + 8E), 12 Threads",16 GB DDR4 RAM,512 GB SSD,"15.6 inches, 1920 x 1080 pixels",Intel Graphics,Windows 11 OS,1 Year Warranty
Lenovo IdeaPad Slim 3 83K100C9IN Laptop (13th Gen Core i7/ 16GB/ 512GB SSD/ Win11),"₹64,990",53,13th Gen Intel Core i7 13620H,"10 Cores (6P + 4E), 16 Threads",16 GB DDR5 RAM,512 GB SSD,"15.3 inches, 1920 x 1200 pixels",Intel Integrated UHD,Windows 11 OS,1 Year Warranty
Lenovo LOQ 15IRX9 83DV018FIN AI Gaming Laptop (13th Gen Core i5/ 24GB/ 512GB SSD/ Win11/ 4GB RTX3050A),"₹76,990",61,13th Gen Intel Core i5 13450HX,"10 Cores (6P + 4E), 16 Threads",24 GB DDR5 RAM,512 GB SSD,"15.6 inches, 1920 x 1080 pixels",4 GB NVIDIA GeForce RTX 3050A,Windows 11 OS,1 Year Warranty
HP ZBook Fury 16 G10 8Y522EC Mobile Workstation Laptop (13th Gen Core i7/ 32GB/ 512GB SSD/ Win11/ RTX A1000 6GB Graph),"₹2,01,600",75,13th Gen Intel Core i7 13850HX,"20 Cores (8P + 12E), 28 Threads",32 GB DDR5 RAM,512 GB SSD,"16 inches, 3840 x 2400 pixels",6 GB NVIDIA RTX A1000,Windows 11 OS,1 Year Warranty
Lenovo ThinkBook 16 21KKA0HFIN Laptop (AMD Ryzen 5 7430U/ 8GB/ 512GB SSD/ DOS),"₹42,490",60,7th Gen AMD Ryzen 5 7430U,"Hexa Core, 12 Threads",8 GB DDR4 RAM,512 GB SSD,"16 inches, 1920 x 1200 pixels",AMD Radeon Graphics,Windows 11 OS,1 Year Warranty
Dell Vostro 3520 Laptop (13th Gen Core i3/ 16GB/ 512GB SSD/ Win11),"₹38,790",52,13th Gen Intel Core i3 1305U,"5 Cores (1P + 4E), 6 Threads",16 GB DDR4 RAM,512 GB SSD,"15.6 inches, 1920 x 1080 pixels",Intel Graphics,Windows 11 OS,1 Year Warranty
MSI Cyborg 15 B2RWFKG-215IN Gaming Laptop (Intel Core 7 240H/ 16GB/ 1TB SSD/ Win11/ 8GB RTX 5060 Graph),"₹1,22,990",65,Intel Core 7 240H,"10 Cores (6P + 4E), 16 Threads",16 GB DDR5 RAM,1 TB SSD,"15.6 inches, 1920 x 1080 pixels",8 GB NVIDIA GeForce RTX 5060,Windows 11 OS,2 Year Warranty
Acer Travel Lite TL04-51M Laptop (13th Gen Core i5/ 16GB/ 512GB SSD/ Win11),"₹40,090",53,13th Gen Intel Core i5 1334U,"10 Cores (2P + 8E), 12 Threads",16 GB  RAM,512 GB SSD,"14 inches, 1920 x 1080 pixels",‎Intel Iris Xe Graphics,Windows 11 OS,1 Year Warranty
HP 15-fc0388AU Laptop (AMD Ryzen 5 7530U/ 8GB/ 512GB SSD/ Win11 Home),"₹36,899",54,7th Gen AMD Ryzen 5 7530U,"Hexa Core, 12 Threads",8 GB DDR4 RAM,512 GB SSD,"15.6 inches, 1920 x 1080 pixels",AMD Radeon,Windows 11 OS,1 Year Warranty
HP 240R G9 A9UK7PT##ACJ Laptop (13th Gen Core i5/ 8GB/ 512GB SSD/ Win11),"₹49,990",42,13th Gen Intel Core i5 1334U,"10 Cores (2P + 8E), 12 Threads",8 GB DDR4 RAM,512 GB SSD,"14 inches, 1366 x 768 pixels",Intel Integrated UHD Graphics,Windows OS,1 Year Warranty
Lenovo LOQ 2025 15IRX10 83JE00U4IN Gaming Laptop (13th Gen Core i7/ 16GB/ 1TB SSD/ Win11/ 8GB RTX 5060),"₹1,22,114",71,13th Gen Intel Core i7 13700HX,"16 Cores (8P + 8E), 24 Threads",16 GB DDR5 RAM,1 TB SSD,"15.6 inches, 1920 x 1080 pixels",8 GB NVIDIA GeForce RTX 5060,Windows 11 OS,1 Year Warranty
Lenovo IdeaPad 3 15ITL05 82H802L3IN Laptop (11th Gen Core i5/ 8GB/ 512GB SSD/ Win11 Home),"₹39,499",54,11th Gen Intel Core i3 1115G4,"Dual Core, 4 Threads",8 GB DDR4 RAM,512 GB SSD,"15.6 inches, 1920 x 1080 pixels",Intel Integrated UHD,Windows 11 OS,1 Year Warranty
HP OmniBook 5 Flip 14-fp0690TU Laptop (Intel Core 7 150U/ 16GB/ 1TB SSD/ Win11),"₹97,649",59,13th Gen Intel Core i5 1334U,"10 Cores (2P + 8E), 12 Threads",16 GB LPDDR5 RAM,1 TB SSD,"14 inches, 1920 x 1200 pixels",Intel Integrated Iris Xe,Windows 11 OS,1 Year Warranty
Dell Latitude 3550 INDLATI3550N12 Laptop (13th Gen Core i5/ 16GB/ 512GB SSD/ Win11),"₹64,899",56,13th Gen Intel Core i5 1335U,"10 Cores (2P + 8E), 12 Threads",16 GB DDR5 RAM,512 GB SSD,"15.6 inches, 1366 x 768 pixels",Intel Integrated UHD Graphics,Windows 11 OS,1 Year Warranty
HP 255 G10 BK2F0PT Laptop (AMD Ryzen 3 7320U/ 16GB/ 512GB SSD/ Win11),"₹32,728",55,7th Gen AMD Ryzen 3 7320U,"Quad Core, 8 Threads",16 GB DDR4 RAM,512 GB SSD,"15.6 inches, 1366 x 768 pixels",AMD Radeon,Windows 11 OS,1 Year Warranty
Dell Latitude 3550 Laptop (13th Gen Core i3/ 16GB/ 512GB SSD/ Win11),"₹38,490",59,13th Gen Intel Core i3 1315U,"Hexa Core (2P + 4E), 8 Threads",16 GB DDR5 RAM,512 GB SSD,"15.6 inches, 1366 x 768 pixels",Intel Integrated UHD Graphics,Windows 11 OS,1 Year Warranty
Dell 15 DB15250 ODC1525002001RINS1 Laptop (Intel Core 3 100U/ 8GB/ 512GB SSD/ Win11),"₹36,490",42,Intel Core 3 100U,"Hexa Core (2P + 4E), 8 Threads",8 GB  RAM,512 GB SSD,"15.6 inches, 1920 x 1080 pixels",Intel UHD Graphics,Windows 11 OS,1 Year Warranty
Asus Chromebook CX1500FKA-E80077 Laptop (Intel Celeron N4500/ 8GB/ 64GB EMMC/ Chrome OS),"₹15,999",36,Intel Celeron N4500,"Dual Core, 2 Threads",8 GB LPDDR4X RAM,64 GB eMMC Storage,"15.6 inches, 1920 x 1080 pixels, Touch Screen",Intel Integrated UHD,Chrome OS,1 Year Warranty
HP Victus 15-fa1010ca Gaming Laptop (13th Gen Core i5/ 8GB/ 512GB SSD/ Win11/ RTX 2050),"₹63,900",50,13th Gen Intel Core i5 13420H,"Octa Core (4P + 4E), 12 Threads",8 GB  RAM,512 GB SSD,"15.6 inches, 1920 x 1080 pixels",4 GB NVIDIA GeForce RTX 2050,Windows 11 OS,1 Year Warranty
HP Envy x360 14-fc0179TU Laptop (Intel Core Ultra 7 155U/ 32GB/ 1TB SSD/ Win11),"₹1,29,800",70,Intel Core Ultra 7 155U,"12 Cores (2P + 8E + 2LP-E), 14 Threads",32 GB  RAM,1 TB SSD,"14 inches, 1920 x 1200 pixels, Touch Screen",Integrated Intel Graphics,Windows 11 OS,1 Year Warranty
Lenovo V14 83A0A0PBIN Laptop (13th Gen Core i3/ 8GB/ 512GB SSD/ Win11),"₹35,990",43,13th Gen Intel Core i3 1315U,"Hexa Core (2P + 4E), 8 Threads",8 GB  RAM,512 GB SSD,"14 inches, 1920 x 1080 pixels",Intel Integrated UHD,Windows 11 OS,1 Year Warranty
Lenovo IdeaPad Slim 3 15IRH10 83K100C6IN Laptop (13th Gen Core i5/ 16GB/ 512GB SSD/ Win11),"₹60,990",61,13th Gen Intel Core i5 13420H,"Octa Core (4P + 4E), 12 Threads",16 GB DDR5 RAM,512 GB SSD,"15.3 inches, 1920 x 1200 pixels",Intel Integrated Intel UHD Graphics,Windows 11 OS,1 Year Warranty
Lenovo ThinkBook 16 21SHS00U00 Laptop (Intel Core 5 210H/ 8GB/ 512GB SSD/ DOS),"₹58,490",42,Intel Core 5 210H,"Octa Core (4P + 4E), 12 Threads",8 GB  RAM,512 GB SSD,"16 inches, 1920 x 1080 pixels",Intel Graphics,Windows 11 OS,1 Year Warranty
Dell 14 Plus DB14250 ODB1425020801RINU1 Laptop (Intel Core Ultra 7 256V/ 16GB/ 512GB SSD/Windows 11 Home),"₹1,12,990",66,Intel Core Ultra 7 256V,"Octa Core (4P + 4LP-E), 8 Threads",16 GB LPDDR5X RAM,512 GB SSD,"14 inches, 2560 x 1440 pixels",Intel Integrated Arc,Windows 11 OS,1 Year Warranty
Alienware 16 Aurora OAN1625000801MINO Gaming Laptop (Intel Core 7 240H/ 16GB/ 1TB SSD/ Win 11/ RTX 5050 8GB Graph),"₹1,35,000",68,Intel Core 7 240H,"10 Cores (6P + 4E), 16 Threads",16 GB DDR5 RAM,1 TB SSD,"16 inches, 2560 x 1600 pixels",8 GB NVIDIA GEFORCE RTX 5050,Windows 11 OS,1 Year Warranty
HP 15-fd0668TU Laptop (13th Gen Core i3/ 16GB/ 512GB SSD/ Win11 Home),"₹39,999",54,13th Gen Intel Core i3 1315U,"Hexa Core (2P + 4E), 8 Threads",16 GB DDR4 RAM,512 GB SSD,"15.6 inches, 1920 x 1080 pixels",Intel Integrated UHD,Windows 11 OS,1 Year Warranty
Lenovo Yoga Slim 7 14IMH9 83CV00DFIN Laptop (Intel Core Ultra 5 125H/ 16GB/ 512GB SSD/ Win11),"₹81,990",51,Intel Core Ultra 5 Series 1 125H,"14 Cores (4P + 8E + 2LP-E), 18 Threads",16 GB LPDDR5x RAM,512 GB SSD,"14 inches, 1920 x 1200 pixels",Integrated Intel Arc Graphics,Windows 11 OS,1 Year Warranty
Asus VivoBook 14 2025 X1404VA-EB321WS Laptop (13th Gen Core i3/ 8GB/ 512GB SSD/ Win11 Home),"₹34,990",51,13th Gen Intel Core i3 1315U,"Hexa Core (2P + 4E), 8 Threads",8 GB DDR4 RAM,512 GB SSD,"14 inches, 1920 x 1080 pixels",Intel UHD Graphics,Windows 11 OS,1 Year Warranty
Dell 14 Plus 2-in-1 ODB0425020301RINU1 Touch Laptop (Intel Core Ultra 7 256V/ 16GB/ 512GB SSD/Windows 11 Home),"₹1,07,900",69,Intel Core Ultra 7 256V,"Octa Core (4P + 4LP-E), 8 Threads",16 GB LPDDR5X RAM,512 GB SSD,"14 inches, 1920 x 1200 pixels, Touch Screen",Intel Arc Graphics,Windows 11 OS,1 Year Warranty
HP Victus 15-fb3189AX Gaming Laptop (AMD Ryzen 7 7445H/ 16GB/ 512GB SSD/ Win11/ 4GB RTX 2050),"₹64,250",63,7th Gen AMD Ryzen 7 7445H,"Octa Core, 16 Threads",16 GB DDR5 RAM,512 GB SSD,"15.6 inches, 1920 x 1080 pixels",4 GB NVIDIA GeForce RTX 2050,Windows 11 OS,1 Year Warranty
MSI Cyborg 15 B2RWEKG-217IN Gaming Laptop (Intel Core 5 210H/ 16GB/ 512GB/ Win 11/ 8GB RTX 5050),"₹95,990",62,Intel 210H,"Octa Core (4P + 4E), 12 Threads",16 GB DDR5 RAM,512 GB SSD,"15.6 inches, 1920 x 1080 pixels",8 GB NVIDIA GeForce RTX 5050,Windows 11 OS,2 Year Warranty
HP OmniBook 7 AI 14-fr0116TU Laptop (Intel Core Ultra 7 255H/ 32GB/ 1TB SSD/ Win11),"₹1,22,893",73,Intel Core Ultra 7 255H,"16 Cores (6P + 8E + 2LP-E), 16 Threads",32 GB LPDDR5 RAM,1 TB SSD,"14 inches, 2880 x 1800 pixels",Intel Arc 140T GPU,Windows 11 OS,1 Year Warranty
Chuwi CoreBook X i3 Laptop (10th Gen Core i3/ 8GB/ 256GB SSD/ Win 11),"₹19,990",46,10th Gen Intel Core i3 10100Y,"Dual Core, 4 Threads",8 GB DDR3 RAM,256 GB SSD,"14 inches, 1920 x 1080 pixels",Intel UHD Graphics 615,Windows 11 OS,1 Year Warranty
Acer Travel Lite 14 TL14-52M UN.35ASI.071 Laptop (13th Gen Core i7/ 16GB/ 512GB SSD/ Win11),"₹70,990",61,13th Gen Intel Core i7 1355U,"10 Cores (2P + 8E), 12 Threads",16 GB DDR4 RAM,1 TB SSD,"14 inches, 1920 x 1080 pixels",‎Intel Graphics,Windows 11 OS,1 Year Warranty
MSI Thin 15 B13UDX-126IN Gaming Laptop (13th Gen Core i7/ 16GB/ 1TB SSD/ Win 11/ 6GB RTX 3050),"₹82,590",61,13th Gen Intel Core i7 13620H,"10 Cores (6P + 4E), 16 Threads",16 GB DDR4 RAM,1 TB SSD,"15.6 inches, 1920 x 1080 pixels",6 GB NVIDIA GeForce RTX 3050,Windows 11 OS,2 Year Warranty
Walker NU15A1 Laptop (Celeron N4020/ 8GB/ 256GB SSD / Win11 Home),"₹16,990",32,Intel Celeron N4020,"Dual Core, 2 Threads",8 GB LPDDR4 RAM,256 GB SSD,"15.6 inches, 1920 x 1080 pixels",‎Intel UHD Graphics 600,Windows 11 OS,1 Year Warranty
Asus Vivobook 15 X1504VA-BQ321WS Laptop (13th Gen Core i3/ 8GB/ 512GB SSD/ Win11),"₹36,990",51,13th Gen Intel Core i3 1315U,"Hexa Core (2P + 4E), 8 Threads",8 GB DDR4 RAM,512 GB SSD,"15.6 inches, 1920 x 1080 pixels",Intel UHD Graphics,Windows 11 OS,1 Year Warranty
HP Victus 15-fa2103tx Gaming Laptop (13th Gen Core i7/ 16GB/ 512GB SSD/ Win11/ 6GB RTX4050),"₹85,990",66,13th Gen Intel Core i7 13620H,"10 Cores (6P + 4E), 16 Threads",16 GB DDR4 RAM,512 GB SSD,"15.6 inches, 1920 x 1080 pixels",6 GB NVIDIA GeForce RTX 4050,Windows 11 OS,1 Year Warranty
Asus Vivobook Go 15 E1504FA-BQ2543WS Laptop (AMD Ryzen 5 7520U / 16GB/ 512GB SSD/ Win11 Home),"₹42,008",53,7th Gen AMD Ryzen 5 7520U,"Quad Core, 8 Threads",16 GB LPDDR5 RAM,512 GB SSD,"15.6 inches, 1920 x 1080 pixels",AMD Radeon AMD,Windows 11 OS,1 Year Warranty
Asus Vivobook Go 14 E1404FA-EB2542WS Laptop (AMD Ryzen 5 7520U/ 16GB/ 512GB SSD/ Win 11),"₹40,990",53,7th Gen AMD Ryzen 5 7520U,"Quad Core, 8 Threads",16 GB LPDDR5 RAM,512 GB SSD,"14 inches, 1920 x 1080 pixels",AMD Radeon,Windows 11 OS,1 Year Warranty
HP ZBook Firefly 16 G11 Laptop (Intel Core Ultra 5/ 16GB/ 1TB SSD/ Win11/ 4GB Graphics),"₹91,999",64,Intel Core Ultra 5 Series 1 125H,"14 Cores (4P + 8E + 2LP-E), 18 Threads",16 GB  RAM,1 TB SSD,"16 inches, 1920 x 1200 pixels",4 GB NVIDIA RTX A500,Windows 11 OS,1 Year Warranty
Lenovo V14 G3 82TS00PDLN Laptop (12th Gen Core i5/ 16GB/ 512GB SSD/ Win11),"₹45,990",50,12th Gen Intel Core i5 1235U,"10 Cores (2P + 8E), 12 Threads",16 GB DDR4 RAM,512 GB SSD,"14 inches, 1920 x 1080 pixels",Intel Integrated UHD,Windows 11 OS,1 Year Warranty
MSI Thin 15 B13UDX-3090IN Gaming Laptop (13th Gen Core i5/ 16GB/ 1TB SSD/ Win 11/ 6GB RTX 3050),"₹71,990",63,13th Gen Intel Core i5 13420H,"Octa Core (4P + 4E), 12 Threads",16 GB DDR4 RAM,1 TB SSD,"15.6 inches, 1920 x 1080 pixels",6 GB NVIDIA GeForce RTX 3050,Windows 11 OS,2 Year Warranty
Dell Inspiron 5440 OIN5440340201RINU1O Laptop (13th Gen Core i5/ 8GB/ 512GB SSD/ Win11),"₹59,990",50,13th Gen Intel Core i5 1334U,"10 Cores (2P + 8E), 12 Threads",8 GB DDR5 RAM,512 GB SSD,"14 inches, 1920 x 1200 pixels",Intel Integrated Intel,Windows 11 OS,1 Year Warranty
HP ZBook Firefly 16 8F6K1PA Workstation Laptop (12th Gen Core i7/ 16GB/ 1TB SSD/ Win11),"₹1,32,499",62,12th Gen Intel Core i7 1255U,"10 Cores (2P + 8E), 12 Threads",16 GB DDR5 RAM,1 TB SSD,"16 inches, 1920 x 1200 pixels",,Windows 11 OS,1 Year Warranty
MSI Thin 15 B13UDX-128IN Gaming Laptop (13th Gen Core i5/ 16GB/ 1TB SSD/ Win 11/ 6GB RTX 3050),"₹59,990",62,13th Gen Intel Core i5 13420H,"Octa Core (4P + 4E), 12 Threads",16 GB DDR4 RAM,1 TB SSD,"15.6 inches, 1920 x 1080 pixels",6 GB NVIDIA GeForce RTX 3050,Windows 11 OS,2 Year Warranty
Samsung Galaxy Book 2 NP641BED-KA3IN Laptop (12th Gen Core i5/ 16GB/ 1TB SSD/ Win11),"₹69,999",51,12th Gen Intel Core i5 1235U,"10 Cores (2P + 8E), 12 Threads",16 GB LPDDR4 RAM,1 TB SSD,"14 inches, 1920 x 1080 pixels",Intel Integrated UHD,Windows 11 OS,1 Year Warranty
Lenovo LOQ 83JE00U7IN Gaming Laptop (14th Gen Core i7/ 16GB/ 1TB SSD/ Win11/ 8GB RTX 5050),"₹1,07,990",78,14th Gen Intel Core i7 14700HX,"20 Cores (8P + 12E), 28 Threads",16 GB DDR5 RAM,1 TB SSD,"15.6 inches, 1920 x 1080 pixels",8 GB NVIDIA GeForce RTX 5050,Windows 11 OS,1 Year Warranty
MSI Katana 15 HX B14WFK-261IN Gaming Laptop (14th Gen Core i9/ 16GB/ 1TB SSD/ Win11 Home/ 8GB RTX 5060 Graph),"₹1,41,016",72,14th Gen Intel Core i9 14900HX,"24 Cores (8P + 16E), 32 Threads",16 GB  RAM,1 TB SSD,"15.6 inches, 2560 x 1440 pixels",8 GB NVIDIA GeForce RTX 5060,Windows 11 OS,2 Year Warranty
HP 250 G10 BJ3T3AT Laptop (13th Gen Core i5/ 16GB/ 512GB SSD/ DOS),"₹51,099",53,13th Gen Intel Core i5 1334U,"10 Cores (2P + 8E), 12 Threads",16 GB DDR4 RAM,512 GB SSD,"15.6 inches, 1920 x 1080 pixels",Intel Integrated Iris Xe,DOS OS,1 Year Warranty
Asus Vivobook 15 2025 X1504VA-NJ3700WS Laptop (13th Gen Core i3/ 8GB/ 512GB SSD/ Win11),"₹35,990",52,13th Gen Intel Core i3 1315U,"Hexa Core (2P + 4E), 8 Threads",8 GB DDR4 RAM,512 GB SSD,"15.6 inches, 1920 x 1080 pixels",Intel Integrated UHD,Windows 11 OS,
Acer Aspire 7 A715-79G UN.U35SI.001 Gaming Laptop (13th Gen Core i7/ 16GB/ 512GB SSD/ Win11 Home/ 6GB Graph),"₹82,990",63,13th Gen Intel Core i7 13620H,"10 Cores (6P + 4E), 16 Threads",16 GB DDR4 RAM,1 TB SSD,"15.6 inches, 1920 x 1080 pixels",6 GB NVIDIA GeForce RTX 4050,Windows 11 OS,1 Year Warranty
Asus TUF Gaming A16 2025 FA607NUG-RL191WS Gaming Laptop (AMD Ryzen 7 7445HS/ 32GB / 1TB SSD/ Win11 / 6GB Graph),"₹97,990",65,AMD Ryzen 7 7445HS,,32 GB DDR5 RAM,1 TB SSD,"16 inches, 1920 x 1200 pixels",6 GB NVIDIA GeForce RTX 4050,Windows 11 OS,1 Year Warranty
Lenovo LOQ 2025 15IRX10 83JE00U5IN Gaming Laptop (14th Gen Core i7/ 16GB/ 1TB SSD/ Win11/ 8GB RTX 5060),"₹1,34,713",78,14th Gen Intel Core i7 14700HX,"20 Cores (8P + 12E), 28 Threads",16 GB DDR5 RAM,1 TB SSD,"15.6 inches, 1920 x 1080 pixels",8 GB NVIDIA GeForce RTX 5060,Windows 11 OS,1 Year Warranty
Asus Vivobook S14 2025 S3407VA-LY080WS Laptop (Intel Core 5 210H/ 16GB/ 512GB SSD/ Win11 Home),"₹64,990",55,Intel Core 5 210H,"Octa Core (4P + 4E), 12 Threads",16 GB DDR5 RAM,512 GB SSD,"14 inches, 1920 x 1200 pixels",Intel Integrated UHD,Windows 11 OS,1 Year Warranty
Lenovo IdeaPad Slim 3 15IRU8 82X700HMIN Laptop (13th Gen Core i3/ 8GB/ 512GB SSD/ Win11 Home),"₹38,800",51,13th Gen Intel Core i3 1315U,"Hexa Core (2P + 4E), 8 Threads",8 GB LPDDR5 RAM,512 GB SSD,"15.6 inches, 1920 x 1080 pixels",Intel UHD Graphics,Windows 11 OS,1 Year Warranty
Asus TUF Gaming A15 FA506NCG-HN200WS Laptop (AMD Ryzen 7 7445HS/ 16GB / 512GB SSD/ Win11 / 4GB Graph),"₹70,890",69,7th Gen AMD Ryzen 7 7445HS,"Octa Core, 16 Threads",16 GB DDR5 RAM,512 GB SSD,"15.6 inches, 1920 x 1080 pixels",4 GB NVIDIA GeForce RTX 3050,Windows 11 OS,1 Year Warranty
Primebook 2 Pro 2025 Laptop (MediaTek Helio G99/ 8GB/ 128GB UFS / PrimeOS 3.0),"₹17,990",21,,,8 GB LPDDR4X RAM,128 GB SSD,"14.1 inches, 1920 x 1080 pixels",,,1 Year Warranty
Primebook 2 Max 2025 Laptop (MediaTek Helio G99/ 8GB/ 256GB UFS / PrimeOS 3.0),"₹19,990",23,,,8 GB LPDDR4X RAM,256 GB SSD,"15.6 inches, 1920 x 1080 pixels",,,1 Year Warranty
Acer Nitro V ANV15-52 NH.QZ9SI.002 Gaming Laptop (13th Gen Core i5/ 16GB/ 512GB SSD/ Win11/ 8GB RTX5050),"₹87,990",64,13th Gen Intel Core i5 13420H,"Octa Core (4P + 4E), 12 Threads",16 GB DDR4 RAM,512 GB SSD,"15.6 inches, 1920 x 1080 pixels",8 GB NVIDIA GeForce RTX 5050,Windows 11 OS,1 Year Warranty
HP OmniBook 5 Flip 14-fp0789TU Laptop (13th Gen Core i5/ 16GB/ 512GB SSD/ Win11),"₹68,999",54,13th Gen Intel Core i5 1334U,"10 Cores (2P + 8E), 12 Threads",16 GB LPDDR5 RAM,512 GB SSD,"14 inches, 1920 x 1200 pixels",Intel Integrated Iris Xe,Windows 11 OS,1 Year Warranty
Lenovo LOQ 15IRX10 83JE00U6IN Gaming Laptop (14th Gen Core i7/ 16GB/ 1TB SSD/ Win11/ 8GB RTX 5050),"₹1,22,490",77,14th Gen Intel Core i7 14700HX,"20 Cores (8P + 12E), 28 Threads",16 GB DDR5 RAM,1 TB SSD,"15.6 inches, 1920 x 1080 pixels",8 GB NVIDIA GeForce RTX 5050,Windows 11 OS,1 Year Warranty
Lenovo V15 Gen 4 83CCA08KIN Laptop (13th Gen Core i3/ 16GB/ 512GB SSD/ Win 11),"₹36,990",55,13th Gen Intel Core i3 1315U,"Hexa Core (2P + 4E), 8 Threads",16 GB DDR4 RAM,512 GB SSD,"15.6 inches, 1920 x 1080 pixels",Integrated Intel UHD Graphics,Windows 11 OS,1 Year Warranty
Lenovo ThinkBook 16 21MWA0R4IN Laptop (AMD Ryzen 7 7735HS/ 16GB/ 512GB SSD/ Win 11),"₹52,990",68,7th Gen AMD Ryzen 7 7735HS,"Octa Core, 16 Threads",16 GB DDR5 RAM,512 GB SSD,"16 inches, 1920 x 1200 pixels",AMD Radeon Graphics,Windows 11 OS,1 Year Warranty
Asus Vivobook Go 14 E1404FA-EB2521WS Laptop (AMD Ryzen 5 7520U/ 8GB/ 512GB SSD/ Win11 Home),"₹35,606",51,7th Gen AMD Ryzen 5 7520U,"Quad Core, 8 Threads",8 GB LPDDR5 RAM,512 GB SSD,"14 inches, 1920 x 1080 pixels",AMD Radeon,Windows 11 OS,1 Year Warranty
Asus Vivobook Go 14 E1404FA-EB666WS Laptop (AMD Ryzen 3 7320U/ 8GB/ 512GB SSD/ Win11 Home),"₹32,495",50,7th Gen AMD Ryzen 3 7320U,"Quad Core, 8 Threads",8 GB LPDDR5 RAM,512 GB SSD,"14 inches, 1920 x 1080 pixels",AMD Radeon,Windows 11 OS,1 Year Warranty
Motorola Motobook 60 Pro 14IAH101 83NY000BIN Laptop (Intel Core Ultra 7/ 32GB/ 1TB SSD/ Win11 Home),"₹84,990",71,Intel Core Ultra 7 255H,"16 Cores (6P + 8E + 2LP-E), 16 Threads",32 GB DDR5 RAM,1 TB SSD,"14 inches, 2880 x 1880 pixels",Intel Integrated Graphics,Windows 11 OS,1 Year Warranty
Motorola Motobook 60 Pro 83NY000AIN Laptop (Intel Core Ultra 5 225H/ 16GB/ 1TB SSD/ Win11 Home),"₹64,990",59,Intel Core Ultra 5 225H,"14 Cores (4P + 8E + 2LP-E), 14 Threads",16 GB DDR5 RAM,1 TB SSD,"14 inches, 2880 x 1880 pixels",Intel Integrated Graphics,Windows 11 OS,1 Year Warranty
HP 14-gr1036TU Laptop (Intel Core Ultra 7 155H/ 16GB/ 512GB SSD/ Win11 Home),"₹72,900",61,Intel Core Ultra 7 155H,"16 Cores (6P + 8E + 2LP-E), 22 Threads",16 GB DDR5 RAM,512 GB SSD,"14 inches, 1920 x 1080 pixels",Intel Integrated Intel Arc,Windows 11 OS,1 Year Warranty
HP Pro Book 440 G10 14 Laptop (13th Gen Core i5/ 24GB/ 512GB SSD/ Win11),"₹71,550",62,13th Gen Intel Core i5 1335U,"10 Cores (2P + 8E), 12 Threads",24 GB DDR4 RAM,512 GB SSD,"14 inches, 1920 x 1080 pixels",Intel Graphics,Windows 11 OS,1 Year Warranty
Lenovo ThinkPad X1 2-in-1 21KES08L00 Laptop (Intel Core Ultra 7 155U/ 32GB/ 1TB SSD/ Win11 Pro),"₹2,30,490",71,Intel Core Ultra 7 155U,"12 Cores (2P + 8E + 2LP-E), 14 Threads",32 GB  RAM,1 TB SSD,"14 inches, 1920 x 1200 pixels, Touch Screen",Intel integrated,Windows 11 OS,1 Year Warranty
MSI Venture A16 AI+ A3HMG-022IN (AMD Ryzen AI 7 350/ 16GB/ 1TB SSD/ Win11 Home),"₹1,11,990",60,AMD Ryzen AI 7 350,"Octa Core, 16 Threads",16 GB DDR5 RAM,1 TB SSD,"16 inches, 2048 x 1280 pixels",AMD Radeon,Windows 11 OS,2 Year Warranty
MSI Summit Pro 16 AI A2HVETG-064IN Gaming Laptop ( Intel Core Ultra 9 285H/ 32GB/ 1TB SSD/ Win11 / 6GB Graphics RTX 4050),"₹1,79,990",82,Intel Core Ultra 9 285H,"16 Cores (6P + 8E + 2LP-E), 16 Threads",32 GB LPDDR5 RAM,1 TB SSD,"16 inches, 2560 x 1600 pixels, Touch Screen",6 GB NVIDIA GeForce RTX 4050,Windows 11 OS,2 Year Warranty
Acer Aspire Lite AL15-52H Laptop (13th Gen Core i7/ 16GB/ 512GB SSD/ Win11),"₹57,990",56,13th Gen Intel Core i7 13620H,"10 Cores (6P + 4E), 16 Threads",16 GB LPDDR5 RAM,512 GB SSD,"15.6 inches, 1920 x 1080 pixels",Intel Integrated UHD,Windows 11 OS,1 Year Warranty
Lenovo IdeaPad 5 14IRH9 83KX004QIN Laptop (13th Gen Core i5/ 16GB/ 512GB SSD/ Win11 Home),"₹68,390",56,13th Gen Intel Core i5 13420H,"Octa Core (4P + 4E), 12 Threads",16 GB LPDDR5X RAM,512 GB SSD,"14 inches, 1920 x 1200 pixels",Intel Integrated UHD Graphics,Windows 11 OS,1 Year Warranty
Lenovo IdeaPad Slim 5 83DC0094IN Laptop (Intel Core Ultra 7 155H/ 16 GB RAM/ 1TB SSD/ Win 11),"₹87,490",55,Intel Core Ultra 7 Series 1 155H,"16 Cores (6P + 8E + 2LP-E), 22 Threads",16 GB LPDDR5X RAM,1 TB SSD,"16 inches, 1920 x 1200 pixels",Intel Arc Graphics,Windows 11 OS,1 Year Warranty
HP Victus 15-fb3120AX Gaming Laptop (AMD Ryzen 7 7445H/ 16GB/ 512GB SSD/ Win11/ RTX 3050),"₹75,400",65,7th Gen AMD Ryzen 7 7445H,"Octa Core, 16 Threads",16 GB DDR5 RAM,512 GB SSD,"15.6 inches, 1920 x 1080 pixels",6 GB NVIDIA GeForce RTX 3050,Windows 11 OS,1 Year Warranty
Asus Vivobook Go 15  E1504FA-BQ2323WS Laptop (AMD Ryzen 3 7320U/ 8GB/ 512GB SSD/ Win11 Home),"₹34,990",50,7th Gen AMD Ryzen 3 7320U,"Quad Core, 8 Threads",8 GB LPDDR5 RAM,512 GB SSD,"15.6 inches, 1920 x 1080 pixels",AMD Radeon AMD,Windows 11 OS,1 Year Warranty
HP 255 G10 Laptop (AMD Ryzen 7 7730U/ 16GB/ 512GB SSD/ Win11),"₹45,950",55,7th Gen AMD Ryzen 7 7730U,"Octa Core, 16 Threads",16 GB DDR4 RAM,512 GB SSD,"15.6 inches, 1920 x 1080 pixels",AMD Radeon Graphics,Windows 11 OS,1 Year Warranty
HP Omen 16-am0277TX  Gaming Laptop (Intel Core 7 240H/ 24GB/ 1TB SSD/ Win11/ 8GB RTX 5050 Graph),"₹1,25,700",69,Intel Core 7 240H,"10 Cores (6P + 4E), 16 Threads",24 GB DDR5 RAM,1 TB SSD,"16 inches, 1920 x 1200 pixels",8 GB NVIDIA GeForce RTX 5050,Windows 11 OS,1 Year Warranty
Asus Vivobook Go 15 E510KAB-BR1125WS Laptop (Intel Celeron N4500/ 8GB/ 512GB SSD/ Win11 Home),"₹24,990",47,Intel Celeron Dual Core N4500,"Dual Core, 2 Threads",8 GB DDR4 RAM,512 GB SSD,"15.6 inches, 1366 x 768 pixels",Intel Integrated UHD,Windows 11 OS,1 Year Warranty
Acer Predator Helios Neo 16 AI PHN16-73 Gaming Laptop (Intel Core Ultra 9 275HX/ 32GB/ 2TB SSD/ Win11/ RTX 5070 8GB Graphics),"₹2,29,999",86,Intel Core Ultra 9 275HX,"24 Cores (8P + 16E), 24 Threads",32 GB LPDDR5X RAM,2 TB SSD,"16 inches, 2560 x 1600 pixels",8 GB NVIDIA GeForce RTX 5070,Windows 11 OS,1 Year Warranty
Asus Vivobook S16 S3607CA-SH077WS Laptop (Intel Core Ultra 7 255H/ 16GB/ 512GB SSD/ Win11 Home),"₹98,907",66,Intel Core Ultra 7 255H,"16 Cores (6P + 8E + 2LP-E), 16 Threads",16 GB DDR5 RAM,512 GB SSD,"16 inches, 1920 x 1200 pixels",Intel Integrated Arc,Windows 11 OS,1 Year Warranty
Asus Vivobook 15 X1504VA-E83959WS Laptop (13th Gen Core i3/ 16GB/ 512GB SSD/ Win11),"₹42,990",54,13th Gen Intel Core i3 1315U,"Hexa Core (2P + 4E), 8 Threads",16 GB  RAM,512 GB SSD,"15.6 inches, 1920 x 1080 pixels",Integrated Intel Graphics,Windows 11 OS,1 Year Warranty
Asus Vivobook 15 X1504VA-NJ3320WS Laptop (13th Gen Core i3/ 8GB/ 512GB SSD/ Win11),"₹35,990",52,13th Gen Intel Core i3 1315U,"Hexa Core (2P + 4E), 8 Threads",8 GB  RAM,512 GB SSD,"15.6 inches, 1920 x 1080 pixels",Integrated Intel Graphics,Windows 11 OS,1 Year Warranty
MSI Thin A15 B7UC-104IN Gaming Laptop (AMD Ryzen 5 7535HS/ 16GB/ 1TB SSD/ Win11/ 4GB Graph),"₹69,990",64,7th Gen AMD Ryzen 5 7535HS,"Hexa Core, 12 Threads",16 GB  RAM,512 GB SSD,"15.6 inches, 1920 x 1080 pixels",4 GB NVIDIA GeForce RTX 3050,Windows 11 OS,2 Year Warranty
Lenovo Ideapad Slim 3 82X6005KIN Laptop (13th Gen Core i3/ 8GB/ 512GB SSD/ Win 11),"₹39,000",47,13th Gen Intel Core i3 1315U,"Hexa Core (2P + 4E), 8 Threads",8 GB LPDDR5 RAM,512 GB SSD,"15.6 inches, 1920 x 1080 pixels",Integrated Intel UHD Graphics,Windows 11 OS,1 Year Warranty
Lenovo IdeaPad Slim 3 15ABR8 82XM0118IN Laptop (AMD Ryzen 5 5625U/ 16GB/ 512GB SSD/ Win11 Home),"₹47,500",55,5th Gen AMD Ryzen 5 5625U,"Hexa Core, 12 Threads",16 GB DDR4 RAM,512 GB SSD,"15.3 inches, 1920 x 1080 pixels",Intel UHD Graphics,Windows 11 OS,1 Year Warranty
HP Omen 16-ae0003TX Gaming Laptop (14th Gen Core i7/ 16GB/ 1TB SSD/ Win11/ 8GB RTX 4070 Graph),"₹1,27,990",80,14th Gen Intel Core i7 14700HX,"20 Cores (8P + 12E), 28 Threads",24 GB DDR5 RAM,1 TB SSD,"16 inches, 1920 x 1200 pixels",8 GB NVIDIA GeForce RTX 4070,Windows 11 OS,1 Year Warranty
Asus TUF Gaming F16 FX677VB-RL097WS Laptop (Intel Core 5 210H/ 32GB/ 1TB SSD/ Win11/ 4GB Graph),"₹79,800",65,Intel Core 5 210H,"Octa Core (4P + 4E), 12 Threads",32 GB DDR4 RAM,1 TB SSD,"16 inches, 1920 x 1200 pixels",4 GB NVIDIA GeForce RTX 3050A,Windows 11 OS,1 Year Warranty
HP Omen 16-ap0183AX Gaming Laptop (AMD Ryzen AI 7 350/ 24GB/ 1TB SSD/ Win11/ 8GB RTX 5060 Graph),"₹1,49,990",69,AMD Ryzen AI 7 350,"Octa Core, 16 Threads",24 GB DDR5 RAM,1 TB SSD,"16 inches, 1920 x 1200 pixels",8 GB NVIDIA GeForce RTX 5060,Windows 11 OS,1 Year Warranty
Asus VivoBook 14 M1407KA-LY112WS Laptop (AMD Ryzen AI 7 350/ 16GB/ 512GB SSD/ Windows 11),"₹76,990",55,AMD Ryzen AI 7 350,"Octa Core, 16 Threads",16 GB DDR5 RAM,512 GB SSD,"14 inches, 1920 x 1200 pixels",AMD Radeon Graphics,Windows 11 OS,1 Year Warranty
Asus Vivobook 16 X1605VA-SH1952WS OLED Laptop (13th Gen Core i5/ 16GB/ 512GB SSD/ Win11 Home),"₹63,990",59,13th Gen Intel Core i5 13420H,"Octa Core (4P + 4E), 12 Threads",16 GB DDR4 RAM,512 GB SSD,"16 inches, 1920 x 1200 pixels",Integrated Intel Iris Xe Graphics,Windows 11 OS,1 Year Warranty
Acer Nitro Lite NL16-71G 2025 Gaming Laptop (13th Gen Core i7/16GB/ 512GB SSD/ Win11/ 6GB RTX4050),"₹87,999",64,13th Gen Intel Core i7 13620H,"10 Cores (6P + 4E), 16 Threads",16 GB DDR5 RAM,512 GB SSD,"16 inches, 1920 x 1200 pixels",6 GB NVIDIA GeForce RTX 4050,Windows 11 OS,1 Year Warranty
Asus VivoBook S14 M3407KA-SF044WS Laptop (AMD Ryzen AI 5 330/ 16GB/ 512GB SSD/ Windows 11),"₹70,990",48,AMD Ryzen AI 5 330,,16 GB DDR5 RAM,512 GB SSD,"14 inches, 1920 x 1200 pixels",AMD Radeon Graphics,Windows 11 OS,1 Year Warranty
Lenovo ThinkBook 14 21SGS00100 Laptop (Intel Core 5 210H/ 16GB/ 512GB SSD/ DOS),"₹62,490",48,Intel Core 5 210H,"Octa Core (4P + 4E), 12 Threads",16 GB DDR5 RAM,512 GB SSD,"14 inches, 1920 x 1200 pixels",Intel Graphics,DOS OS,1 Year Warranty
MSI Thin A15 B7UC-103IN Gaming Laptop (AMD Ryzen 7 7735HS/ 16GB/ 1TB SSD/ Win11/ 4GB Graph),"₹67,990",64,7th Gen AMD Ryzen 7 7735HS,"Octa Core, 16 Threads",16 GB  RAM,512 GB SSD,"15.6 inches, 1920 x 1080 pixels",4 GB NVIDIA GeForce RTX 3050,Windows 11 OS,2 Year Warranty
Dell 14 Plus 2-in-1 Touch Laptop (Intel Core Ultra 5 226V/ 16GB/ 512GB SSD/Windows 11 Home),"₹85,990",68,Intel Core Ultra 5 226V,"Octa Core (4P + 4LP-E), 8 Threads",16 GB LPDDR5X RAM,512 GB SSD,"14 inches, 1920 x 1200 pixels, Touch Screen",Intel Arc Graphics,Windows 11 OS,1 Year Warranty
Asus Chromebook CX1500CKA-NJ0411 Laptop (Celeron N4500/ 8GB/ 64GB eMMC/ Chrome OS),"₹15,999",32,Intel Celeron Dual Core N4500,"Dual Core, 2 Threads",8 GB LPDDR4X RAM,64 GB eMMC Storage,"15.6 inches, 1920 x 1080 pixels",Intel Integrated UHD,Chrome OS,1 Year Warranty
Asus Vivobook 15 M1502YA-BQ989WS Laptop (AMD Ryzen 7 7730U/ 16GB/ 512GB SSD/ Win11),"₹48,990",55,7th Gen AMD Ryzen 7 7730U,"Octa Core, 16 Threads",16 GB  RAM,512 GB SSD,"15.6 inches, 1920 x 1080 pixels",Intergrated AMD Radeon Graphics,Windows 11 OS,1 Year Warranty
Lenovo Ideapad Slim 5 83HR000WIN Laptop (13th Gen Core i5/ 16GB RAM/ 1TB SSD/ Win 11),"₹72,500",55,13th Gen Intel Core i5 13420H,"Octa Core (4P + 4E), 12 Threads",16 GB DDR5 RAM,1 TB SSD,"14 inches, 1920 x 1200 pixels",Intel Integrated UHD,Windows 11 OS,1 Year Warranty
Lenovo ThinkBook 14 21DHA10KIN Laptop (12th Gen Core i3/ 8GB/ 512GB SSD/ DOS),"₹37,880",46,12th Gen Intel Core i3 1215U,"Hexa Core (2P + 4E), 8 Threads",8 GB  RAM,512 GB SSD,"14 inches, 1920 x 1080 pixels",Intel Graphics,DOS OS,1 Year Warranty
HP Omen 16-an0012TX Gaming Laptop (Intel Core Ultra 9 285H/ 32GB/ 1TB SSD/ Win11/ 8GB RTX 5070 Graph),"₹1,88,900",84,Intel Core Ultra 9 285H,"16 Cores (6P + 8E + 2LP-E), 16 Threads",32 GB DDR5 RAM,1 TB SSD,"16 inches, 1920 x 1200 pixels",8 GB NVIDIA GeForce RTX 5070,Windows 11 OS,1 Year Warranty
HP Omen 16-an0015TX Gaming Laptop (Intel Core Ultra 7 255H/ 24GB/ 1TB SSD/ Win11/ 8GB RTX 5060 Graph),"₹1,68,617",80,Intel Core Ultra 7 255H,"16 Cores (6P + 8E + 2LP-E), 16 Threads",24 GB DDR5 RAM,1 TB SSD,"16 inches, 1920 x 1200 pixels",8 GB NVIDIA GeForce RTX 5060,Windows 11 OS,1 Year Warranty
Lenovo Ideapad Slim 3 82X700FXIN Laptop (13th Gen Core i3/ 8GB/ 512GB SSD/ Win 11),"₹39,250",42,13th Gen Intel Core i3 1305U,"5 Cores (1P + 4E), 6 Threads",8 GB LPDDR5 RAM,512 GB SSD,"15.6 inches, 1920 x 1080 pixels",Integrated Intel UHD Graphics,Windows 11 OS,1 Year Warranty
HP OmniBook X Flip 14-fm0099TU Next Gen AI Laptop (Intel Core Ultra 5 226V/ 16GB RAM/ 1TB SSD/ WIn 11),"₹1,04,990",72,Intel Core Ultra 5 226V,"Octa Core (4P + 4LP-E), 8 Threads",16 GB LPDDR5x RAM,1 TB SSD,"14 inches, 2880 x 1800 pixels, Touch Screen",Intel Arc 130V GPU (8GB),Windows 11 OS,1 Year Warranty
Asus Vivobook 15 2025 X1504VA-BQ343WS Laptop (13th Gen Core i3/ 16GB/ 512GB SSD/ Win11),"₹39,990",55,13th Gen Intel Core i3 1315U,"Hexa Core (2P + 4E), 8 Threads",16 GB DDR4 RAM,512 GB SSD,"15.6 inches, 1920 x 1080 pixels",Intel Integrated UHD,Windows 11 OS,1 Year Warranty
Asus Vivobook 14 2025 X1407CA-LY1581WS Laptop (Intel Core Ultra 5 225H/ 16GB/ 1TB SSD/ Win11),"₹71,990",59,Intel Core Ultra 5 225H,"14 Cores (4P + 8E + 2LP-E), 14 Threads",16 GB DDR5 RAM,1 TB SSD,"14 inches, 1920 x 1200 pixels",Intel Integrated Intel,Windows 11 OS,1 Year Warranty
HP Omen 16-am0239TX Gaming Laptop (14th Gen Core i7/ 24GB/ 1TB SSD/ Win11/ 8GB RTX 5060 Graph),"₹1,49,990",78,14th Gen Intel Core i7 14650HX,"16 Cores (8P + 8E), 24 Threads",24 GB DDR5 RAM,1 TB SSD,"16 inches, 1920 x 1200 pixels",8 GB NVIDIA GeForce RTX 5060,Windows 11 OS,1 Year Warranty
Infinix XBOOK B15 Series BL51A5 71028300082 Laptop (AMD Ryzen 7 5825U/ 8GB/ 512GB SSD/ Win 11 Home),"₹32,990",62,5th Gen AMD Ryzen 7 5825U,"Octa Core, 16 Threads",8 GB DDR4 RAM,512 GB SSD,"15.6 inches, 1920 x 1080 pixels",AMD Radeon AMD,Windows 11 OS,1 Year Warranty
Gigabyte G6 MF-H2IN894KH Laptop (13th Gen Core i7/ 16GB/ 1TB SSD/ Win11 Home/ 6GB Graph),"₹91,400",64,13th Gen Intel Core i7 13620H,"10 Cores (6P + 4E), 16 Threads",16 GB DDR5 RAM,1 TB SSD,"16 inches, 1920 x 1200 pixels",6 GB NVIDIA GeForce RTX 4050,Windows 11 OS,2 Year Warranty
HP Omen 16-am0279TX Gaming Laptop (14th Gen Core i9/ 24GB/ 1TB SSD/ Win11/ 8GB RTX 5060 Graph),"₹1,64,990",80,14th Gen Intel Core i9 14900HX,"24 Cores (8P + 16E), 32 Threads",24 GB DDR5 RAM,1 TB SSD,"16 inches, 1920 x 1200 pixels",8 GB NVIDIA GeForce RTX 5060,Windows 11 OS,1 Year Warranty
HP 15-fd0533TU Laptop (13th Gen Core i3/ 8GB/ 512GB SSD/ Win11 Home),"₹41,700",55,13th Gen Intel Core i3 1315U,"Hexa Core (2P + 4E), 8 Threads",8 GB DDR4 RAM,512 GB SSD,"15.6 inches, 1920 x 1080 pixels",Intel Integrated UHD,Windows 11 OS,1 Year Warranty
Acer Aspire 3 2025 A325-53 Laptop (13th Gen Core i5/ 16GB/ 512GB SSD/ Win11),"₹43,790",55,13th Gen Intel Core i5 1334U,"10 Cores (2P + 8E), 12 Threads",16 GB DDR4 RAM,512 GB SSD,"15.6 inches, 1920 x 1080 pixels",Intel UHD Graphics,Windows 11 OS,1 Year Warranty
MSI Modern 14 C13M-115IN Laptop (13th Gen Core i3/ 8GB/ 512GB SSD/ Win11 Home),"₹30,480",54,13th Gen Intel Core i3 1315U,"Hexa Core (2P + 4E), 8 Threads",8 GB DDR4 RAM,512 GB SSD,"14 inches, 1920 x 1080 pixels",Intel Integrated,Windows 11 OS,1 Year Warranty
MSI Modern 14 C13M-116IN Laptop (13th Gen Core i5/ 16GB/ 512GB SSD/ Win11 Home),"₹44,990",56,13th Gen Intel Core i5 1334U,"10 Cores (2P + 8E), 12 Threads",16 GB DDR4 RAM,512 GB SSD,"14 inches, 1920 x 1080 pixels",Intel Integrated,Windows 11 OS,1 Year Warranty
Asus VivoBook 14 M1407KA-LY132WS Laptop (AMD Ryzen AI 5 330/ 16GB/ 512GB SSD/ Windows 11),"₹61,990",47,AMD Ryzen AI 5 330,,16 GB DDR5 RAM,512 GB SSD,"14 inches, 1920 x 1200 pixels",AMD Radeon Graphics,Windows 11 OS,1 Year Warranty
Asus VivoBook S14 M3407KA-SF049WS Laptop (AMD Ryzen AI 7 350/ 16GB/ 1TB SSD/ Windows 11),"₹87,990",56,AMD Ryzen AI 7 350,"Octa Core, 16 Threads",16 GB DDR5 RAM,512 GB SSD,"14 inches, 1920 x 1200 pixels",AMD Radeon Graphics,Windows 11 OS,1 Year Warranty
Asus VivoBook S14 M3407KA-SF047WS Laptop (AMD Ryzen AI 7 350/ 16GB/ 512GB SSD/ Windows 11),"₹82,990",55,AMD Ryzen AI 7 350,"Octa Core, 16 Threads",16 GB DDR5 RAM,512 GB SSD,"14 inches, 1920 x 1200 pixels",AMD Radeon Graphics,Windows 11 OS,1 Year Warranty
HP Omen 16-ap0181AX Gaming Laptop (AMD Ryzen 9 8940HX/ 24GB/ 1TB SSD/ Win11/ 8GB RTX 5060 Graph),"₹1,57,990",81,8th Gen AMD Ryzen 9 8940HX,"16 Cores, 32 Threads",24 GB DDR5 RAM,1 TB SSD,"16 inches, 1920 x 1200 pixels",8 GB NVIDIA GeForce RTX 5060,Windows 11 OS,1 Year Warranty
Asus Expertbook P1 P1503CVA-S71076WS Laptop (13th Gen Core i7/ 32GB/ 512GB/ Win11),"₹72,990",61,13th Gen Intel Core i7 13620H,"10 Cores (6P + 4E), 16 Threads",32 GB DDR5 RAM,512 GB SSD,"15.6 inches, 1920 x 1080 pixels",Intel Integrated UHD,Windows 11 OS,1 Year Warranty
HP 15-fc0500AU Laptop (AMD Ryzen 3 7320U/ 8GB/ 512GB SSD/ Win11 Home),"₹32,490",50,7th Gen AMD Ryzen 3 7320U,"Quad Core, 8 Threads",8 GB LPDDR5 RAM,512 GB SSD,"15.6 inches, 1920 x 1080 pixels",AMD Radeon AMD,Windows 11 OS,1 Year Warranty
Ultimus U3 NU14U8INV56LS Laptop (AMD Ryzen 5 5500U/ 8GB/ 512GB SSD/Win11 Home),"₹23,990",45,5th Gen AMD Ryzen 5 5500U,"Hexa Core, 12 Threads",8 GB DDR4 RAM,256 GB SSD,"14.1 inches, 1920 x 1080 pixels",AMD Integrated,Windows 11 OS,1 Year Warranty
Acer Swift Neo AS14H-53 UN.36CSI.004 Laptop (13th Gen Core i5/ 16GB/ 512GB SSD/Win 11),"₹49,990",50,13th Gen Intel Core i5 13500H,"12 Cores (4P + 8E), 16 Threads",16 GB LPDDR5 RAM,512 GB SSD,"14 inches, 1920 x 1200 pixels",Intel UHD Graphics,Windows 11 OS,1 Year Warranty
HP OmniBook X Flip 14-fm0100TU Next Gen AI Laptop (Intel Core Ultra 7 256V/ 16GB RAM/ 1TB SSD/ WIn 11),"₹1,16,499",74,Intel Core Ultra 7 256V,"Octa Core (4P + 4LP-E), 8 Threads",16 GB LPDDR5x RAM,1 TB SSD,"14 inches, 2880 x 1800 pixels, Touch Screen",Intel Arc 140V GPU (8GB),Windows 11 OS,1 Year Warranty
Gigabyte G6 KF-H3IN894KH Laptop (13th Gen Core i7/ 16GB/ 1TB SSD/ Win11 Home/ 8GB Graph),"₹97,420",65,13th Gen Intel Core i7 13620H,"10 Cores (6P + 4E), 16 Threads",16 GB DDR5 RAM,1 TB SSD,"16 inches, 1920 x 1200 pixels",8 GB NVIDIA GeForce RTX 4060,Windows 11 OS,2 Year Warranty
Asus Vivobook S16 S3607CA-SH071WS Laptop (Intel Core Ultra 5 225H/ 16GB/ 512GB SSD/ Win11 Home),"₹80,600",64,Intel Core Ultra 5 225H,"14 Cores (4P + 8E + 2LP-E), 14 Threads",16 GB DDR5 RAM,512 GB SSD,"16 inches, 1920 x 1200 pixels",Intel Integrated Arc,Windows 11 OS,1 Year Warranty
Samsung Galaxy Book 5 np750xhd-kd3in Laptop (Intel Core Ultra 7 255U/ 16GB/ 1TB SSD/ Win11),"₹1,03,990",65,Intel Core Ultra 7 Series 2 255U,12 Cores (2P + 8E + 2LP-E),16 GB LPDDR5X RAM,1 TB SSD,"15.6 inches, 1920 x 1080 pixels",Intel Graphics,Windows 11 OS,1 Year Warranty
Samsung Galaxy Book 5 NP750XHD-KD2IN Laptop (Intel Core Ultra 7 255U/ 16GB/ 512GB SSD/ Win11),"₹87,990",63,Intel Core Ultra 7 Series 2 255U,12 Cores (2P + 8E + 2LP-E),16 GB LPDDR5X RAM,512 GB SSD,"15.6 inches, 1920 x 1080 pixels",Intel Graphics,Windows 11 OS,1 Year Warranty
MSI Summit A16 AI Plus A3HMTG-095IN 2 in 1 Laptop Laptop (AMD Ryzen AI 9 365/ 32GB/ 1TB SSD/ Win11),"₹1,44,990",71,AMD Ryzen AI 9 365,"10 Cores (4P + 6E), 20 Threads",32 GB LPDDR5X RAM,1 TB SSD,"16 inches, 2560 x 1600 pixels, Touch Screen",AMD Radeon 880M Graphics,Windows 11 OS,2 Year Warranty
Dell 14 Plus ODB1425550701RINU1 AI Laptop (AMD Ryzen AI 5 340/ 16 GB/ 512GB SSD/Windows 11 Home),"₹68,490",43,AMD Ryzen AI 5 340,,16 GB LPDDR5X RAM,512 GB SSD,"14 inches, 1920 x 1200 pixels, Touch Screen",AMD Radeon,Windows 11 OS,1 Year Warranty
Dell 14 Plus ODB1425550901RINU11 AI Laptop (AMD Ryzen AI 7 350/ 16 GB/ 1TB SSD/Windows 11 Home),"₹84,490",51,AMD Ryzen AI 7 350,"Octa Core, 16 Threads",16 GB LPDDR5X RAM,1 TB SSD,"14 inches, 1920 x 1200 pixels, Touch Screen",AMD Radeon 860M,Windows 11 OS,1 Year Warranty
Lenovo ThinkBook 16 21KKA0HGIN Laptop (AMD Ryzen 5 7430U/ 8GB/ 512GB SSD/ Win 11),"₹40,000",53,7th Gen AMD Ryzen 5 7430U,"Hexa Core, 12 Threads",8 GB  RAM,512 GB SSD,"16 inches, 1920 x 1200 pixels",AMD Radeon Graphics,Windows 11 OS,1 Year Warranty
Infinix XBOOK B15 Series BL51A5 Laptop (AMD Ryzen 7 5825U/ 16GB/ 512GB SSD/ Win 11 Home),"₹69,990",64,5th Gen AMD Ryzen 7 5825U,"Octa Core, 16 Threads",16 GB DDR4 RAM,512 GB SSD,"15.6 inches, 1920 x 1080 pixels",AMD Radeon AMD,Windows 11 OS,1 Year Warranty
Infinix XBOOK B15 Series BL51A5 Laptop (AMD Ryzen 5 5500U/ 16GB/ 512GB SSD/ Win 11 Home),"₹32,990",62,5th Gen AMD Ryzen 5 5500U,"Hexa Core, 12 Threads",16 GB DDR4 RAM,512 GB SSD,"15.6 inches, 1920 x 1080 pixels",AMD Radeon AMD,Windows 11 OS,1 Year Warranty
Infinix XBOOK B15 BL51A5 Laptop (AMD Ryzen 5 5500U/ 8GB/ 512GB SSD/ Win 11 Home),"₹30,990",61,5th Gen AMD Ryzen 5 5500U,"Hexa Core, 12 Threads",8 GB DDR4 RAM,512 GB SSD,"15.6 inches, 1920 x 1080 pixels",AMD Radeon AMD,Windows 11 OS,1 Year Warranty
MSI Thin 15 B13UC-3231IN Gaming Laptop (13th Gen Core i5/ 16GB/ 512GB SSD/ Win11 Home/ 4GB Graph),"₹60,990",61,13th Gen Intel Core i5 13420H,"Octa Core (4P + 4E), 12 Threads",16 GB DDR4 RAM,512 GB SSD,"15.6 inches, 1920 x 1080 pixels",4 GB NVIDIA GeForce RTX 3050,Windows 11 OS,2 Year Warranty
Asus TUF Gaming A15 FA506NCG-HN199W Laptop (AMD Ryzen 7 7445HS/ 16GB / 512GB SSD/ Win11 Home / 4GB Graph),"₹68,990",69,7th Gen AMD Ryzen 7 7445HS,"Octa Core, 16 Threads",16 GB DDR5 RAM,512 GB SSD,"15.6 inches, 1920 x 1080 pixels",4 GB NVIDIA GeForce RTX 3050,Windows 11 OS,1 Year Warranty
MSI Katana 15 HX B14WEK-642IN Gaming Laptop (14th Gen Core i5/ 16GB/ 512GB SSD/ Win11 Home/ 8GB RTX 5050 Graph),"₹1,14,990",73,14th Gen Intel Core i5 14450HX,"10 Cores (6P + 4E), 16 Threads",16 GB DDR5 RAM,512 GB SSD,"15.6 inches, 1920 x 1080 pixels",8 GB NVIDIA GeForce RTX 5050,Windows 11 OS,2 Year Warranty
MSI Katana 15 HX B14WFK-641IN Gaming Laptop (14th Gen Core i5/ 16GB/ 1TB SSD/ Win11 Home/ 8GB RTX 5060 Graph),"₹1,34,990",75,14th Gen Intel Core i5 14450HX,"10 Cores (6P + 4E), 16 Threads",16 GB DDR5 RAM,1 TB SSD,"15.6 inches, 1920 x 1080 pixels",8 GB NVIDIA GeForce RTX 5060,Windows 11 OS,2 Year Warranty
Lenovo ThinkBook 14 21SGA02WIG Laptop (Intel Core 5 210H/ 16GB/ 512GB SSD/ Win11 Home),"₹61,990",54,Intel Core 5 210H,"Octa Core (4P + 4E), 12 Threads",16 GB DDR5 RAM,512 GB SSD,"14 inches, 1920 x 1200 pixels",Intel Graphics,Windows 11 OS,1 Year Warranty
Asus Vivobook 15 M1502YA-BQ712WS Laptop (AMD Ryzen 7 5825U/ 16GB/ 1TB SSD/ Win11),"₹49,990",55,5th Gen AMD Ryzen 7 5825U,"Octa Core, 16 Threads",16 GB  RAM,1 TB SSD,"15.6 inches, 1920 x 1080 pixels",Intergrated AMD Radeon Graphics,Windows 11 OS,1 Year Warranty
Lenovo ThinkBook 16 G6 21KKA0J2IN Laptop (AMD Ryzen 3 7330U/ 8GB/ 512GB SSD/ DOS),"₹34,990",61,7th Gen AMD Ryzen 3 7330U,"Quad Core, 8 Threads",8 GB DDR4 RAM,512 GB SSD,"16 inches, 1920 x 1200 pixels",AMD Radeon Graphics,Windows 11 OS,1 Year Warranty
Asus Vivobook 15 X1504VA-NJ546WS Laptop (13th Gen Core i5/ 16GB/ 512GB SSD/ Win11),"₹48,990",53,13th Gen Intel Core i5 1335U,"10 Cores (2P + 8E), 12 Threads",16 GB  RAM,512 GB SSD,"15.6 inches, 1920 x 1080 pixels",Integrated Intel Iris Xe Graphics,Windows 11 OS,1 Year Warranty
MSI Thin A15 B7UC-611IN  Gaming Laptop (AMD Ryzen 5 7535HS/ 16GB/ 1TB SSD/ Win11/ 4GB Graph),"₹61,990",63,7th Gen AMD Ryzen 5 7535HS,"Hexa Core, 12 Threads",16 GB  RAM,512 GB SSD,"15.6 inches, 1920 x 1080 pixels",4 GB NVIDIA GeForce RTX 3050,Windows 11 OS,2 Year Warranty
Lenovo IdeaPad Flex 5 14ABR8 82XX00G3IN Laptop (AMD Ryzen 7 5825U/ 16GB/ 512GB SSD/ Win11 Home),"₹62,490",57,5th Gen AMD Ryzen 7 5825U,"Octa Core, 16 Threads",16 GB LPDDR4X RAM,512 GB SSD,"14 inches, 1920 x 1200 pixels",AMD Radeon AMD,Windows 11 OS,1 Year Warranty
MSI Thin A15 B7UC-610IN Gaming Laptop (AMD Ryzen 7 7735HS/ 16GB/ 1TB SSD/ Win11/ 4GB Graph),"₹67,990",64,7th Gen AMD Ryzen 7 7735HS,"Octa Core, 16 Threads",16 GB  RAM,512 GB SSD,"15.6 inches, 1920 x 1080 pixels",4 GB NVIDIA GeForce RTX 3050,Windows 11 OS,2 Year Warranty
Acer Swift Neo AI SFN14-54H OLED Laptop (Intel Core Ultra 7 155U/ 16GB/ 1TB SSD/Win 11),"₹73,990",57,Intel Core Ultra 7 155U,"12 Cores (2P + 8E + 2LP-E), 14 Threads",16 GB LPDDR5 RAM,1 TB SSD,"14 inches, 1920 x 1200 pixels",Intel Integrated Arc,Windows 11 OS,1 Year Warranty
Acer Swift Neo AI SFN14-54H Laptop (Intel Core Ultra 7 155U/ 16GB/ 512GB SSD/Win 11),"₹66,990",56,Intel Core Ultra 7 155U,"12 Cores (2P + 8E + 2LP-E), 14 Threads",16 GB LPDDR5 RAM,512 GB SSD,"14 inches, 1920 x 1200 pixels",Intel Integrated Arc,Windows 11 OS,1 Year Warranty
Asus Chromebook CX1505CKA-S70182 Laptop (Intel Celeron N4500/ 8GB/ 128GB EMMC/ Chrome OS),"₹23,799",35,Intel Celeron N4500,"Dual Core, 2 Threads",8 GB LPDDR4X RAM,128 GB eMMC Storage,"15.6 inches, 1920 x 1080 pixels",Intel Integrated UHD,Chrome OS,1 Year Warranty
Asus Chromebook CX1505CKA-S70179 Laptop (Intel Celeron N4500/ 4GB/ 64GB EMMC/ Chrome OS),"₹15,999",32,Intel Celeron N4500,"Dual Core, 2 Threads",4 GB LPDDR4X RAM,64 GB eMMC Storage,"15.6 inches, 1920 x 1080 pixels",Intel Integrated UHD,Chrome OS,1 Year Warranty
Lenovo Yoga Slim 7 14IMH9 83CV00D3IN Laptop (Intel Core Ultra 7 155H/ 32GB/ 1TB SSD/ Win11 Home),"₹99,990",61,Intel Core Ultra 9 Series 1 185H,"16 Cores (6P + 8E + 2LP-E), 22 Threads",16 GB LPDDR5x RAM,1 TB SSD,"14 inches, 1920 x 1200 pixels",Integrated Intel Arc Graphics,Windows 11 OS,1 Year Warranty
Lenovo IdeaPad Slim 5 ‎16IRH10R 83J10067IN Laptop (Intel Core 5 210H/ 16GB RAM/ 512GB SSD/ Win 11),"₹64,990",53,Intel 210H,"Octa Core (4P + 4E), 12 Threads",16 GB LPDDR5x RAM,512 GB SSD,"15.6 inches, 1920 x 1200 pixels",Intel Integrated,Windows 11 OS,1 Year Warranty
Dell Inspiron 14 5440 INDINS5440N0-1 Laptop (Intel Core i3-1305U/ 16GB/ 512GB SSD/ Win11),"₹36,990",42,13th Gen Intel Core i3 1305U,"5 Cores (1P + 4E), 6 Threads",16 GB  RAM,512 GB SSD,"14 inches, 1920 x 1200 pixels",Intel Graphics,Windows 11 OS,1 Year Warranty
Lenovo V15 83CC000EIN Laptop (13th Gen Core i5/ 8GB/ 512GB SSD/ Win11),"₹46,017",55,13th Gen Intel Core i5 13420H,"Octa Core (4P + 4E), 12 Threads",8 GB DDR4 RAM,512 GB SSD,"15.6 inches, 1920 x 1080 pixels",Integrated Intel Iris Graphics,Windows 11 OS,1 Year Warranty
HP Victus 15-fb3118AX Gaming Laptop (AMD Ryzen 7 7445H/ 16GB/ 512GB SSD/ Win11/ 6GB RTX 4050),"₹82,990",64,7th Gen AMD Ryzen 7 7445H,"Octa Core, 16 Threads",16 GB DDR5 RAM,512 GB SSD,"15.6 inches, 1920 x 1080 pixels",6 GB NVIDIA GeForce RTX 4050,Windows 11 OS,1 Year Warranty
Asus Vivobook S16 2025 S3607QA-SH074WS Laptop (Qualcomm Snapdragon X1 26 100/ 16GB/ 512GB SSD/ Win11 Home),"₹72,990",44,Qualcomm Snapdragon X X1 26 100,,16 GB LPDDR5X RAM,512 GB SSD,"16 inches, 1920 x 1200 pixels",Qualcomm Adreno Adreno,Windows 11 OS,1 Year Warranty
Lenovo Thinkpad P16v 21KX002GUS Laptop (Intel Core Ultra 9 185H/ 32GB/ 1TB SSD/ Win11),"₹2,99,999",73,Intel Core Ultra 9 Series 1 185H,"16 Cores (6P + 8E + 2LP-E), 22 Threads",32 GB  RAM,1 TB SSD,"16 inches, 1920 x 1200 pixels",NVIDIA RTX 3000 Ada Generation,Windows 11 OS,1 Year Warranty
Asus Chromebook CX1405CKA-S60342 Laptop (Intel Celeron N4500/ 4GB/ 64GB EMMC/ Chrome OS),"₹14,999",32,Intel Celeron N4500,"Dual Core, 2 Threads",4 GB  RAM,64 GB eMMC Storage,"14 inches, 1920 x 1080 pixels",Intel Integrated UHD,Chrome OS,1 Year Warranty
MSI Thin 15 B13UDX-3223I Gaming Laptop (13th Gen Core i5/ 16GB/ 512GB SSD/ Win11 Home/ 6GB RTX 3050 Graph),"₹66,990",63,13th Gen Intel Core i5 13420H,"Octa Core (4P + 4E), 12 Threads",16 GB DDR4 RAM,512 GB SSD,"15.6 inches, 1920 x 1080 pixels",6 GB NVIDIA GeForce RTX 3050,Windows 11 OS,2 Year Warranty
Lenovo V15 83CC0059IN Laptop (13th Gen Core i5/ 8GB/ 512GB SSD/ DOS),"₹44,490",51,13th Gen Intel Core i5 13420H,"Octa Core (4P + 4E), 12 Threads",8 GB DDR4 RAM,512 GB SSD,"15.6 inches, 1920 x 1080 pixels",Integrated Intel Iris Graphics,DOS OS,1 Year Warranty
HP 15-fr0028TU Laptop (13th Gen Core i5/ 16GB/ 512GB SSD/ Win11 Home),"₹57,990",53,13th Gen Intel Core i5 13420H,"Octa Core (4P + 4E), 12 Threads",16 GB DDR4 RAM,512 GB SSD,"15.6 inches, 1920 x 1080 pixels",Intel Integrated Integrated,Windows 11 OS,1 Year Warranty
HP Victus 15-fb3123AX  Gaming Laptop (AMD Ryzen 7 7445H/ 16GB/ 512GB SSD/ Win11/ 4GB RTX 2050),"₹60,990",64,7th Gen AMD Ryzen 7 7445H,"Octa Core, 16 Threads",16 GB DDR5 RAM,512 GB SSD,"15.6 inches, 1920 x 1080 pixels",4 GB NVIDIA GeForce RTX 2050,Windows 11 OS,1 Year Warranty
Asus TUF Gaming A16 FA607NUG-RL189WS Gaming Laptop (AMD Ryzen 7 7445HS/ 16GB / 1TB SSD/ Win11 / 6GB Graph),"₹89,990",64,AMD Ryzen 7 7445HS,,16 GB DDR5 RAM,1 TB SSD,"16 inches, 1920 x 1200 pixels",6 GB NVIDIA GeForce RTX 4050,Windows 11 OS,1 Year Warranty
HP Victus 15-fb3125AX Gaming Laptop (AMD Ryzen 7 7445H/ 16GB/ 512GB SSD/ Win11/ RTX 3050),"₹67,990",56,7th Gen AMD Ryzen 7 7445H,"Hexa Core, 12 Threads",16 GB DDR5 RAM,512 GB SSD,"15.6 inches, 1920 x 1080 pixels",NVIDIA GeForce RTX 4050,Windows 11 OS,1 Year Warranty
Acer 14 Travel Lite TL14-52M Laptop (13th Gen Core i3/ 16GB/ 512GB SSD/ Win11),"₹39,990",56,13th Gen Intel Core i3 1305U,"5 Cores (1P + 4E), 6 Threads",16 GB DDR4 RAM,512 GB SSD,"14 inches, 1920 x 1080 pixels",‎Intel Graphics,Windows 11 OS,1 Year Warranty
Acer Travel Lite 14 TL14-52M Laptop (13th Gen Core i7/ 16GB/ 512GB SSD/ Win11),"₹74,990",61,13th Gen Intel Core i7 1355U,"10 Cores (2P + 8E), 12 Threads",16 GB DDR4 RAM,512 GB SSD,"14 inches, 1920 x 1080 pixels",‎Intel Iris Xe Graphics,Windows 11 OS,1 Year Warranty
HP Victus 15-fb3122AX Gaming Laptop (AMD Ryzen 7 7445H/ 16GB/ 512GB SSD/ Win11/ RTX 2050),"₹58,999",61,7th Gen AMD Ryzen 7 7445H,"Octa Core, 16 Threads",16 GB DDR5 RAM,512 GB SSD,"15.6 inches, 1920 x 1080 pixels",4 GB NVIDIA GeForce RTX 2050,Windows 11 OS,1 Year Warranty
MSI Thin 15 B13UC-125IN Gaming Laptop (13th Gen Core i5/ 16GB/ 512GB SSD/ Win11 Home/ 4GB Graph),"₹65,990",60,13th Gen Intel Core i5 13420H,"Octa Core (4P + 4E), 12 Threads",16 GB DDR4 RAM,512 GB SSD,"15.6 inches, 1920 x 1080 pixels",4 GB NVIDIA GeForce RTX 3050,Windows 11 OS,2 Year Warranty
MSI Thin 15 B13UC-124IN Gaming Laptop (13th Gen Core i7/ 16GB/ 512GB SSD/ Win11 Home/ 4GB Graph),"₹67,990",63,13th Gen Intel Core i7 13620H,"10 Cores (6P + 4E), 16 Threads",16 GB DDR4 RAM,512 GB SSD,"15.6 inches, 1920 x 1080 pixels",4 GB NVIDIA GeForce RTX 3050,Windows 11 OS,2 Year Warranty
HP 15-fd0549TU Laptop (13th Gen Core i5/ 8GB/ 1TB SSD/ Win11 Home),"₹54,999",53,13th Gen Intel Core i5 1334U,"10 Cores (2P + 8E), 12 Threads",8 GB DDR4 RAM,1 TB SSD,"15.6 inches, 1920 x 1080 pixels",Intel Integrated,Windows 11 OS,1 Year Warranty
MSI Crosshair 17 HX AI D2XWGKG-031IN Gaming Laptop (Intel Core Ultra 9 275HX/ 32GB/ 1TB SSD/ Win11 Home/ 8GB Graphics RTX 5070),"₹2,09,990",87,Intel Core Ultra 9 275HX,"24 Cores (8P + 16E), 24 Threads",32 GB DDR5 RAM,1 TB SSD,"17 inches, 2560 x 1600 pixels",8 GB NVIDIA GeForce RTX 5070,Windows 11 OS,2 Year Warranty
Acer Swift Lite (2025) OLED SFL14-54M NX.DB8SI.001 Laptop (Intel Core Ultra 5 115U/ 16GB/ 512GB SSD/Win 11),"₹56,800",52,Intel Core Ultra 5 115U,"Octa Core (2P + 4E + 2LP-E), 10 Threads",16 GB LPDDR5 RAM,512 GB SSD,"14 inches, 1920 x 1200 pixels",Intel Integrated Intel,Windows 11 OS,1 Year Warranty
HP 15-fc0552AU Laptop (AMD Ryzen 3 7320U/ 8GB/ 512GB SSD/ Win11 Home),"₹32,999",51,7th Gen AMD Ryzen 3 7320U,"Quad Core, 8 Threads",8 GB LPDDR5 RAM,512 GB SSD,"15.6 inches, 1920 x 1080 pixels",AMD Radeon AMD,Windows 11 OS,1 Year Warranty
HP 15-fd1279TU Laptop (Intel Core Ultra 5 125H/ 32GB/ 1TB SSD/ Win11 Home),"₹77,490",62,Intel Core Ultra 5 Series 1 125H,"14 Cores (4P + 8E + 2LP-E), 18 Threads",32 GB DDR5 RAM,1 TB SSD,"15.6 inches, 1920 x 1080 pixels",Intel Integrated,Windows 11 OS,1 Year Warranty
Dell Inspiron 14 5440 Laptop (Intel Core i3-1305U/ 8GB/ 512GB SSD/ Win11),"₹32,570",39,13th Gen Intel Core i3 1305U,"5 Cores (1P + 4E), 6 Threads",8 GB  RAM,512 GB SSD,"14 inches, 1920 x 1200 pixels",Intel Graphics,Windows 11 OS,1 Year Warranty
Acer Nitro V ANV15-52 NH.QZ9SI.001 Gaming Laptop (13th Gen Core i7/ 16GB/ 512GB SSD/ Win11/ 8GB RTX5050),"₹97,999",69,13th Gen Intel Core i7 13620H,"10 Cores (6P + 4E), 16 Threads",16 GB DDR5 RAM,512 GB SSD,"15.6 inches, 1920 x 1080 pixels",8 GB NVIDIA GeForce RTX 5050,Windows 11 OS,1 Year Warranty
Asus Vivobook 14 2025 X1404VAP-EB542WS Laptop (Intel Core 5 120U/ 16GB/ 512GB SSD/ Win11),"₹49,990",54,Intel Core 5 120U,"10 Cores (2P + 8E), 12 Threads",16 GB DDR4 RAM,512 GB SSD,"14 inches, 1920 x 1080 pixels",Intel Integrated UHD,Windows 11 OS,1 Year Warranty
MSI Stealth 18 HX AI A2XWHG-043IN Gaming Laptop (Intel Series Ultra 9 275HX/ 32GB/ 2TB SSD/ Win11 Home/ 12GB RTX 5070 Ti Graph),"₹2,79,990",95,Intel Core Ultra 9 275HX,"24 Cores (8P + 16E), 24 Threads",32 GB  RAM,2 TB SSD,"18 inches, 2560 x 1600 pixels",12 GB NVIDIA GeForce RTX 5070 Ti,Windows 11 OS,2 Year Warranty
Alienware 16 Area-51 Gaming Laptop (Intel Core Ultra 9 275HX/ 32GB/ 1TB SSD/ Win 11/ RTX 5070Ti 12GB),"₹3,11,990",90,Intel Core Ultra 9 275HX,"24 Cores (8P + 16E), 24 Threads",32 GB DDR5 RAM,1 TB SSD,"16 inches, 2560 x 1600 pixels",12 GB NVIDIA GEFORCE RTX 5070Ti,Windows 11 OS,1 Year Warranty
Alienware 18 Area-51 Gaming Laptop (Intel Core Ultra 9 275HX/ 32GB/ 1TB SSD/ Win 11/ 12GB RTX 5070Ti),"₹3,16,990",93,Intel Core Ultra 9 275HX,"24 Cores (8P + 16E), 24 Threads",32 GB DDR5 RAM,1 TB SSD,"18 inches, 2560 x 1600 pixels",12 GB NVIDIA GEFORCE RTX 5070Ti,Windows 11 OS,1 Year Warranty
Lenovo LOQ 15ARP9 83JC00K1IN Gaming Laptop (AMD Ryzen 5 7235HS/ 24GB/ 512GB SSD/ Win11/ 6GB RTX 3050 Graph),"₹71,990",65,7th Gen AMD Ryzen 5 7235HS,"Quad Core, 8 Threads",24 GB DDR5 RAM,512 GB SSD,"15.6 inches, 1920 x 1080 pixels",6 GB NVIDIA GeForce RTX 3050,Windows 11 OS,1 Year Warranty
HP 14-em0243AU Laptop (AMD Ryzen 3 7320U/ 8GB/ 512GB SSD/ Win11 Home),"₹33,999",50,7th Gen AMD Ryzen 3 7320U,"Quad Core, 8 Threads",8 GB  RAM,512 GB SSD,"14 inches, 1920 x 1080 pixels",AMD Radeon AMD,Windows 11 OS,1 Year Warranty
MSI Katana 15 HX B14WEK-266IN Gaming Laptop (14th Gen Core i7/ 16GB/ 512GB SSD/ Win11 Home/ 8GB RTX 5050 Graph),"₹1,14,990",74,14th Gen Intel Core i7 14650HX,"16 Cores (8P + 8E), 24 Threads",16 GB DDR5 RAM,512 GB SSD,"15.6 inches, 1920 x 1080 pixels",8 GB NVIDIA GeForce RTX 5050,Windows 11 OS,2 Year Warranty
MSI Katana 15 HX B14WFK-262IN Gaming Laptop (14th Gen Core i7/ 16GB/ 1TB SSD/ Win11 Home/ 8GB RTX 5060 Graph),"₹1,34,990",71,14th Gen Intel Core i7 14650HX,"16 Cores (8P + 8E), 24 Threads",16 GB  RAM,1 TB SSD,"15.6 inches, 2560 x 1440 pixels",8 GB NVIDIA GeForce RTX 5060,Windows 11 OS,2 Year Warranty
Lenovo ThinkBook 16 21MWA0AJIN Laptop (AMD Ryzen 5 7535HS/ 8GB/ 512GB SSD/ DOS),"₹42,990",56,7th Gen AMD Ryzen 5 7535HS,"Hexa Core, 12 Threads",8 GB DDR5 RAM,512 GB SSD,"16 inches, 1920 x 1200 pixels",AMD Radeon Graphics,DOS OS,1 Year Warranty
MSI Katana 15 HX B14WGK-256IN Gaming Laptop (14th Gen Core i7/ 16GB/ 1TB SSD/ Win11 Home/ 8GB RTX 5070 Graph),"₹1,59,990",72,14th Gen Intel Core i7 14650HX,"16 Cores (8P + 8E), 24 Threads",16 GB  RAM,1 TB SSD,"15.6 inches, 2560 x 1440 pixels",8 GB NVIDIA GeForce RTX 5070,Windows 11 OS,2 Year Warranty
HP Victus 15-fa2191TX Gaming Laptop (13th Gen Core i5/ 16GB/ 512GB SSD/ Win11 Home/ RTX 3050),"₹66,299",63,13th Gen Intel Core i5 13420H,"Octa Core (4P + 4E), 12 Threads",16 GB DDR4 RAM,512 GB SSD,"15.6 inches, 1920 x 1080 pixels",4 GB NVIDIA GeForce RTX 3050A,Windows 11 OS,1 Year Warranty
HP 16-FD0640TU Laptop (Intel Core 5 120U/ 16GB/ 512GB SSD/ Win11 Home),"₹54,990",55,Intel Core 5 Processor Series 1 120U,"10 Cores (2P + 8E), 12 Threads",16 GB DDR4 RAM,512 GB SSD,"15.6 inches, 1920 x 1080 pixels",Intel Iris Xe Graphics,Windows 11 OS,1 Year Warranty
Asus Vivobook 15 2023 X1504VA-NJ3321WS Laptop (13th Gen Core i3/ 8GB/ 512GB SSD/ Win11),"₹35,990",55,13th Gen Intel Core i3 1315U,"Hexa Core (2P + 4E), 8 Threads",8 GB DDR4 RAM,512 GB SSD,"15.6 inches, 1920 x 1080 pixels",Integrated Intel UHD Graphics,Windows 11 OS,1 Year Warranty
Acer Travel Lite TL14-52M Laptop (12th Gen Core i5/ 16GB/ 512GB SSD/ Win11),"₹48,914",52,12th Gen Intel Core i5 1334U,"10 Cores (2P + 8E), 12 Threads",16 GB DDR4 RAM,512 GB SSD,"14 inches, 1920 x 1080 pixels",Intel Integrated Iris Xe,Windows 11 OS,1 Year Warranty
Lenovo IdeaPad Slim 3 14IRU8 82X60062IN Laptop (13th Gen Core i3/ 8GB/ 512GB SSD/ Win11),"₹39,990",46,13th Gen Intel Core i3 1315U,"Hexa Core (2P + 4E), 8 Threads",8 GB LPDDR5 RAM,512 GB SSD,"15.6 inches, 1920 x 1080 pixels",Integrated Intel UHD Graphics,Windows 11 OS,1 Year Warranty
MSI Crosshair A16 D8WFKG-036IN Gaming Laptop (AMD Ryzen 7 8840HX / 16GB/ 1TB SSD/ Win11 Home/ 8GB Graphics RTX 5060),"₹1,49,990",80,8th Gen AMD Ryzen 7 8840HX,"12 Cores, 24 Threads",16 GB DDR5 RAM,1 TB SSD,"16 inches, 2560 x 1600 pixels",8 GB NVIDIA GeForce RTX 5060,Windows 11 OS,2 Year Warranty
HP Victus 15-fb3124AX  Gaming Laptop (AMD Ryzen 7 7445H/ 16GB/ 512GB SSD/ Win11/ 6GB Graph),"₹77,990",61,7th Gen AMD Ryzen 7 7445H,"Hexa Core, 12 Threads",16 GB DDR5 RAM,512 GB SSD,"15.6 inches, 1920 x 1080 pixels",6 GB NVIDIA GeForce RTX 4050,Windows 11 OS,1 Year Warranty
Acer Swift Neo OLED AI SFN14-54H UN.35GSI.004 Laptop (Intel Core Ultra 5 115U/ 16GB/ 1TB SSD/Win 11),"₹62,990",54,Intel Core Ultra 5 115U,"Octa Core (2P + 4E + 2LP-E), 10 Threads",16 GB LPDDR5 RAM,1 TB SSD,"14 inches, 1920 x 1200 pixels",Intel Integrated Arc,Windows 11 OS,1 Year Warranty
MSI Vector 17 HX AI A2XWHG-085IN Gaming Laptop (Intel Core Ultra 9 275HX / 32GB/ 2TB SSD/ Win11/ 12GB RTX 5070 Ti Graph),"₹2,65,990",95,Intel Core Ultra 9 275HX,"24 Cores (8P + 16E), 24 Threads",32 GB DDR5 RAM,2 TB SSD,"17 inches, 2560 x 1600 pixels",12 GB NVIDIA GeForce RTX 5070 Ti,Windows 11 OS,2 Year Warranty
HP Victus 15-fa2192TX  Gaming Laptop (13th Gen Core i5/ 16GB/ 512GB SSD/ Win 11/ 4GB Graphics),"₹64,990",61,13th Gen Intel Core i5 13420H,"Octa Core (4P + 4E), 12 Threads",16 GB DDR4 RAM,512 GB SSD,"15.6 inches, 1920 x 1080 pixels",4 GB NVIDIA GeForce RTX 3050,Windows 11 OS,1 Year Warranty
MSI Katana 15 B2RVEK-2427IN Gaming Laptop (Intel Core 7 240H/ 16GB/ 1TB SSD/ Win11 Home/ 6GB RTX 4050 Graph),"₹1,02,990",68,Intel Core 7 240H,"10 Cores (6P + 4E), 16 Threads",16 GB DDR5 RAM,1 TB SSD,"15.6 inches, 1920 x 1080 pixels",6 GB NVIDIA GeForce RTX 4050,Windows 11 OS,2 Year Warranty
HP 14-gr1028TU Laptop (Intel Core Ultra 7 155H/ 16GB/ 512GB SSD/ Win11 Home),"₹73,499",61,Intel Core Ultra 7 155H,"16 Cores (6P + 8E + 2LP-E), 22 Threads",16 GB DDR5 RAM,512 GB SSD,"14 inches, 1920 x 1080 pixels",Intel Integrated Intel Arc,Windows 11 OS,1 Year Warranty
Lenovo IdeaPad Slim 3 15ABR8 82XM0116IN Laptop (AMD Ryzen 5 5625U/ 8GB/ 512GB SSD/ Win11 Home),"₹39,490",55,5th Gen AMD Ryzen 5 5625U,"Hexa Core, 12 Threads",8 GB DDR4 RAM,512 GB SSD,"15.3 inches, 1920 x 1080 pixels",Intel UHD Graphics,Windows 11 OS,1 Year Warranty
Lenovo LOQ ‎‎15IAX9E 83LK00AUIN ‎AI Gaming Laptop (12th Gen Core i5/ 12GB/ 512GB SSD/ Win11/ 4GB RTX 3050A Graph),"₹64,990",59,12th Gen Intel Core i5 12450HX,"Octa Core (4P + 4E), 12 Threads",12 GB DDR5 RAM,512 GB SSD,"15.6 inches, 1920 x 1080 pixels",4 GB NVIDIA GeForce RTX 3050A,Windows 11 OS,1 Year Warranty
Asus TUF Gaming A15 FA506NCG-HN251WS Laptop (AMD Ryzen 7 7445HS/ 16GB / 1TB SSD/ Win11 / 4GB Graph),"₹75,990",59,7th Gen AMD Ryzen 7 7445HS,,16 GB DDR5 RAM,1 TB SSD,"15.6 inches, 1920 x 1080 pixels",4 GB NVIDIA GeForce RTX 3050,Windows 11 OS,1 Year Warranty
HP Omen 16-ap0165AX Gaming Laptop (AMD Ryzen AI 7 350/ 24GB/ 1TB SSD/ Win11/ 8GB RTX 5050 Graph),"₹1,38,990",69,AMD Ryzen AI 7 350,"Octa Core, 16 Threads",24 GB DDR5 RAM,1 TB SSD,"16 inches, 1920 x 1200 pixels",8 GB NVIDIA GeForce RTX 5050,Windows 11 OS,1 Year Warranty
Lenovo IdeaPad Slim 3 15IAH8 83ER00MDIN Laptop (12th Gen Core i5/ 16GB/ 512GB SSD/ Win11 Home),"₹47,090",59,12th Gen Intel Core i5 12450H,"Octa Core (4P + 4E), 12 Threads",16 GB LPDDR5 RAM,512 GB SSD,"15.6 inches, 1920 x 1080 pixels",Intel Integrated UHD Graphics,Windows 11 OS,1 Year Warranty
MSI Raider 18 HX AI A2XWJG-253IN Gaming Laptop (Intel Core Ultra 9 285HX/ 64GB/ 4TB SSD/ Win11/ 24GB RTX 5090 Graph),"₹4,90,006",97,14th Gen Intel Core i9 14900HX,"24 Cores (8P + 16E), 32 Threads",64 GB DDR5 RAM,4 TB SSD,"18 inches, 3840 x 2400 pixels",24 GB NVIDIA GeForce RTX 5090,Windows 11 OS,2 Year Warranty
Acer Predator Helios Neo16S NH.QXASI.002 PHN16S-71 Gaming Laptop (Intel Core Ultra 9 275HX/ 16GB/ 1TB SSD/ Win11/ RTX 5070 8GB Graphics),"₹2,04,999",80,Intel Core Ultra 9 275HX,"24 Cores (8P + 16E), 24 Threads",16 GB LPDDR5X RAM,1 TB SSD,"16 inches, 2560 x 1600 pixels",8 GB NVIDIA GeForce RTX 5070,Windows 11 OS,1 Year Warranty
Lenovo IdeaPad Flex 5 14ALC7 82R900HJIN Laptop (AMD Ryzen 7 5700U/ 16GB/ 512GB SSD/ Win11 Home),"₹62,490",65,5th Gen AMD Ryzen 7 5700U,"Octa Core, 16 Threads",16 GB DDR4 RAM,512 GB SSD,"14 inches, 1920 x 1200 pixels, Touch Screen",AMD Radeon,Windows 11 OS,1 Year Warranty
Acer Aspire 7 A715-79G UN.U2KSI.001 Gaming Laptop (13th Gen Core i7/ 16GB/ 512GB SSD/ Win11 Home/ 6GB Graph),"₹72,999",62,13th Gen Intel Core i7 13620H,"10 Cores (6P + 4E), 16 Threads",16 GB DDR4 RAM,512 GB SSD,"15.6 inches, 1920 x 1080 pixels",6 GB NVIDIA GeForce RTX 3050,Windows 11 OS,1 Year Warranty
Lenovo IdeaPad Slim 5 Light 14ABR8 82XX00G4IN Laptop (AMD Ryzen 5 5625U/ 16GB/ 512GB SSD/ Win11 Home),"₹59,990",53,5th Gen AMD Ryzen 5 5625U,"Hexa Core, 12 Threads",16 GB LPDDR4X RAM,512 GB SSD,"14 inches, 1920 x 1200 pixels",AMD Radeon AMD,Windows 11 OS,1 Year Warranty
Lenovo Yoga 7 2-in-1 ‎‎14AKP10 83JR001EIN Laptop (AMD Ryzen AI 7 350/ 24GB/ 1TB SSD/ Win11 Home),"₹1,02,980",64,AMD Ryzen AI 7 350,"Octa Core, 16 Threads",24 GB LPDDR5x RAM,1 TB SSD,"14 inches, 1920 x 1200 pixels, Touch Screen",Integrated AMD Radeon  Graphics,Windows 11 OS,1 Year Warranty
Lenovo IdeaPad Slim 3 15IAH8 83ER00MCIN Laptop (12th Gen Core i5/ 16GB/ 512GB SSD/ Win11 Home),"₹46,890",57,12th Gen Intel Core i5 12450H,"Octa Core (4P + 4E), 12 Threads",16 GB LPDDR5 RAM,512 GB SSD,"15.6 inches, 1920 x 1080 pixels",Intel Integrated UHD Graphics,Windows 11 OS,1 Year Warranty
Lenovo Yoga Slim 9 14ILL10 83CX002LIN Laptop (Intel Core Ultra 7 258V/ 32GB/ 1TB SSD/ Win11),"₹1,99,990",83,Intel Core Ultra 7 258V,"Octa Core (4P + 4E), 8 Threads",32 GB LPDDR5X RAM,1 TB SSD,"14 inches, 3840 x 2400 pixels, Touch Screen",Intel Integrated Arc 140 V,Windows 11 OS,1 Year Warranty
Acer Predator Helios Neo16S PHN16S-71 NH.QXASI.001  Gaming Laptop (Intel Ultra 7 255HX/ 16GB/ 1TB SSD/ Win11/  RTX 5070 8GB Graphics),"₹1,94,999",78,Intel Core Ultra 7 255HX,"20 Cores (8P + 12E), 20 Threads",16 GB LPDDR5X RAM,1 TB SSD,"16 inches, 2560 x 1600 pixels",8 GB NVIDIA GeForce RTX 5070,Windows 11 OS,1 Year Warranty
Alienware 18 Area-51 Gaming Laptop (Intel Core Ultra 9 275HX/ 32GB/ 2TB SSD/ Win 11/ 16GB RTX5080),"₹4,14,490",95,Intel Core Ultra 9 275HX,"24 Cores (8P + 16E), 24 Threads",32 GB DDR5 RAM,2 TB SSD,"18 inches, 2560 x 1600 pixels",16 GB NVIDIA GEFORCE RTX 5080,Windows 11 OS,1 Year Warranty
Alienware 16 Area-51 Gaming Laptop (Intel Core Ultra 9 275HX/ 32GB/ 2TB SSD/ Win 11/ 16GB RTX5080),"₹4,03,490",91,Intel Core Ultra 9 275HX,"24 Cores (8P + 16E), 24 Threads",32 GB DDR5 RAM,2 TB SSD,"16 inches, 2560 x 1600 pixels",16 GB NVIDIA GEFORCE RTX 5080,Windows 11 OS,1 Year Warranty
MSI Crosshair A16 HX D8WGKG-046IN Gaming Laptop (AMD Ryzen 9 8940HX / 16GB/ 1TB SSD/ Win11 Home/ 8GB Graphics RTX 5070),"₹1,97,990",81,8th Gen AMD Ryzen 9 8940HX,"16 Cores, 32 Threads",16 GB DDR5 RAM,1 TB SSD,"16 inches, 2560 x 1600 pixels",8 GB NVIDIA GeForce RTX 5070,Windows 11 OS,2 Year Warranty
Lenovo IdeaPad Slim 3 14IRH10 83K00034IN Laptop (13th Gen Core i5/ 16GB/ 512GB SSD/ Win11 Home),"₹58,990",51,13th Gen Intel Core i5 13420H,"Octa Core (4P + 4E), 12 Threads",16 GB LPDDR5 RAM,512 GB SSD,"14 inches, 1920 x 1200 pixels",Intel UHD Graphics,Windows 11 OS,1 Year Warranty
Lenovo IdeaPad Slim 3 83K100N9IN Laptop (13th Gen Core i5/ 16GB/ 512GB SSD/ Win11),"₹59,990",51,13th Gen Intel Core i5 13420H,"Octa Core (4P + 4E), 12 Threads",16 GB LPDDR5 RAM,512 GB SSD,"15.3 inches, 1920 x 1200 pixels",Integrated Intel Graphics,Windows 11 OS,1 Year Warranty
HP Victus 16-r1707TX Gaming Laptop (14th Gen Core i5/ 16GB/ 512GB SSD/ Win11 Home/ 6GB RTX3050 Graph),"₹77,990",71,14th Gen Intel Core i5 14450HX,"10 Cores (6P + 4E), 16 Threads",16 GB DDR5 RAM,512 GB SSD,"16.1 inches, 1920 x 1080 pixels",6 GB NVIDIA GeForce RTX 3050,Windows 11 OS,1 Year Warranty
Lenovo IdeaPad Slim 3 15IRU8 82X700G6IN Laptop (13th Gen Core i3/ 8GB/ 512GB SSD/ Win11 Home),"₹39,990",51,13th Gen Intel Core i3 1315U,"Hexa Core (2P + 4E), 8 Threads",8 GB LPDDR5 RAM,512 GB SSD,"15.6 inches, 1920 x 1080 pixels",Intel UHD Graphics,Windows 11 OS,1 Year Warranty
MSI Modern 14 C13M-1424IN Laptop (13th Gen Core i3/ 16GB/ 512GB SSD/ Win11 Home),"₹37,999",54,13th Gen Intel Core i3 1315U,"Hexa Core (2P + 4E), 8 Threads",16 GB DDR4 RAM,512 GB SSD,"14 inches, 1920 x 1080 pixels",Intel Integrated UHD,Windows 11 OS,1 Year Warranty
Lenovo IdeaPad Slim 3 83K100PLIN Laptop (13th Gen Core i5/ 24GB/ 1TB SSD/ Win11),"₹63,390",54,13th Gen Intel Core i5 13420H,"Octa Core (4P + 4E), 12 Threads",24 GB LPDDR5 RAM,1 TB SSD,"15.3 inches, 1920 x 1200 pixels",Integrated Intel Graphics,Windows 11 OS,1 Year Warranty
HP Omen 16-ae0002TX Gaming Laptop (14th Gen Core i7/ 16GB/ 1TB SSD/ Win11 Home/ 8GB Graph),"₹1,32,990",75,14th Gen Intel Core i7 14650HX,"16 Cores (8P + 8E), 24 Threads",16 GB DDR5 RAM,1 TB SSD,"16.1 inches, 1920 x 1080 pixels",8 GB NVIDIA GeForce RTX 4060,Windows 11 OS,1 Year Warranty
HP 15-fr0049TU Laptop (13th Gen Core i5/ 16GB/ 512GB SSD/ Win11 Home),"₹59,499",54,13th Gen Intel Core i5 13420H,"Octa Core (4P + 4E), 12 Threads",16 GB DDR4 RAM,512 GB SSD,"15.6 inches, 1920 x 1080 pixels",Intel Integrated UHD,Windows 11 OS,1 Year Warranty
Lenovo IdeaPad Slim 3 83K4004VIN Laptop (Intel Core 5 210H/ 24GB/ 1TB SSD/ Win11),"₹65,990",53,Intel Core 5 210H,"Octa Core (4P + 4E), 12 Threads",24 GB LPDDR5 RAM,1 TB SSD,"15.3 inches, 1920 x 1200 pixels",Integrated Intel Graphics,Windows 11 OS,1 Year Warranty
Lenovo IdeaPad Slim 3 83K4004UIN Laptop (Intel Core 5 210H/ 16GB/ 512GB SSD/ Win11),"₹55,900",50,Intel Core 5 210H,"Octa Core (4P + 4E), 12 Threads",16 GB LPDDR5 RAM,512 GB SSD,"15.3 inches, 1920 x 1200 pixels",Integrated Intel Graphics,Windows 11 OS,1 Year Warranty
MSI Katana 15 B13UDXK Gaming Laptop (13th Gen Core i5/ 16GB/ 1TB SSD/ Win11 Home/ 6GB Graph),"₹77,990",61,13th Gen Intel Core i5 13420H,"Octa Core (4P + 4E), 12 Threads",16 GB  RAM,1 TB SSD,"15.6 inches, 1920 x 1080 pixels",6 GB NVIDIA GeForce RTX 3050,Windows 11 OS,2 Year Warranty
Lenovo IdeaPad Slim 3 83EM00H6IN Laptop (13th Gen Core i7/ 16GB/ 512GB SSD/ Win11),"₹71,091",56,13th Gen Intel Core i7 13620H,"10 Cores (6P + 4E), 16 Threads",16 GB LPDDR5 RAM,512 GB SSD,"15.6 inches, 1920 x 1080 pixels",Integrated Intel UHD Graphics,Windows 11 OS,1 Year Warranty
Dell 14 Latitude 3450 Laptop (13th Gen Core i7/ 512GB SSD/ Win11),"₹1,02,511",43,13th Gen Intel Core i7 1355U,"10 Cores (2P + 8E), 12 Threads",,512 GB SSD,"14 inches, 1920 x 1080 pixels",Intel Graphics,Windows 11 OS,1 Year Warranty
Dell Latitude 3450 Laptop (13th Gen Core i7/ 16GB/ 512GB SSD/ Ubuntu),"₹92,511",45,13th Gen Intel Core i7 1355U,"10 Cores (2P + 8E), 12 Threads",16 GB  RAM,512 GB SSD,"14 inches, 1920 x 1080 pixels",Intel Graphics,Ubuntu OS,1 Year Warranty
HP Pavilion 16-af0069TU Laptop (Intel Core Ultra 5 125U/ 16GB/ 1TB SSD/ Win11),"₹69,999",57,Intel Core Ultra 5 125U,"12 Cores (2P + 8E + 2LP-E), 14 Threads",16 GB LPDDR5 RAM,1 TB SSD,"16 inches, 1920 x 1200 pixels",Intel Integrated Graphics,Windows 11 OS,1 Year Warranty
Asus Vivobook 14 X1407QA-LY038WS Laptop (Qualcomm Snapdragon X/ 16GB/ 512GB SSD/ Win11),"₹54,990",44,Qualcomm Snapdragon X X1 26 100,,16 GB LPDDR5X RAM,512 GB SSD,"14 inches, 1920 x 1200 pixels",Qualcomm Adreno Adreno,Windows 11 OS,1 Year Warranty
MSI Crosshair 16 HX AI D2XWFKG Gaming Laptop (Intel Core Ultra 9 275HX / 16GB/ 1TB SSD/ Win11 Home/ 8GB Graphics RTX 5060),"₹1,64,990",84,Intel Core Ultra 9 275HX,"24 Cores (8P + 16E), 24 Threads",16 GB DDR5 RAM,1 TB SSD,"16 inches, 2560 x 1600 pixels",8 GB NVIDIA GeForce RTX 5060,Windows 11 OS,2 Year Warranty
MSI Crosshair A16 HX D8WFKG-035IN Gaming Laptop (AMD Ryzen 9 8940HX / 16GB/ 1TB SSD/ Win11 Home/ 8GB Graphics RTX 5060),"₹1,59,990",80,8th Gen AMD Ryzen 9 8940HX,"16 Cores, 32 Threads",16 GB DDR5 RAM,1 TB SSD,"16 inches, 2560 x 1600 pixels",8 GB NVIDIA GeForce RTX 5060,Windows 11 OS,2 Year Warranty
MSI Vector 16 HX AI A2XWIG-226IN Gaming Laptop (Intel Core Ultra 9 275HX/ 32GB/ 1TB SSD/ Win11/ 16GB RTX 5080 Graph),"₹2,99,990",95,Intel Core Ultra 9 275HX,"24 Cores (8P + 16E), 24 Threads",32 GB DDR5 RAM,1 TB SSD,"16 inches, 2560 x 1600 pixels",16 GB NVIDIA GeForce RTX 5080,Windows 11 OS,2 Year Warranty
HP Victus 15-fb3185AX Gaming Laptop (AMD Ryzen 7 260/ 24GB/ 1TB SSD/ Win11/ 8GB Graph),"₹99,990",70,AMD Ryzen 7 260,"Octa Core, 16 Threads",24 GB DDR5 RAM,1 TB SSD,"15.6 inches, 1920 x 1080 pixels",8 GB NVIDIA GeForce RTX 5050,Windows 11 OS,1 Year Warranty
Lenovo IdeaPad Slim 3 15Q8X10 83N30020IN Laptop (Qualcomm Snapdragon X/ 16GB/ 512GB SSD/ Win11 Home),"₹54,990",44,Qualcomm Snapdragon X X1-26-100,"Octa Core, 8 Threads",16 GB LPDDR5X RAM,512 GB SSD,"15.3 inches, 1920 x 1200 pixels",Qualcomm Adreno GPU,Windows 11 OS,1 Year Warranty
Lenovo Thinkpad P16v 21KXS05300 Laptop (Intel Core Ultra 9 185H/ 32GB/ 1TB SSD/ Win11 Pro/ RTX 3000 8GB Graphics),"₹2,51,500",73,Intel Core Ultra 9 Series 1 185H,"16 Cores (6P + 8E + 2LP-E), 22 Threads",32 GB  RAM,1 TB SSD,"16 inches, 1920 x 1200 pixels",8 GB NVIDIA RTX 3000,Windows 11 OS,1 Year Warranty
Lenovo Thinkpad P16v 21KXS05400 Laptop (Intel Core Ultra 7 155H/ 32GB/ 1TB SSD/ Win11 Pro/ RTX 1000 6GB Graphics),"₹1,88,490",68,Intel Core Ultra 7 Series 1 155H,"16 Cores (6P + 8E + 2LP-E), 22 Threads",32 GB  RAM,1 TB SSD,"16 inches, 1920 x 1200 pixels",6 GB NVIDIA RTX 1000,Windows 11 OS,1 Year Warranty
Asus Gaming V16 2025 V3607VH-RP038WS Laptop (Intel Core 7 240H/ 16GB/ 512GB SSD/ Win11/ 8GB Graph RTX 5050),"₹1,08,990",65,Intel Core 7 240H,"10 Cores (6P + 4E), 16 Threads",16 GB DDR5 RAM,512 GB SSD,"16 inches, 1920 x 1200 pixels",8 GB NVIDIA GeForce RTX 5050,Windows 11 OS,1 Year Warranty
Lenovo Ideapad Slim 5 15ARP10 83J2004HIN Laptop (AMD Ryzen 5 7535HS/ 16 GB RAM/ 512 GB SSD/ Win 11),"₹59,990",59,7th Gen AMD Ryzen 5 7535HS,"Hexa Core, 12 Threads",16 GB LPDDR5x RAM,512 GB SSD,"13.3 inches, 1920 x 1200 pixels",Integrated AMD Radeon 660M Graphics,Windows 11 OS,1 Year Warranty
Asus Gaming V16 2025 V3607VH-RP037WS Laptop (Intel Core 5 210H/ 16GB/ 512GB SSD/ Win11/ 8GB Graph RTX 5050),"₹1,00,990",64,5th Gen Intel Core 5 210H,"Octa Core (4P + 4E), 12 Threads",16 GB DDR5 RAM,512 GB SSD,"16 inches, 1920 x 1200 pixels",8 GB NVIDIA GeForce RTX 5050,Windows 11 OS,1 Year Warranty
Lenovo ThinkBook 16 21MWA0AUIN Laptop (AMD Ryzen 7 7735HS/ 16GB/ 512GB SSD/ Win 11),"₹47,966",66,7th Gen AMD Ryzen 7 7735HS,"Octa Core, 16 Threads",16 GB DDR5 RAM,512 GB SSD,"16 inches, 1920 x 1200 pixels",AMD Radeon Graphics,Windows 11 OS,1 Year Warranty
HP 15-fd0664TU Laptop (Intel Core 5 120U/ 16GB/ 512GB SSD/ Win11 Home),"₹54,499",41,Intel Core 5 Processor Series 1 120U,"10 Cores (2P + 8E), 12 Threads",16 GB  RAM,512 GB SSD,"15.6 inches, 1920 x 1080 pixels",Intel Iris Xe Graphics,Windows 11 OS,1 Year Warranty
Acer 2025 Predator Helios Neo16S AI PHN16S-71 Gaming Laptop (Intel Ultra 7 255HX/ 16GB/ 1TB SSD/ Win11/ RTX 5050 8GB Graphics),"₹1,49,999",75,Intel Core Ultra 7 255HX,"20 Cores (8P + 12E), 20 Threads",16 GB LPDDR5X RAM,1 TB SSD,"16 inches, 2560 x 1600 pixels",8 GB NVIDIA GeForce RTX 5050,Windows 11 OS,1 Year Warranty
Acer Predator Helios Neo16S AI PHN16S-71 Gaming Laptop (Intel Ultra 7 255HX/ 16GB/ 1TB SSD/ Win11/ RTX 5060 8GB Graphics),"₹1,64,999",77,Intel Core Ultra 7 255HX,"20 Cores (8P + 12E), 20 Threads",16 GB LPDDR5X RAM,1 TB SSD,"16 inches, 2560 x 1600 pixels",8 GB NVIDIA GeForce RTX 5060,Windows 11 OS,1 Year Warranty
HP Spectre x360 14-eu0670TU Laptop (Intel Core Ultra 7 155H/ 32GB/ 1TB SSD/ Win11 Home),"₹1,63,900",73,Intel Core Ultra 7 Series 1 155H,"16 Cores (6P + 8E + 2LP-E), 22 Threads",32 GB LPDDR5x RAM,1 TB SSD,"14 inches, 2880 x 1800 pixels, Touch Screen",Intel Arc Graphics,Windows 11 OS,1 Year Warranty
Lenovo Yoga Slim 7 14IMH9 83CV00B3IN Laptop (Intel Core Ultra 9 185H/ 32GB/ 1TB SSD/ Win11 Home),"₹1,14,990",62,Intel Core Ultra 9 Series 1 185H,"16 Cores (6P + 8E + 2LP-E), 22 Threads",16 GB LPDDR5x RAM,1 TB SSD,"14 inches, 1920 x 1200 pixels",Integrated Intel Arc Graphics,Windows 11 OS,1 Year Warranty
Acer Nitro Lite NL16-71G NH.D5ASI.001 Gaming Laptop (13th Gen Core i5/ 8GB/ 512GB SSD/ Win11/ 6GB RTX4050),"₹79,990",62,13th Gen Intel Core i5 13420H,"Octa Core (4P + 4E), 12 Threads",8 GB DDR5 RAM,512 GB SSD,"16 inches, 1920 x 1200 pixels",6 GB NVIDIA GeForce RTX 4050,Windows 11 OS,1 Year Warranty
Acer Nitro Lite NL16-71G NH.D5ASI.002 Gaming Laptop (13th Gen Core i7/ 8GB/ 512GB SSD/ Win11/ 6GB RTX4050),"₹84,999",63,13th Gen Intel Core i7 13620H,"10 Cores (6P + 4E), 16 Threads",8 GB DDR5 RAM,512 GB SSD,"16 inches, 1920 x 1200 pixels",6 GB NVIDIA GeForce RTX 4050,Windows 11 OS,1 Year Warranty
Lenovo Legion Pro 7 2025 16IAX10H 83F500D7IN AI Gaming Laptop (Intel Core Ultra 9 275HX / 32GB/ 1TB SSD/ Win11/ 12GB RTX5070Ti),"₹2,51,990",91,Intel Core Ultra 9 275HX,"24 Cores (8P + 16E), 24 Threads",32 GB DDR5 RAM,1 TB SSD,"16 inches, 2560 x 1600 pixels",12 GB NVIDIA GeForce RTX 5070Ti,Windows 11 OS,1 Year Warranty
Acer Nitro Lite NL16-71G NH.D59SI.001 Gaming Laptop (13th Gen Core i5/ 8GB/ 512GB SSD/ Win11/ 6GB RTX3050),"₹67,999",61,13th Gen Intel Core i5 13420H,"Octa Core (4P + 4E), 12 Threads",8 GB DDR5 RAM,512 GB SSD,"16 inches, 1920 x 1200 pixels",6 GB NVIDIA GeForce RTX 3050,Windows 11 OS,1 Year Warranty
Acer Nitro Lite NL16-71G NH.D59SI.002 Gaming Laptop (13th Gen Core i7/ 16GB/ 512GB SSD/ Win11/ 6GB RTX3050),"₹74,999",64,13th Gen Intel Core i7 13620H,"10 Cores (6P + 4E), 16 Threads",16 GB DDR5 RAM,512 GB SSD,"16 inches, 1920 x 1200 pixels",6 GB NVIDIA GeForce RTX 3050,Windows 11 OS,1 Year Warranty
Lenovo ThinkPad E16 Gen 2 21MAS01G00 Laptop (Intel Core Ultra 5 125U/ 8GB/ 512GB SSD/ DOS),"₹71,490",51,Intel Core Ultra 5 Processor 125U,"12 Cores (2P + 8E + 2LP-E), 14 Threads",8 GB DDR5 RAM,512 GB SSD,"16 inches, 1920 x 1200 pixels",Intel Integrated Graphics,DOS OS,1 Year Warranty
HP 15-fd0691TU Laptop (13th Gen Core i3/ 12GB/ 512GB SSD/ Win11 Home),"₹36,999",53,13th Gen Intel Core i3 1315U,"Hexa Core (2P + 4E), 8 Threads",12 GB DDR4 RAM,512 GB SSD,"15.6 inches, 1920 x 1080 pixels",Intel Integrated UHD,Windows 11 OS,1 Year Warranty
Acer AspireGo 14 AG14-71M Laptop (Intel Core Ultra 5 125H/ 16GB/ 1TB SSD/ Win11 Home),"₹61,999",62,Intel Core Ultra 5 Series 1 125H,"14 Cores (4P + 8E + 2LP-E), 18 Threads",16 GB DDR5 RAM,1 TB SSD,"14 inches, 1920 x 1200 pixels",Intel Integrated ARC Graphics,Windows 11 OS,1 Year Warranty
HP Victus 15-fa2104TX  Gaming Laptop (13th Gen Core i7/ 16GB/ 512GB SSD/ Win11 Home/ 6GB Graph),"₹92,900",65,13th Gen Intel Core i7 13620H,"10 Cores (6P + 4E), 16 Threads",16 GB DDR4 RAM,512 GB SSD,"15.6 inches, 1920 x 1080 pixels",6 GB NVIDIA GeForce RTX 4050,Windows 11 OS,1 Year Warranty
Asus Vivobook 15 X1504VAP-NJ2861WS Laptop (Intel Core 5 120U/ 8GB/ 512GB SSD/ Win11),"₹48,990",52,Intel Core 5 120U,"10 Cores (2P + 8E), 12 Threads",8 GB DDR4 RAM,512 GB SSD,"15.6 inches, 1920 x 1080 pixels",Intel Integrated UHD,Windows 11 OS,1 Year Warranty
Asus Vivobook 15 X1504VAP-NJ2864WS Laptop (Intel Core 5 120U/ 16GB/ 512GB SSD/ Win11),"₹55,990",54,Intel Core 5 120U,"10 Cores (2P + 8E), 12 Threads",16 GB DDR4 RAM,512 GB SSD,"15.6 inches, 1920 x 1080 pixels",Intel Integrated UHD,Windows 11 OS,1 Year Warranty
MSI Katana 17 HX B14WGK-085IN Gaming Laptop (14th Gen Core i9/ 16GB/ 1TB SSD/ Win11 Home/ 8GB RTX 5070 Graph),"₹1,77,990",81,14th Gen Intel Core i9 14900HX,"24 Cores (8P + 16E), 32 Threads",16 GB DDR5 RAM,1 TB SSD,"17.3 inches, 2560 x 1440 pixels",8 GB NVIDIA GeForce RTX 5070,Windows 11 OS,2 Year Warranty
MSI Crosshair 16 HX AI D2XWFKG-068IN Gaming Laptop (Intel Core Ultra 7 255HX / 16GB/ 1TB SSD/ Win11 Home/ 8GB Graphics RTX 5060),"₹1,59,990",82,Intel Core Ultra 7 255HX,"20 Cores (8P + 12E), 20 Threads",16 GB DDR5 RAM,1 TB SSD,"16 inches, 2560 x 1600 pixels",8 GB NVIDIA GeForce RTX 5060,Windows 11 OS,2 Year Warranty
Lenovo Thinkpad E16 21JN004JIG Laptop (13th Gen Core i5/ 8GB/ 512GB SSD/ Win11),"₹69,990",59,13th Gen Intel Core i5 1335U,"10 Cores (2P + 8E), 12 Threads",8 GB DDR4 RAM,512 GB SSD,"16 inches, 1920 x 1200 pixels",Intel Integrated Iris Xe,Windows 11 OS,
Lenovo V15 83CC004CIN Laptop (13th Gen Core i5/ 8GB/ 512GB SSD/ DOS),"₹44,990",51,13th Gen Intel Core i5 13420H,"Octa Core (4P + 4E), 12 Threads",8 GB DDR4 RAM,512 GB SSD,"15.6 inches, 1920 x 1080 pixels",Integrated Intel Iris Graphics,DOS OS,1 Year Warranty
MSI Crosshair 16 HX AI D2XWGKG-065IN Gaming Laptop (Intel Core Ultra 9 275HX/ 16GB/ 1TB SSD/ Win11 Home/ 8GB Graphics RTX 5070),"₹1,99,990",86,Intel Core Ultra 9 275HX,"24 Cores (8P + 16E), 24 Threads",16 GB DDR5 RAM,1 TB SSD,"16 inches, 2560 x 1600 pixels",8 GB NVIDIA GeForce RTX 5070,Windows 11 OS,2 Year Warranty
HP 14s-dq3141TU Laptop (Intel Celeron N4500/ 8GB/ 512GB SSD/ Win11 Home),"₹25,990",44,Intel Celeron N4500,"Dual Core, 2 Threads",8 GB DDR4 RAM,512 GB SSD,"14 inches, 1366 x 768 pixels",Intel Integrated UHD Graphics,Windows 11 OS,1 Year Warranty
Lenovo ThinkPad X13 AI PC 21LWS02T00 Laptop (Intel Core Ultra 7 155U/ 32GB/ 512GB SSD/ Win11 Pro),"₹1,80,490",69,Intel Core Ultra 7 155U,"12 Cores (2P + 8E + 2LP-E), 14 Threads",32 GB LPDDR5x RAM,512 GB SSD,"13.3 inches, 1920 x 1200 pixels",Integrated Intel Graphics,Windows 11 OS,3 Year Warranty
MSI Katana 15 HX B14WEK-438IN Gaming Laptop (14th Gen Core i5/ 16GB/ 512GB SSD/ Win11 Home/ 8GB RTX 5050 Graph),"₹1,02,990",73,14th Gen Intel Core i5 14450HX,"10 Cores (6P + 4E), 16 Threads",16 GB DDR5 RAM,512 GB SSD,"15.6 inches, 1920 x 1080 pixels",8 GB NVIDIA GeForce RTX 5050,Windows 11 OS,2 Year Warranty
Asus Vivobook 16X K3605VC-RP492WS Laptop (13th Gen Core i7/ 16GB/ 512GB SSD/ Win11 Home/ 4GB Graph),"₹74,547",61,13th Gen Intel Core i7 13620H,"10 Cores (6P + 4E), 16 Threads",16 GB DDR4 RAM,512 GB SSD,"16 inches, 1920 x 1200 pixels",4 GB NVIDIA Geforce RTX 3050,Windows 11 OS,1 Year Warranty
HP Omen 16-am0241TX Gaming Laptop (14th Gen Core i7/ 24GB/ 1TB SSD/ Win11/ 8GB RTX 5050 Graph),"₹1,29,990",78,14th Gen Intel Core i7 14650HX,"16 Cores (8P + 8E), 24 Threads",24 GB DDR5 RAM,1 TB SSD,"16 inches, 1920 x 1200 pixels",8 GB NVIDIA GeForce RTX 5050,Windows 11 OS,1 Year Warranty
Lenovo Thinkpad P16v 21KXS05500 Laptop (Intel Core Ultra 7 155H/ 32GB/ 1TB SSD/ Win11 Pro/ 4GB Graph),"₹1,60,490",65,Intel Core Ultra 7 Series 1 155H,"16 Cores (6P + 8E + 2LP-E), 22 Threads",32 GB  RAM,1 TB SSD,"16 inches, 1920 x 1200 pixels",4 GB NVIDIA RTX 500,Windows 11 OS,1 Year Warranty
Lenovo ThinkPad X13 AI PC 21LUS07C00 Laptop (Intel Core Ultra 7 155U/ 32GB/ 1TB SSD/ Win11 Pro),"₹1,67,490",70,Intel Core Ultra 7 155U,"12 Cores (2P + 8E + 2LP-E), 14 Threads",32 GB LPDDR5x RAM,1 TB SSD,"13.3 inches, 1920 x 1200 pixels",Integrated Intel Graphics,Windows 11 OS,3 Year Warranty
Lenovo ThinkPad E14 Gen 6 ‎21M7S0T100 Laptop (Intel Core Ultra 7 155H/ 16GB/ 512GB SSD/ DOS),"₹84,490",57,Intel Core Ultra 7 Series 1 155H,"16 Cores (6P + 8E + 2LP-E), 22 Threads",16 GB  RAM,512 GB SSD,"14 inches, 1920 x 1200 pixels",Integrated Intel Graphics,DOS OS,1 Year Warranty
Lenovo ThinkPad E14 Gen 6 ‎21M7006BIG Laptop (Intel Core Ultra 5 125U/ 16GB/ 512GB SSD/ Win11),"₹89,990",66,Intel Core Ultra 5 Processor 125U,"12 Cores (2P + 8E + 2LP-E), 14 Threads",16 GB DDR5 RAM,512 GB SSD,"14 inches, 1920 x 1200 pixels",Integrated Intel Graphics,Windows 11 OS,1 Year Warranty
Asus Chromebook CX1405CKA-S60394 Laptop (Intel Celeron N4500/ 8GB/ 128GB SSD/ Chrome OS),"₹24,990",34,Intel Celeron N4500,"Dual Core, 2 Threads",8 GB  RAM,128 GB eMMC Storage,"14 inches, 1920 x 1080 pixels",Intel Integrated UHD,Chrome OS,1 Year Warranty
Primebook 2 Neo 2025 Laptop (MediaTek Helio G99/ 6GB/ 128GB UFS 2.2/ PrimeOS 3.0,"₹14,990",17,,,6 GB  RAM,128 GB SSD,"11.6 inches, 1366 x 768 pixels",,,1 Year Warranty
Asus Zenbook 14 UM3406KA-PP240WS Laptop (AMD Ryzen AI 5 340/ 16GB/ 512GB SSD/ Win11 Home),"₹89,990",56,AMD Ryzen AI 5 340,"Hexa Core, 12 Threads",16 GB  RAM,512 GB SSD,"14 inches, 2880 x 1800 pixels, Touch Screen",AMD Radeon Graphics,Windows 11 OS,1 Year Warranty
Dell 15 Vostro 3530 Laptop (13th Gen Core i3/16GB/ 512GB SSD/ Win11),"₹40,990",46,13th Gen Intel Core i3 1305U,"5 Cores (1P + 4E), 6 Threads",16 GB  RAM,512 GB SSD,"15.6 inches, 1920 x 1080 pixels",Intel Integrated Graphics,Windows 11 OS,1 Year Warranty
Acer Aspire Go 14 AG14-71M Laptop (Intel Core Ultra 5 125H/ 16GB/ 512GB SSD/ Win11 Home),"₹57,990",60,Intel Core Ultra 5 Series 1 125H,"14 Cores (4P + 8E + 2LP-E), 18 Threads",16 GB DDR5 RAM,512 GB SSD,"14 inches, 1920 x 1200 pixels",Intel Integrated ARC Graphics,Windows 11 OS,1 Year Warranty
Lenovo IdeaPad 5 2-in-1 14AKP10 83KT000LIN Laptop (AMD Ryzen AI 7 350/ 24GB RAM/ 1TB SSD/ Win 11),"₹95,990",60,AMD Ryzen AI 7 350,"Octa Core, 16 Threads",24 GB LPDDR5x RAM,1 TB SSD,"14 inches, 1920 x 1200 pixels, Touch Screen",AMD Integrated,Windows 11 OS,1 Year Warranty
Lenovo IdeaPad 5 2-in-1 14IAL10 83KR000HIN Laptop (Intel Core Ultra 5 225H/ 16 GB RAM/ 1TB SSD/ Win 11),"₹85,990",68,Intel Core Ultra 5 225H,"14 Cores (4P + 8E + 2LP-E), 14 Threads",16 GB LPDDR5x RAM,1 TB SSD,"14 inches, 1920 x 1200 pixels, Touch Screen",Intel Integrated Arc,Windows 11 OS,1 Year Warranty
Lenovo ThinkPad T14 Gen 5 21MLS04600 Laptop (Intel Core Ultra 7 155U/ 32GB/ 1TB SSD/ Win11 Pro),"₹1,57,490",72,11th Gen Intel Core Ultra 7 155U,"12 Cores (2P + 8E + 2LP-E), 14 Threads",32 GB  RAM,1 TB SSD,"14 inches, 1920 x 1200 pixels",Integrated Intel Graphics,Windows 11 OS,1 Year Warranty
Lenovo IdeaPad Pro 5 83JK000AIN Gaming Laptop (Intel Core Ultra 9 285H/ 32GB/ 1TB SSD/ Win11),"₹1,24,990",71,Intel Core Ultra 9 Series 2 285H,"16 Cores (6P + 8E + 2LP-E), 16 Threads",32 GB LPDDR5X RAM,1 TB SSD,"16 inches, 2880 x 1800 pixels",Integrated Intel Arc 140T GPU,Windows 11 OS,1 Year Warranty
HP 15-fr0025TU Laptop (13th Gen Core i7/ 16GB/ 512GB SSD/ Win11 Home),"₹66,999",55,13th Gen Intel Core i7 13620H,"10 Cores (6P + 4E), 16 Threads",16 GB DDR4 RAM,512 GB SSD,"15.6 inches, 1920 x 1080 pixels",Intel Integrated UHD,Windows 11 OS,1 Year Warranty
Asus ROG Strix G16 G614JU-N3526WS Gaming Laptop (13th Gen Core i5/ 16GB/ 1TB SSD/ Win11/ 4050 6GB Graph),"₹1,08,990",,Processor : 13th Gen Intel Core i5-13450HX Processor 2.4 GHz (20M Cache,Processor : 13th Gen Intel Core i5-13450HX Processor 2.4 GHz (20M Cache,,【Software : Microsoft 365 Basic with 100GB Cloud Storage for 1 Year + Office Home 2024 w…,Display : 16-inch,Graphics : NVIDIA GeForce RTX 4050 Laptop GPU (194 AI TOPs),Operating System : Windows 11 Home】,
MSI Vector 17 HX AI A2XWHG-206IN Gaming Laptop (Intel Core Ultra 9 275HX / 32GB/ 2TB SSD/ Win11/ 12GB RTX 5070 Ti Graph),"₹2,59,990",95,Intel Core Ultra 9 275HX,"24 Cores (8P + 16E), 24 Threads",32 GB DDR5 RAM,2 TB SSD,"17 inches, 2560 x 1600 pixels",12 GB NVIDIA GeForce RTX 5070 Ti,Windows 11 OS,2 Year Warranty
Asus Vivobook 15 X1502VA-BQ1299WS Laptop (13th Gen Core i7/ 16GB/ 1TB SSD/ Win11),"₹68,990",57,13th Gen Intel Core i7 13620H,"10 Cores (6P + 4E), 16 Threads",16 GB DDR4 RAM,1 TB SSD,"15.6 inches, 1920 x 1080 pixels",Intel UHD Graphics,Windows 11 OS,1 Year Warranty
Asus Gaming V16 V3607VM-RP057WS Laptop (Intel Core 7 240H/ 16GB/ 512GB SSD/ Win11 / 8GB RTX 5060 Graph),"₹1,19,990",69,7th Gen Intel Core 7 240H,"10 Cores (6P + 4E), 16 Threads",16 GB DDR5 RAM,512 GB SSD,"16 inches, 1920 x 1200 pixels",8 GB NVIDIA GeForce RTX 5060,Windows 11 OS,1 Year Warranty
Alienware 16 Aurora Gaming Laptop (Intel Core 7 240H/ 16GB/ 1TB SSD/ Win 11/ RTX 5060 8GB Graph),"₹1,30,990",72,Intel Core 7 240H,"10 Cores (6P + 4E), 16 Threads",16 GB DDR5 RAM,1 TB SSD,"16 inches, 2560 x 1600 pixels",8 GB NVIDIA GEFORCE RTX 5060,Windows 11 OS,1 Year Warranty
MSI Vector 16 HX AI A2XWHG-443IN Gaming Laptop (Intel Core Ultra 7 255HX/ 16GB/ 1TB SSD/ Win11/ 12GB RTX 5070 Ti Graph),"₹2,19,990",82,14th Gen Intel Core Ultra 7 255HX,"20 Cores (8P + 12E), 20 Threads",16 GB DDR5 RAM,1 TB SSD,"16 inches, 2560 x 1600 pixels",12 GB NVIDIA GeForce RTX 5070 Ti,Windows 11 OS,2 Year Warranty
HP Victus 15-fb3134AX Gaming Laptop (AMD Ryzen 7 7445H/ 16GB/ 512GB SSD/ Win11/ RTX 3050),"₹70,990",65,7th Gen AMD Ryzen 7 7445H,"Octa Core, 16 Threads",16 GB DDR5 RAM,512 GB SSD,"15.6 inches, 1920 x 1080 pixels",6 GB NVIDIA GeForce RTX 3050,Windows 11 OS,1 Year Warranty
Lenovo IdeaPad Slim 5 14IRH10 83HR009LIN Laptop (13th Gen Core i7/ 16GB/ 512GB SSD/ Win11),"₹79,990",54,13th Gen Intel Core i7 13620H,"10 Cores (6P + 4E), 16 Threads",16 GB DDR5 RAM,512 GB SSD,"14 inches, 1920 x 1200 pixels",Intel Integrated UHD,Windows 11 OS,1 Year Warranty
HP 15-hr0005TU Laptop (13th Gen Core i3/ 8GB/ 512GB SSD/ Win11 Home),"₹38,990",51,13th Gen Intel Core i3 1315U,"Hexa Core (2P + 4E), 8 Threads",8 GB DDR4 RAM,512 GB SSD,"15.6 inches, 1920 x 1080 pixels",Intel Integrated UHD,Windows 11 OS,1 Year Warranty
HP ProBook 635 Aero G8 4Q1T0PA Laptop (AMD Ryzen 5 5600U/ 16GB/ 512GB SSD/ Win10 Pro),"₹75,000",54,5th Gen AMD Ryzen 5 5600U,"Hexa Core, 12 Threads",16 GB DDR4 RAM,512 GB SSD,"13.3 inches, 1920 x 1080 pixels",AMD Radeon Graphics,Windows 10 OS,1 Year Warranty
Lenovo LOQ 15IRX9 83DV014SIN AI Gaming Laptop (13th Gen Core i5/ 24GB/ 512GB SSD/ Win11/ 4GB RTX3050A),"₹76,990",65,13th Gen Intel Core i5 13450HX,"10 Cores (6P + 4E), 16 Threads",24 GB DDR5 RAM,512 GB SSD,"15.6 inches, 1920 x 1080 pixels",4 GB NVIDIA GeForce RTX 3050A,Windows 11 OS,1 Year Warranty
Lenovo IdeaPad Slim 3 82X700G5IN Laptop (13th Gen Core i3/ 8GB/ 512GB SSD/ Win 11),"₹37,990",44,13th Gen Intel Core i3 1315U,"Hexa Core (2P + 4E), 8 Threads",8 GB LPDDR5 RAM,512 GB SSD,"15.6 inches, 1920 x 1080 pixels",Integrated Intel UHD Graphics,Windows 11 OS,1 Year Warranty
HP 15-fd0568TU Laptop (13th Gen Core i3/ 8GB/ 512GB SSD/ Win11 Home),"₹37,500",55,13th Gen Intel Core i3 1315U,"Hexa Core (2P + 4E), 8 Threads",8 GB DDR4 RAM,512 GB SSD,"15.6 inches, 1920 x 1080 pixels",Intel Integrated UHD,Windows 11 OS,1 Year Warranty
HP Victus 15-fa2309TX Gaming Laptop (13th Gen Core i7/ 24GB/ 1TB SSD/ Win 11/ 8GB RTX 5050 Graphics),"₹1,02,990",70,13th Gen Intel Core i7 13620H,"10 Cores (6P + 4E), 16 Threads",24 GB DDR5 RAM,1 TB SSD,"15.6 inches, 1920 x 1080 pixels",8 GB NVIDIA GeForce RTX 5050,Windows 11 OS,1 Year Warranty
Lenovo IdeaPad Slim 5 14IRH10 83HR009MIN Laptop (13th Gen Core i5/ 16GB/ 512GB SSD/ Win11),"₹64,990",53,13th Gen Intel Core i5 13420H,"Octa Core (4P + 4E), 12 Threads",16 GB DDR5 RAM,512 GB SSD,"14 inches, 1920 x 1200 pixels",Intel Integrated UHD,Windows 11 OS,1 Year Warranty
Lenovo IdeaPad Slim 3 15ABR8 82XM00MTIN Laptop (AMD Ryzen 7 5825U/ 16GB/ 512GB SSD/ Win11 Home),"₹48,990",60,5th Gen AMD Ryzen 7 5825U,"Octa Core, 16 Threads",16 GB DDR4 RAM,512 GB SSD,"15.6 inches, 1920 x 1080 pixels",Integrated AMD Radeon Graphics,Windows 11 OS,1 Year Warranty
Lenovo LOQ 15IAX9E 83LK006AIN Gaming Laptop (12th Gen Core i5/ 12GB/ 512GB SSD/ Win11/ 6GB RTX 3050 Graph),"₹64,990",60,12th Gen Intel Core i5 12450HX,"Octa Core (4P + 4E), 12 Threads",12 GB DDR5 RAM,512 GB SSD,"15.6 inches, 1920 x 1080 pixels",6 GB NVIDIA GeForce RTX 3050,Windows 11 OS,1 Year Warranty
Lenovo IdeaPad Slim 3 15AMN8 82XQ00MDIN Laptop (AMD Ryzen 3 7320U/ 8GB/ 512GB SSD/ Win11 Home),"₹32,490",53,7th Gen AMD Ryzen 3 7320U,"Quad Core, 8 Threads",8 GB LPDDR5 RAM,512 GB SSD,"15.6 inches, 1920 x 1080 pixels",AMD Radeon Graphics,Windows 11 OS,1 Year Warranty
Lenovo Thinkpad P16s 21KSS0AL00 Laptop (Intel Core Ultra 7 155H/ 16GB/ 1TB SSD/ Win11 Pro),"₹1,35,490",55,Intel Core Ultra 7 Series 1 155H,"16 Cores (6P + 8E + 2LP-E), 22 Threads",16 GB  RAM,1 TB SSD,"16 inches, 1920 x 1200 pixels",Intel Integrated,Windows 11 OS,1 Year Warranty
Lenovo Thinkpad P16s 21KSS0AK00 Laptop (Intel Core Ultra 7 155H/ 32GB/ 1TB SSD/ Win11 Pro/ 4GB Graph),"₹1,52,490",63,Intel Core Ultra 7 Series 1 155H,"16 Cores (6P + 8E + 2LP-E), 22 Threads",32 GB  RAM,1 TB SSD,"16 inches, 1920 x 1200 pixels",4 GB NVIDIA RTX 500,Windows 11 OS,1 Year Warranty
Lenovo ThinkPad E14 Gen 6 21M7S0T000 Laptop (Intel Core Ultra 5 125U/ 16GB/ 512GB SSD/ DOS),"₹72,490",61,Intel Core Ultra 5 Processor 125U,"12 Cores (2P + 8E + 2LP-E), 14 Threads",16 GB DDR5 RAM,512 GB SSD,"14 inches, 1920 x 1200 pixels",Integrated Intel Graphics,DOS OS,1 Year Warranty
HP 15-fc0533AU Laptop (AMD Ryzen 7 5825U/ 16GB/ 512GB SSD/ Win11 Home),"₹48,990",55,5th Gen AMD Ryzen 7 5825U,"Octa Core, 16 Threads",16 GB DDR4 RAM,512 GB SSD,"15.6 inches, 1920 x 1080 pixels",AMD Radeon AMD,Windows 11 OS,1 Year Warranty
Acer Aspire Lite AMD AL15-41 Laptop (AMD Ryzen 7 7730U/ 16GB/ 512GB SSD/ Win11),"₹44,990",62,7th Gen AMD Ryzen 7 7730U,"Octa Core, 16 Threads",16 GB DDR4 RAM,512 GB SSD,"15.6 inches, 1920 x 1080 pixels",AMD Graphics,Windows 11 OS,1 Year Warranty
Acer 15 Aspire 3 A325-53 Laptop (13th Gen Core i3/ 16GB/ 512GB SSD/ Win11),"₹33,190",54,13th Gen Intel Core i3 1305U,"5 Cores (1P + 4E), 6 Threads",16 GB DDR4 RAM,512 GB SSD,"15.6 inches, 1920 x 1080 pixels",Intel UHD Graphics,Windows 11 OS,1 Year Warranty
Acer Aspire 3 A325-53 Laptop (13th Gen Core i3/ 24GB/ 512GB SSD/ Win11),"₹37,900",52,13th Gen Intel Core i3 1305U,"5 Cores (1P + 4E), 6 Threads",8 GB DDR4 RAM,512 GB SSD,"15.6 inches, 1920 x 1080 pixels",Intel UHD Graphics,Windows 11 OS,1 Year Warranty
HP OmniBook 3 15-fn0007AU AI Laptop (AMD Ryzen AI 5 340/ 16GB/ 512GB SSD/ Win11 Home),"₹63,990",48,AMD Ryzen AI 5 340,"Hexa Core, 12 Threads",16 GB LPDDR5X RAM,512 GB SSD,"15.6 inches, 1920 x 1080 pixels",AMD Radeon,Windows 11 OS,1 Year Warranty
Acer AL15-52H Aspire Lite 15 Laptop (12th Gen Core i7/ 16GB/ 512GB SSD/ Win11),"₹61,999",57,12th Gen Intel Core i7 12650H,"10 Cores (6P + 4E), 16 Threads",16 GB LPDDR5 RAM,512 GB SSD,"15.6 inches, 1920 x 1080 pixels",Intel UHD Graphics,Windows 11 OS,1 Year Warranty
HP OmniBook 3 14-ha0000AU Laptop (AMD Ryzen AI 5 340/ 16GB/ 512GB SSD/ Win11 Home),"₹62,990",48,AMD Ryzen AI 5 340,"Hexa Core, 12 Threads",16 GB LPDDR5X RAM,512 GB SSD,"14 inches, 1920 x 1080 pixels",AMD Radeon,Windows 11 OS,1 Year Warranty
Lenovo IdeaPad 3 ‎14IAU7 82RJ00G5IN Laptop (12th Gen Core i3/ 8GB/ 512GB SSD/ Win11 Home),"₹30,990",54,12th Gen Intel Core i3 1215U,"Hexa Core (2P + 4E), 8 Threads",8 GB DDR4 RAM,512 GB SSD,"14 inches, 1920 x 1080 pixels",Intel UHD Graphics,Windows 11 OS,1 Year Warranty
Acer Aspire Lite AMD AL15-41 Laptop (AMD Ryzen 7 7730U/ 16GB/ 1TB SSD/ Win11),"₹49,464",64,7th Gen AMD Ryzen 7 7730U,"Octa Core, 16 Threads",16 GB DDR4 RAM,1 TB SSD,"15.6 inches, 1920 x 1080 pixels",AMD Graphics,Windows 11 OS,1 Year Warranty
Acer AL15-52H Aspire Lite 15 Laptop (12th Gen Core i7/ 16GB/ 1TB SSD/ Win11),"₹56,990",59,12th Gen Intel Core i7 12650H,"10 Cores (6P + 4E), 16 Threads",16 GB LPDDR5 RAM,1 TB SSD,"15.6 inches, 1920 x 1080 pixels",Intel UHD Graphics,Windows 11 OS,1 Year Warranty
MSI Modern 14 C12MO-1402IN Laptop (12th Gen Core i3/ 16GB/ 512GB SSD/ Win11 Home),"₹32,990",52,12th Gen Intel Core i3 1215U,"Hexa Core (2P + 4E), 8 Threads",16 GB DDR4 RAM,512 GB SSD,"14 inches, 1920 x 1080 pixels",Intel Integrated UHD,Windows 11 OS,1 Year Warranty
MSI Modern 14 C12MO-1400IN Laptop (12th Gen Core i5/ 8GB/ 512GB SSD/ Win11 Home),"₹40,990",51,12th Gen Intel Core i5 1235U,"10 Cores (2P + 8E), 12 Threads",8 GB DDR4 RAM,512 GB SSD,"14 inches, 1920 x 1080 pixels",Intel Integrated UHD,Windows 11 OS,1 Year Warranty
Lenovo Yoga Slim 7 14IMH9 83CV0085IN Laptop (Intel Core Ultra 5 125H/ 16GB/ 512GB SSD/ Win11),"₹81,990",56,Intel Core Ultra 5 Series 1 125H,"14 Cores (4P + 8E + 2LP-E), 18 Threads",16 GB LPDDR5x RAM,512 GB SSD,"14 inches, 1920 x 1200 pixels",Integrated Intel Arc Graphics,Windows 11 OS,1 Year Warranty
Lenovo Yoga Pro 7 Aura Edition 83KF001LIN Laptop (Intel Evo Core Ultra 9 285H/ 32GB/ 1TB/ Win11),"₹1,34,990",82,Intel Core Ultra 9 285H,"16 Cores (6P + 8E + 2LP-E), 16 Threads",32 GB LPDDR5x RAM,1 TB SSD,"14.5 inches, 3000 x 1876 pixels, Touch Screen",Integrated Intel Arc Graphics,Windows 11 OS,1 Year Warranty
Lenovo Yoga 9 2-in-1 14ILL10 83LC001FIN Laptop (Intel Core Ultra 7 258V/ 32GB/ 1TB SSD/ Win11),"₹1,97,490",86,Intel Core Ultra 7 258V,"Octa Core (4P + 4E), 8 Threads",32 GB LPDDR5X RAM,1 TB SSD,"14 inches, 3840 x 2400 pixels, Touch Screen",Intel Integrated Arc 140 V,Windows 11 OS,1 Year Warranty
HP Victus 15-fa2190TX Gaming Laptop (13th Gen Core i5/ 16GB/ 512GB SSD/ Win 11/ 4GB Graphics),"₹66,990",61,13th Gen Intel Core i5 13420H,"Octa Core (4P + 4E), 12 Threads",16 GB DDR4 RAM,512 GB SSD,"15.6 inches, 1920 x 1080 pixels",4 GB NVIDIA GeForce RTX 3050,Windows 11 OS,1 Year Warranty
HP Victus 16-r1705TX Gaming Laptop (14th Gen Core i5/ 16GB/ 512GB SSD/ Win11 Home/ 6GB RTX3050 Graph),"₹82,850",71,14th Gen Intel Core i5 14450HX,"10 Cores (6P + 4E), 16 Threads",16 GB DDR5 RAM,512 GB SSD,"16.1 inches, 1920 x 1080 pixels",6 GB NVIDIA GeForce RTX 3050,Windows 11 OS,1 Year Warranty
Asus ROG Strix G16 (2025) G615JHR-S5005WS Gaming Laptop (14th Gen Core i7/ 16GB/ 1TB SSD/ Win11/ 8GB RTX 5050),"₹1,54,990",80,14th Gen Intel Core i7 14650HX,"16 Cores (8P + 8E), 24 Threads",16 GB DDR5 RAM,1 TB SSD,"16 inches, 2560 x 1600 pixels",8 GB NVIDIA GeForce RTX 5050,Windows 11 OS,1 Year Warranty
Asus TUF Gaming F16 FX608JH-RV057WS Laptop (13th Gen Core i5/ 16GB/ 1TB SSD/ Win11/ 8GB RTX 5050 Graphics),"₹1,09,990",72,13th Gen Intel Core i5 13450HX,"10 Cores (6P + 4E), 16 Threads",16 GB DDR5 RAM,1 TB SSD,"16 inches, 1920 x 1200 pixels",8 GB NVIDIA GeForce RTX 5050,Windows 11 OS,1 Year Warranty
Asus ROG Strix G16 G614PH-RV033WS Gaming Laptop (AMD Ryzen 9 8940HX/ 16GB/ 1TB SSD/ Win11/ 8GB RTX 5050 Graph),"₹1,39,990",71,8th Gen AMD Ryzen 9 8940HX,"16 Cores, 32 Threads",16 GB DDR5 RAM,1 TB SSD,"16 inches, 1920 x 1200 pixels",8 GB NVIDIA GeForce RTX 5050,Windows 11 OS,1 Year Warranty
HP OmniBook 5 Next Gen AI 14-he0014QU Laptop (Snapdragon X Elite X1-26-100/ 16GB/ 512GB SSD/ Win11),"₹65,990",51,Qualcomm Snapdragon X X1-26-100,Octa Core,16 GB LPDDR5X RAM,512 GB SSD,"14 inches, 1920 x 1200 pixels, Touch Screen",Qualcomm Adreno GPU,Windows 11 OS,1 Year Warranty
HP OmniBook 5 Next Gen AI 14-he0015QU Laptop (Snapdragon X Elite X1-26-100/ 16GB/ 1TB SSD/ Win11),"₹68,990",52,Qualcomm Snapdragon X X1-26-100,Octa Core,16 GB LPDDR5X RAM,1 TB SSD,"14 inches, 1920 x 1200 pixels, Touch Screen",Qualcomm Adreno GPU,Windows 11 OS,1 Year Warranty
Lenovo Ideapad 1 83B40004IN Laptop (13th Gen Core i3/ 8GB/ 512GB SSD/ Win11),"₹33,990",51,13th Gen Intel Core i3 1315U,"Hexa Core (2P + 4E), 8 Threads",8 GB DDR4 RAM,512 GB SSD,"15.6 inches, 1920 x 1080 pixels",Intel Integrated Intel HD,Windows 11 OS,1 Year Warranty
Lenovo Yoga 7 14IML9 83DJ00FTIN Laptop (Intel Core Ultra 5 125H/ 16GB/ 512GB SSD/ Win11 Home),"₹88,990",62,Intel Core Ultra 5 Series 1 125H,"14 Cores (4P + 8E + 2LP-E), 18 Threads",16 GB LPDDR5x RAM,512 GB SSD,"14 inches, 1920 x 1200 pixels, Touch Screen",Integrated Intel Arc Graphics,Windows 11 OS,1 Year Warranty
HP Victus 15-fb3004AX Gaming Laptop (AMD Ryzen 5 8645HS/ 16GB/ 512GB SSD/ Win11/ 4GB Graph),"₹58,990",70,8th Gen AMD Ryzen 5 8645HS,"Hexa Core, 12 Threads",16 GB DDR5 RAM,512 GB SSD,"15.6 inches, 1920 x 1080 pixels",4 GB NVIDIA GeForce RTX 2050,Windows 11 OS,1 Year Warranty
MSI Prestige 14 AI Evo C2HMG-087IN Laptop (Intel Core Ultra 7 255H/ 32GB/ 1TB SSD/ Win11 Home),"₹1,14,990",78,Intel Core Ultra 7 255H,"16 Cores (6P + 8E + 2LP-E), 16 Threads",32 GB DDR5 RAM,1 TB SSD,"14 inches, 1920 x 1200 pixels",NVIDIA GeForce RTX Arc,Windows 11 OS,2 Year Warranty
Lenovo LOQ 2024 15IRX9 83DV00X6IN Gaming Laptop (13th Gen Core i5/ 24GB/ 512GB SSD/ Win11/ 6GB RTX3050),"₹94,990",65,13th Gen Intel Core i5 13450HX,"10 Cores (6P + 4E), 16 Threads",24 GB DDR5 RAM,512 GB SSD,"15.6 inches, 1920 x 1080 pixels",6 GB NVIDIA GeForce RTX 3050,Windows 11 OS,1 Year Warranty
Lenovo LOQ ‎15ARP9 83JC00GDIN AI Gaming Laptop (AMD Ryzen 7 7435HS/ 24GB/ 512GB SSD/ Win11/ 4GB RTX 3050A Graph),"₹71,290",70,7th Gen AMD Ryzen 7 7435HS,"Octa Core, 16 Threads",24 GB DDR5 RAM,512 GB SSD,"15.6 inches, 1920 x 1080 pixels",4 GB NVIDIA GeForce RTX 3050 A,Windows 11 OS,1 Year Warranty
Lenovo LOQ ‎15ARP9 83JC00HNIN AI Gaming Laptop (AMD Ryzen 5 7235HS/ 12GB/ 512GB SSD/ Win11/ 4GB RTX 3050A Graph),"₹63,990",64,7th Gen AMD Ryzen 5 7235HS,"Quad Core, 8 Threads",12 GB DDR5 RAM,512 GB SSD,"15.6 inches, 1920 x 1080 pixels",4 GB NVIDIA GeForce RTX 3050A,Windows 11 OS,1 Year Warranty
Asus ROG Strix G16 G615LW-RV148WS Gaming Laptop (Intel Core Ultra 9 275HX / 32GB/ 1TB SSD/ Win11/ 16GB RTX 5080 Graphics),"₹2,99,990",93,Intel Core Ultra 9 275HX,"24 Cores (8P + 16E), 24 Threads",32 GB DDR5 RAM,1 TB SSD,"16 inches, 1920 x 1200 pixels",16 GB NVIDIA GeForce RTX 5080,Windows 11 OS,1 Year Warranty
HP 15-fd0588TU Laptop (13th Gen Core i5/ 16GB/ 1TB SSD/ Win11 Home),"₹59,999",56,13th Gen Intel Core i5 1334U,"10 Cores (2P + 8E), 12 Threads",16 GB DDR4 RAM,1 TB SSD,"15.6 inches, 1920 x 1080 pixels",Intel Integrated UHD,Windows 11 OS,1 Year Warranty
MSI Vector A18 HX A9WHG-033IN Gaming Laptop (AMD Ryzen 9 9955HX/ 32GB/ 2TB SSD/ Win11/ 12GB RTX 5070 Ti Graphics ),"₹2,69,990",90,9th Gen AMD Ryzen 9 9955HX,"16 Cores, 32 Threads",32 GB DDR5 RAM,2 TB SSD,"18 inches, 2560 x 1600 pixels",12 GB NVIDIA GeForce RTX 5070 Ti,Windows 11 OS,2 Year Warranty
MSI Modern 15 H AI C2HMG-233IN Laptop (Intel Core Ultra 7 255H/ 16GB/ 1TB SSD/ Win11 Home),"₹80,990",69,Intel Core Ultra 7 255H,"16 Cores (6P + 8E + 2LP-E), 16 Threads",16 GB DDR5 RAM,1 TB SSD,"15.6 inches, 1920 x 1080 pixels",Intel Arc Graphics,Windows 11 OS,1 Year Warranty
HP 15-hr1000TU Laptop (Intel Core Ultra 5 125H/ 16GB/ 512GB SSD/ Win11 Home),"₹62,490",55,Intel Core Ultra 5 Series 1 125H,"14 Cores (4P + 8E + 2LP-E), 18 Threads",16 GB DDR5 RAM,512 GB SSD,"15.6 inches, 1920 x 1080 pixels",Intel Integrated,Windows 11 OS,1 Year Warranty
MSI Prestige Pro 16 AI B2HVEG-253IN Laptop (Intel Core Ultra 7 255H/ 32GB/ 1TB SSD/ Win11 Home/ 6GB Graphics),"₹1,74,990",84,Intel Core Ultra 9 Series 2 255H,"16 Cores (6P + 8E + 2LP-E), 16 Threads",32 GB LPDDR5 RAM,1 TB SSD,"16 inches, 3840 x 2400 pixels",6 GB NVIDIA GeForce RTX 4050,Windows 11 OS,2 Year Warranty
Asus Vivobook S14 2025 S3407QA-KP020WS Laptop (Qualcomm Snapdragon X1 26 100/ 16GB/ 512GB SSD/ Win11 Home),"₹65,990",54,Qualcomm Snapdragon X X1 26 100,Octa Core,16 GB LPDDR5X RAM,512 GB SSD,"14 inches, 2560 x 1600 pixels",AMD Radeon AMD,Windows 11 OS,1 Year Warranty
Asus Vivobook 14 2025 S3407CA-LY057WS Laptop (Intel Core Ultra 5 225H/ 16GB/ 512GB SSD/ Win11),"₹72,990",68,Intel Core Ultra 5 225H,"14 Cores (4P + 8E + 2LP-E), 14 Threads",16 GB DDR5 RAM,512 GB SSD,"14 inches, 1920 x 1200 pixels",Intel Integrated UHD,Windows 11 OS,1 Year Warranty
Lenovo Chromebook 82UY0014HA Laptop (Intel Celeron N4500/ 4GB/ 64GB SSD/ Chrome OS),"₹14,990",34,Intel Celeron N4500,"Dual Core, 2 Threads",4 GB LPDDR4x RAM,64 GB eMMC Storage,"11.6 inches, 1366 x 768 pixels",Intel UHD Graphics,Chrome OS,1 Year Warranty
Lenovo IdeaPad Slim 3 15IAH8 83ER00KSIN Laptop (12th Gen Core i5/ 16GB/ 512GB SSD/ Win11 Home),"₹46,990",60,12th Gen Intel Core i5 12450H,"Octa Core (4P + 4E), 12 Threads",16 GB DDR4 RAM,512 GB SSD,"15.6 inches, 1920 x 1080 pixels",Intel Integrated Iris Xe,Windows 11 OS,1 Year Warranty
Asus Vivobook 14 S3407CA-LY084WS Laptop (Intel Core Ultra 7 255H/ 16GB/ 512GB SSD/ Win11),"₹82,990",68,Intel Core Ultra 7 255H,"16 Cores (6P + 8E + 2LP-E), 16 Threads",16 GB DDR5 RAM,512 GB SSD,"14 inches, 1920 x 1200 pixels",Intel Integrated Intel,Windows 11 OS,1 Year Warranty
Lenovo IdeaPad 1 ‎15IJL7 82LX00F7IN Laptop (Intel Celeron N4500/ 8GB/ 512GB SSD/ Win11 Home),"₹26,358",37,Intel Celeron N4500,"Dual Core, 2 Threads",8 GB  RAM,512 GB SSD,"14 inches, 1366 x 768 pixels",Intel Integrated UHD,Windows 11 OS,1 Year Warranty
Lenovo LOQ 15ARP9 83JC00EEIN Gaming Laptop (AMD Ryzen 5 7235HS/ 12GB/ 512GB SSD/ Win11/ 6GB RTX 3050 Graph),"₹68,990",66,7th Gen AMD Ryzen 5 7235HS,"Quad Core, 8 Threads",12 GB DDR5 RAM,512 GB SSD,"15.6 inches, 1920 x 1080 pixels",6 GB NVIDIA GeForce RTX 3050,Windows 11 OS,1 Year Warranty
Asus Vivobook 15 M1502YA-BQ703WS Laptop (AMD Ryzen 7 5825U/ 16GB/ 512GB SSD/ Win11),"₹45,990",55,5th Gen AMD Ryzen 7 5825U,"Octa Core, 16 Threads",16 GB  RAM,512 GB SSD,"15.6 inches, 1920 x 1080 pixels",Intergrated AMD Radeon Graphics,Windows 11 OS,1 Year Warranty
Lenovo IdeaPad Slim 82XQ00H7IN Laptop (AMD Ryzen 3 7320U/ 8GB/ 512GB SSD/ Win11 Home),"₹32,990",53,7th Gen AMD Ryzen 3 7320U,"Quad Core, 8 Threads",8 GB LPDDR5 RAM,512 GB SSD,"15.6 inches, 1920 x 1080 pixels",AMD Radeon 610M Graphics,Windows 11 OS,1 Year Warranty
Lenovo IdeaPad Slim 3 82XM00UGIN Laptop (AMD Ryzen 5 5625U/ 16 GB RAM/ 512 GB SSD/ Win 11),"₹40,000",61,5th Gen AMD Ryzen 5 5625U,"Hexa Core, 12 Threads",16 GB DDR4 RAM,512 GB SSD,"15.6 inches, 1920 x 1080 pixels",AMD Radeon,Windows 11 OS,1 Year Warranty
Lenovo Yoga Slim 7 14IMH9 83CV008LIN Laptop (Intel Core Ultra 5 125H/ 16GB/ 1TB SSD/ Win11),"₹85,990",52,Intel Core Ultra 5 Series 1 125H,"14 Cores (4P + 8E + 2LP-E), 18 Threads",16 GB LPDDR5x RAM,1 TB SSD,"14 inches, 1920 x 1200 pixels",Integrated Intel Arc Graphics,Windows 11 OS,1 Year Warranty
Asus ROG Strix G16 G615LM-S5128WS Gaming Laptop (Intel Core Ultra 9 275HX / 16GB/ 1TB SSD/ Win11/ 8GB RTX 5060 Graphics),"₹1,84,990",87,Intel Core Ultra 9 275HX,"24 Cores (8P + 16E), 24 Threads",16 GB DDR5 RAM,1 TB SSD,"16 inches, 2560 x 1600 pixels",8 GB NVIDIA GeForce RTX 5060,Windows 11 OS,1 Year Warranty
Asus TUF Gaming A15 FA506NCR-HN275WS Laptop (AMD Ryzen 7 7435HS/ 16GB / 512GB SSD/ Win11 Home / 4GB Graph),"₹67,990",66,7th Gen AMD Ryzen 7 7435HS,"Octa Core, 16 Threads",16 GB DDR5 RAM,512 GB SSD,"15.6 inches, 1920 x 1080 pixels",4 GB NVIDIA GeForce RTX 3050,Windows 11 OS,1 Year Warranty
Asus TUF Gaming F16 FX677VU-RL055WS Laptop (Intel Core 5 210H/ 16GB/ 512GB SSD/ Win11/ 6GB Graph),"₹86,990",64,5th Gen Intel Core 5 210H,"Octa Core (4P + 4E), 12 Threads",16 GB DDR4 RAM,512 GB SSD,"16 inches, 1920 x 1200 pixels",6 GB NVIDIA GeForce RTX 4050,Windows 11 OS,1 Year Warranty
Asus ROG Zephyrus G14 (2025) GA403UM-QS007WS Gaming Laptop (AMD Ryzen 9 270/ 16GB/ 1TB SSD/ Win11 Home/ 8GB RTX 5060 Graphics),"₹1,79,990",65,AMD Ryzen 9 Octa Core 270,"Octa Core, 16 Threads",16 GB LPDDR5X RAM,1 TB SSD,"14 inches, 2880 x 1800 pixels",8 GB NVIDIA GeForce RTX 5060,Windows 11 OS,1 Year Warranty
Asus ROG Strix G16 G615LP-S5022WS Gaming Laptop (Intel Core Ultra 9 275HX / 32GB/ 1TB SSD/ Win11/ 8GB RTX 5070 Graphics),"₹2,09,990",91,Intel Core Ultra 9 275HX,"24 Cores (8P + 16E), 24 Threads",32 GB DDR5 RAM,1 TB SSD,"16 inches, 2560 x 1600 pixels",8 GB NVIDIA GeForce RTX 5070,Windows 11 OS,1 Year Warranty
Asus ROG Strix G16 G614PM-S5046WS Gaming Laptop (AMD Ryzen 9 8940HX/ 16GB/ 1TB SSD/ Win11/ RTX 5060 8GB Graphics),"₹1,64,990",73,8th Gen AMD Ryzen 9 8940HX,"16 Cores, 32 Threads",16 GB DDR5 RAM,1 TB SSD,"16 inches, 2560 x 1600 pixels",8 GB NVIDIA GeForce RTX 5060,Windows 11 OS,1 Year Warranty
Asus TUF Gaming A16 FA608PP-QT014WS Laptop (AMD Ryzen 9 8940HX/ 16GB/ 1TB SSD/ Win11 Home/ 8GB RTX 5070 Graph),"₹1,59,990",81,8th Gen AMD Ryzen 9 8940HX,16 Cores,16 GB DDR5 RAM,1 TB SSD,"16 inches, 2560 x 1600 pixels",8 GB NVIDIA GeForce RTX 5070,Windows 11 OS,1 Year Warranty
Asus TUF Gaming F16 FX688JPR-QT043WS Laptop (14th Gen Core i7/ 32GB/ 1TB SSD/ Win11/ 8GB RTX 5070 8GB Graphics),"₹1,69,990",86,14th Gen Intel Core i7 14650HX,"16 Cores (8P + 8E), 24 Threads",32 GB DDR5 RAM,1 TB SSD,"16 inches, 2560 x 1600 pixels",8 GB NVIDIA GeForce RTX 5070,Windows 11 OS,1 Year Warranty
Asus TUF Gaming F16 FX608JMR-RV049WS Laptop (14th Gen Core i7/ 16GB/ 1TB SSD/ Win11/ 8GB RTX 5060-8GB Graphics),"₹1,39,990",79,14th Gen Intel Core i7 14650HX,"16 Cores (8P + 8E), 24 Threads",16 GB DDR5 RAM,1 TB SSD,"16 inches, 1920 x 1200 pixels",8 GB NVIDIA GeForce RTX 5060,Windows 11 OS,1 Year Warranty
MSI Modern 15 B12MO-1050IN Laptop (12th Gen Core i7/ 16GB/1TB SSD/ Win11 Home),"₹52,949",56,12th Gen Intel Core i7 1255U,"10 Cores (2P + 8E), 12 Threads",16 GB DDR4 RAM,1 TB SSD,"15 inches, 1920 x 1080 pixels",Intel Integrated Iris Xe,Windows 11 OS,1 Year Warranty
HP 15-FD0582TU Laptop (13th Gen Core i3/ 8GB/ 512GB SSD/ Win11 Home),"₹36,500",53,13th Gen Intel Core i3 1315U,"Hexa Core (2P + 4E), 8 Threads",8 GB DDR4 RAM,512 GB SSD,"15.6 inches, 1920 x 1080 pixels",Intel Integrated UHD,Windows 11 OS,1 Year Warranty
HP 15-fc0390AU Laptop (AMD Ryzen 7 7730U/ 16GB/ 512GB SSD/ Win11 Home),"₹49,790",59,7th Gen AMD Ryzen 7 7730U,"Octa Core, 16 Threads",16 GB DDR4 RAM,512 GB SSD,"15.6 inches, 1920 x 1080 pixels",AMD Radeon AMD,Windows 11 OS,1 Year Warranty
HP 15-fc1038AU Laptop (AMD Ryzen 7 7735HS/ 16GB/ 512GB SSD/ Win11 Home),"₹60,990",62,7th Gen AMD Ryzen 7 7735HS,"Octa Core, 16 Threads",16 GB DDR4 RAM,512 GB SSD,"15.6 inches, 1920 x 1080 pixels",AMD Radeon AMD,Windows 11 OS,1 Year Warranty
Lenovo Yoga Slim 7 14IMH9 83CV009XIN Laptop (Intel Core Ultra 7 155H/ 16GB/ 512GB SSD/ Win11 Home),"₹93,990",61,Intel Core Ultra 7 Series 1 155H,"16 Cores (6P + 8E + 2LP-E), 22 Threads",16 GB LPDDR5x RAM,1 TB SSD,"14 inches, 1920 x 1200 pixels",Integrated Intel Arc Graphics,Windows 11 OS,1 Year Warranty
Lenovo LOQ ‎15IRX9 83DV00X8IN Gaming Laptop (13th Gen Core i7/ 24GB/ 512GB SSD/ Win11/ 8GB RTX4060),"₹1,17,990",71,13th Gen Intel Core i7 13650HX,14 Cores (6P + 8E),24 GB DDR5 RAM,512 GB SSD,"15.6 inches, 1920 x 1080 pixels",8 GB NVIDIA GeForce RTX 4060,Windows 11 OS,1 Year Warranty
MSI Venture A15 AI A2HMG-007IN Laptop (AMD Ryzen 7 260/ 16GB/ 1TB SSD/ Win11 Home),"₹79,990",47,AMD Ryzen 7 260,,16 GB  RAM,1 TB SSD,"15.6 inches, 1920 x 1080 pixels",AMD Radeon Graphics,Windows 11 OS,1 Year Warranty
Asus Vivobook Go 15 E1504FA-NJ5542WS Laptop (AMD Ryzen 5 7520U / 16GB/ 512GB SSD/ Win11 Home),"₹40,990",51,7th Gen AMD Ryzen 5 7520U,"Quad Core, 8 Threads",8 GB LPDDR5 RAM,512 GB SSD,"15.6 inches, 1920 x 1080 pixels",Integrated AMD Radeon Graphics,Windows 11 OS,1 Year Warranty
HP 15-fd0569TU Laptop (13th Gen Core i3/ 8GB/ 512GB SSD/ Win11 Home),"₹34,990",55,13th Gen Intel Core i3 1315U,"Hexa Core (2P + 4E), 8 Threads",8 GB DDR4 RAM,512 GB SSD,"15.6 inches, 1920 x 1080 pixels",Intel Integrated UHD,Windows 11 OS,1 Year Warranty
Lenovo LOQ 2024 15ARP9 83JC00GCIN Gaming Laptop (AMD Ryzen 5 7235HS/ 24GB/ 512GB SSD/ Win11/ 4GB RTX 3050 Graph),"₹69,990",64,7th Gen AMD Ryzen 5 7235HS,"Quad Core, 8 Threads",24 GB DDR5 RAM,512 GB SSD,"15.6 inches, 1920 x 1080 pixels",4 GB NVIDIA GeForce RTX 3050A,Windows 11 OS,1 Year Warranty
Asus Vivobook Go 15 E1504GA-NJ3321WSS Laptop (Intel Core i3-N305/ 8GB/ 512GB SSD/ Win11 Home),"₹30,990",48,Intel Core i3 N305,"Octa Core, 8 Threads",8 GB DDR4 RAM,512 GB SSD,"15.6 inches, 1920 x 1080 pixels",Integrated Intel UHD Graphics,Windows 11 OS,1 Year Warranty
Asus Vivobook 15 X1504VA-NJ2218WS Laptop (13th Gen Core i5/ 16GB/ 512GB SSD/ Win11),"₹48,990",56,13th Gen Intel Core i5 1334U,"10 Cores (2P + 8E), 12 Threads",16 GB DDR4 RAM,512 GB SSD,"15.6 inches, 1920 x 1080 pixels",Integrated Intel Graphics,Windows 11 OS,1 Year Warranty
Asus VivoBook 14 X1404VA-NK1186WS Laptop (13th Gen Core i5/ 16GB/ 512GB SSD/ Win11 Home),"₹55,990",46,13th Gen Intel Core i5 1335U,"10 Cores (2P + 8E), 12 Threads",16 GB  RAM,512 GB SSD,"14 inches, 1920 x 1080 pixels",Intel Graphics,Windows 11 OS,1 Year Warranty
Lenovo Yoga 7 2-in-1 83JQ000XIN Laptop (Intel Core Ultra 5 226V/ 16GB/ 1TB SSD/ Win11 Home),"₹1,10,990",66,Intel Core Ultra 5 226V,"Octa Core (4P + 4LP-E), 8 Threads",16 GB  RAM,1 TB SSD,"14 inches, 1920 x 1200 pixels, Touch Screen",Integrated Intel Arc Graphics 140V,Windows 11 OS,1 Year Warranty
Lenovo LOQ ‎‎15IAX9E 83LK0032IN ‎AI Gaming Laptop (12th Gen Core i5/ 12GB/ 512GB SSD/ Win11/ 4GB RTX 2050 Graph),"₹61,490",59,12th Gen Intel Core i5 12450HX,"Octa Core (4P + 4E), 12 Threads",12 GB DDR5 RAM,512 GB SSD,"15.6 inches, 1920 x 1080 pixels",4 GB NVIDIA GeForce RTX 2050,Windows 11 OS,1 Year Warranty
Lenovo LOQ ‎15IAX9E 83LK0031IN Gaming Laptop (12th Gen Core i5/ 12GB/ 512GB SSD/ Win11/ 4GB RTX 2050 Graph),"₹59,490",59,12th Gen Intel Core i5 12450HX,"Octa Core (4P + 4E), 12 Threads",12 GB DDR5 RAM,512 GB SSD,"15.6 inches, 1920 x 1080 pixels",4 GB NVIDIA GeForce RTX 2050,Windows 11 OS,1 Year Warranty
Asus VivoBook 14 X1404VA-NK762WS Laptop (13th Gen Core i5/ 8GB/ 512GB SSD/ Win11 Home),"₹47,900",44,13th Gen Intel Core i5 1335U,"10 Cores (2P + 8E), 12 Threads",8 GB  RAM,512 GB SSD,"14 inches, 1920 x 1080 pixels",Intel Graphics,Windows 11 OS,1 Year Warranty
HP 15-hr0008TU Laptop (13th Gen Core i5/ 16GB/ 512GB SSD/ Win11 Home),"₹55,990",52,13th Gen Intel Core i5 1334U,"10 Cores (2P + 8E), 12 Threads",16 GB DDR4 RAM,512 GB SSD,"15.6 inches, 1920 x 1080 pixels",Intel Integrated,Windows 11 OS,1 Year Warranty
MSI Venture 15 AI A1MG-007IN Laptop (Intel Core Ultra 7 155H/ 16GB/ 1TB SSD/ Win11 Home),"₹74,990",63,Intel Core Ultra 7 Series 1 155H,"16 Cores (6P + 8E + 2LP-E), 22 Threads",16 GB DDR5 RAM,1 TB SSD,"15.6 inches, 1920 x 1080 pixels",Intel Arc Graphics,Windows 11 OS,1 Year Warranty
HP 14-ep0340TU Laptop (13th Gen Core i5/ 16GB/ 512GB SSD/ Win11 Home),"₹55,000",48,13th Gen Intel Core i5 1334U,"10 Cores (2P + 8E), 12 Threads",16 GB  RAM,512 GB SSD,"14 inches, 1920 x 1080 pixels",Intel UHD Graphics,Windows 11 OS,1 Year Warranty
Lenovo ThinkPad E14 21JKS1FR00 Laptop (13th Gen Core i7/ 16GB/ 512GB SSD/ DOS),"₹81,300",61,13th Gen Intel Core i7 1355U,"10 Cores (2P + 8E), 12 Threads",16 GB DDR4 RAM,512 GB SSD,"14 inches, 1920 x 1200 pixels",Intel Iris Xe Graphics comes,DOS OS,1 Year Warranty
Lenovo ThinkPad E14 Gen 6 ‎21M70062IG Laptop (Intel Core Ultra 5 125U/ 16GB/ 512GB SSD/ DOS),"₹68,475",61,Intel Core Ultra 5 Processor 125U,"12 Cores (2P + 8E + 2LP-E), 14 Threads",16 GB DDR5 RAM,512 GB SSD,"14 inches, 1920 x 1200 pixels",Integrated Intel Graphics,DOS OS,1 Year Warranty
Ultimus Apex 5 NU14U3INF66BY Laptop (12th Gen Core i5/ 8GB/ 512GB SSD/ Win11 Home),"₹30,109",51,12th Gen Intel Core i5 1235U,"10 Cores (2P + 8E), 12 Threads",8 GB DDR4 RAM,512 GB SSD,"14.1 inches, 1920 x 1200 pixels",Intel Integrated,Windows 11 OS,1 Year Warranty
Acer 15 Travel Lite TL15-53M Laptop (13th Gen Core i3/ 16GB/ 512GB SSD/ Win11),"₹34,990",53,13th Gen Intel Core i3,13th Gen Intel Core i3,16 GB  RAM,512 GB SSD,"15.6 inches, 1920 x 1080 pixels",‎Intel Iris Xe Graphics,Windows 11 OS,1 Year Warranty
Lenovo ThinkPad E14 21JKS0LM00 Laptop (13th Gen Core i5/ 8GB/ 512GB SSD/ DOS),"₹67,800",51,13th Gen Intel Core i5 1335U,"10 Cores (2P + 8E), 12 Threads",8 GB DDR4 RAM,512 GB SSD,"14 inches, 1920 x 1200 pixels",Intel UHD Graphics,DOS OS,1 Year Warranty
Lenovo Yoga 7 2-in-1 83JQ000NIN Laptop (Intel Core Ultra 7 258V/ 32GB/ 1TB SSD/ Win11 Home),"₹1,35,990",77,Intel Core Ultra 7 Series 2 258V,"Octa Core (4P + 4E), 8 Threads",32 GB LPDDR5x RAM,1 TB SSD,"14 inches, 2880 x 1800 pixels, Touch Screen",Integrated Intel Arc Graphics 140V,Windows 11 OS,1 Year Warranty
Acer AL15-41 Aspire Lite Laptop (AMD Ryzen 5 5625U/ 16GB/ 1TB SSD/ Win11),"₹37,990",59,5th Gen AMD Ryzen 5 5625U,"Hexa Core, 12 Threads",16 GB DDR4 RAM,1 TB SSD,"15.6 inches, 1920 x 1080 pixels",AMD Graphics,Windows 11 OS,1 Year Warranty
Lenovo ThinkBook 16 21MWA0BSIN Laptop (AMD Ryzen 5 7535HS/ 16GB/ 512GB SSD/ Win 11),"₹45,990",65,7th Gen AMD Ryzen 5 7535HS,"Hexa Core, 12 Threads",16 GB DDR5 RAM,512 GB SSD,"16 inches, 1920 x 1200 pixels",AMD Radeon Graphics,Windows 11 OS,1 Year Warranty
Acer Swift Neo OLED AI SFN14-54H Laptop (Intel Core Ultra 5 115U/ 16GB/ 512GB SSD/Win 11),"₹59,990",53,Intel Core Ultra 5 115U,"Octa Core (2P + 4E + 2LP-E), 10 Threads",16 GB LPDDR5 RAM,512 GB SSD,"14 inches, 1920 x 1200 pixels",Intel Integrated Arc,Windows 11 OS,1 Year Warranty
Lenovo ThinkPad E14 Gen 6 ‎21M7S02W00 Laptop (Intel Core Ultra 5 125U/ 16GB/ 512GB SSD/ Win11),"₹89,990",63,Intel Core Ultra 5 Processor 125U,"12 Cores (2P + 8E + 2LP-E), 14 Threads",16 GB DDR5 RAM,512 GB SSD,"14 inches, 1920 x 1200 pixels",Integrated Intel Graphics,Windows 11 OS,1 Year Warranty
HP 15-fd0490TU Laptop (13th Gen Core i3/ 8GB/ 512GB SSD/ Win11 Home),"₹36,499",53,13th Gen Intel Core i3 1315U,"Hexa Core (2P + 4E), 8 Threads",8 GB DDR4 RAM,512 GB SSD,"15.6 inches, 1920 x 1080 pixels",Intel Integrated UHD,Windows 11 OS,1 Year Warranty
Acer Aspire 15 AS15-42 UN.35MSI.004 Laptop (AMD Ryzen 5 7430U/ 16GB/ 1TB SSD/ Win11),"₹39,990",59,7th Gen AMD Ryzen 5 7430U,"Hexa Core, 12 Threads",16 GB DDR4 RAM,1 TB SSD,"15.6 inches, 1920 x 1080 pixels",AMD Radeon AMD,Windows 11 OS,1 Year Warranty
HP OmniBook 5 16-ba1123TU Laptop (13th Gen Core i5/ 16GB/ 512GB SSD/ Win11),"₹61,990",53,13th Gen Intel Core i5 1334U,"10 Cores (2P + 8E), 12 Threads",16 GB LPDDR5x RAM,512 GB SSD,"16 inches, 1920 x 1200 pixels, Touch Screen",Intel Iris Xe Graphics,Windows 11 OS,1 Year Warranty
Lenovo Thinkpad P14s 21G2S08D00 Laptop (Intel Core Ultra 7 155H/ 16GB/ 1TB SSD/ Win11 Pro/ 4GB Graphics),"₹1,46,000",65,Intel Core Ultra 7 Series 1 155H,"16 Cores (6P + 8E + 2LP-E), 22 Threads",16 GB DDR5 RAM,1 TB SSD,"14 inches, 1920 x 1200 pixels",4 GB NVIDIA RTX 500 Ada,Windows 11 OS,3 Year Warranty
Lenovo IdeaPad Slim 3 82RK019DIN Laptop (12th Gen Core i3/ 8GB/ 512GB SSD/ Win11),"₹35,600",47,12th Gen Intel Core i3 1215U,"Hexa Core (2P + 4E), 8 Threads",8 GB DDR4 RAM,512 GB SSD,"15.6 inches, 1920 x 1080 pixels",Intel Integrated,Windows 11 OS,1 Year Warranty
Lenovo ThinkPad E14 Gen 6 21M7009BIG Laptop (Intel Core Ultra 7 155H/ 16GB/ 512GB SSD/ Win11),"₹89,999",70,Intel Core Ultra 7 Series 1 155H,"16 Cores (6P + 8E + 2LP-E), 22 Threads",16 GB DDR5 RAM,512 GB SSD,"14 inches, 1920 x 1200 pixels",Integrated Intel Graphics,Windows 11 OS,1 Year Warranty
Lenovo Thinkpad P14s 21G2S08C00 Laptop (Intel Core Ultra 7 155H/ 16GB/ 1TB SSD/ Win11 Pro),"₹1,34,207",60,Intel Core Ultra 7 Series 1 155H,"16 Cores (6P + 8E + 2LP-E), 22 Threads",16 GB DDR5 RAM,1 TB SSD,"14 inches, 1920 x 1200 pixels",‎Intel ‎Integrated,Windows 11 OS,3 Year Warranty
HP Victus 15-fb0185AX Gaming Laptop (AMD Ryzen 5 5600H/ 8GB/ 512GB SSD/ Win11/ 4GB Graph),"₹51,990",68,5th Gen AMD Ryzen 5 5600H,"Hexa Core, 12 Threads",8 GB DDR4 RAM,512 GB SSD,"15.6 inches, 1920 x 1080 pixels",4 GB AMD Radeon RX 6500M,Windows 11 OS,1 Year Warranty
HP Victus 15-fa2077TX Gaming Laptop (13th Gen Core i7/ 16GB/ 512GB SSD/ Win11 Home/ 6GB RTX3050 Graph),"₹79,990",65,13th Gen Intel Core i7 13620H,"10 Cores (6P + 4E), 16 Threads",16 GB DDR4 RAM,512 GB SSD,"15.6 inches, 1920 x 1080 pixels",6 GB NVIDIA GeForce RTX 3050,Windows 11 OS,1 Year Warranty
Lenovo Yoga Slim 7 Aura Edition 83JX005FIN Laptop (Intel Core Ultra 5 226V/ 16GB/ 1TB/ Win11),"₹1,02,490",64,Intel Core Ultra 5 226V,"Octa Core (4P + 4LP-E), 8 Threads",16 GB LPDDR5x RAM,1 TB SSD,"14 inches, 1920 x 1200 pixels, Touch Screen",Integrated Intel Arc Graphics,Windows 11 OS,1 Year Warranty
HP 14-ep0294TU Laptop (13th Gen Core i3/ 8GB/ 512GB SSD/ Win11 Home),"₹36,490",50,13th Gen Intel Core i3 1315U,"Hexa Core (2P + 4E), 8 Threads",8 GB DDR4 RAM,512 GB SSD,"14 inches, 1920 x 1080 pixels",Intel UHD Graphics,Windows 11 OS,1 Year Warranty
MSI VenturePro 15 AI A1UDXG-009IN Laptop (Intel Core Ultra 5 125H/ 16GB/ 1TB SSD/ Win11/ 6GB Graphics),"₹89,990",72,Intel Core Ultra 5 125H,"14 Cores (4P + 8E + 2LP-E), 18 Threads",16 GB DDR5 RAM,1 TB SSD,"15.6 inches, 1920 x 1080 pixels",6 GB NVIDIA GeForce RTX 3050,Windows 11 OS,2 Year Warranty
MSI VenturePro 15 AI A1VEG-008IN Laptop (Intel Core Ultra 7 155H/ 16GB/ 1TB SSD/ Win11/ 6GB Graphics),"₹1,09,990",74,Intel Core Ultra 7 155H,"16 Cores (6P + 8E + 2LP-E), 22 Threads",16 GB DDR5 RAM,1 TB SSD,"15.6 inches, 1920 x 1080 pixels",6 GB NVIDIA GeForce RTX 4050,Windows 11 OS,2 Year Warranty
HP 15-fc0476AU Laptop (AMD Ryzen 7 5825U/ 16GB/ 512GB SSD/ Win11 Home),"₹48,990",59,5th Gen AMD Ryzen 7 5825U,"Octa Core, 16 Threads",16 GB DDR4 RAM,512 GB SSD,"15.6 inches, 1920 x 1080 pixels",AMD Radeon AMD,Windows 11 OS,1 Year Warranty
HP 15-fd0489TU Laptop (13th Gen Core i3/ 8GB/ 512GB SSD/ Win11 Home),"₹35,499",48,13th Gen Intel Core i3 1315U,"Hexa Core (2P + 4E), 8 Threads",8 GB  RAM,512 GB SSD,"15.6 inches, 1920 x 1080 pixels",Intel Integrated,Windows 11 OS,1 Year Warranty
Lenovo Yoga Slim 7 Aura Edition 83JX001LIN Laptop (Intel Evo Core Ultra 5 228V/ 32GB/ 1TB/ Win11),"₹1,12,990",68,Intel Core Ultra 5 228V,"Octa Core (4P + 4E), 8 Threads",32 GB LPDDR5x RAM,1 TB SSD,"14 inches, 1920 x 1200 pixels, Touch Screen",Integrated Intel Arc Graphics,Windows 11 OS,1 Year Warranty
Lenovo Yoga Slim 7 Aura Edition 83JX001MIN Laptop (Intel Core Ultra 7 258V/ 32GB/ 1TB/ Win11),"₹1,34,990",73,Intel Core Ultra 7 258V,"Octa Core (4P + 4E), 8 Threads",32 GB LPDDR5x RAM,1 TB SSD,"14 inches, 1920 x 1200 pixels, Touch Screen",Integrated Intel Arc Graphics 140V,Windows 11 OS,1 Year Warranty
HP 250 G10 ‎BJ3R8AT Laptop (13th Gen Core i5/ 32GB/ 512GB SSD/ Win11),"₹56,800",52,13th Gen Intel Core i5 1334U,"10 Cores (2P + 8E), 12 Threads",32 GB  RAM,512 GB SSD,"15.6 inches, 1920 x 1080 pixels",Intel Integrated UHD Graphics,Windows 11 OS,1 Year Warranty
HP 240 G10 ‎‎BE5S0PT Laptop (13th Gen Core i5/ 16GB/ 1TB SSD/ Win 11),"₹56,990",46,13th Gen Intel Core i5 1334U,"10 Cores (2P + 8E), 12 Threads",16 GB  RAM,1 TB SSD,"14 inches, 1920 x 1080 pixels",Intel UHD Graphics,Windows OS,1 Year Warranty
Asus Vivobook S14 Flip 2025 TP3402VAO-LZ619WS Laptop (13th Gen Core i5/ 16GB/ 512GB SSD/ Win11 Home),"₹66,990",55,13th Gen Intel Core i5 13420H,"Octa Core (4P + 4E), 12 Threads",16 GB  RAM,512 GB SSD,"14 inches, 1920 x 1200 pixels, Touch Screen",Intel Integrated UHD,Windows 11 OS,1 Year Warranty
HP 15-fd0552TU Laptop (13th Gen Core i5/ 16GB/ 1TB SSD/ Win11 Home),"₹58,990",56,13th Gen Intel Core i5 1334U,"10 Cores (2P + 8E), 12 Threads",16 GB DDR4 RAM,1 TB SSD,"15.6 inches, 1920 x 1080 pixels",Intel Integrated UHD,Windows 11 OS,1 Year Warranty
HP 240R G9 ‎‎B10MSAT Laptop (13th Gen Core i3/ 16GB/ 512GB SSD/ Dos),"₹35,990",50,12th Gen Intel Core i3 1315U,"Hexa Core (2P + 4E), 8 Threads",16 GB  RAM,512 GB SSD,"14 inches, 1366 x 720 pixels",Intel Integrated Graphics,Windows 11 OS,1 Year Warranty
HP 240R G9 ‎B15JNAT Laptop (13th Gen Core i3/ 8GB/ 512GB SSD/ Dos),"₹35,990",47,12th Gen Intel Core i3 1315U,"Hexa Core (2P + 4E), 8 Threads",8 GB  RAM,512 GB SSD,"14 inches, 1366 x 720 pixels",Intel Integrated Graphics,Windows 11 OS,1 Year Warranty
Lenovo ThinkPad E14 Gen 6 ‎21M3S0AJ00 Laptop (AMD Ryzen 5 7535HS/ 16GB/ 512GB SSD/ Win11),"₹52,005",60,7th Gen AMD Ryzen 5 7535HS,"Hexa Core, 12 Threads",16 GB  RAM,512 GB SSD,"14 inches, 1920 x 1200 pixels",AMD Graphics,Windows 11 OS,1 Year Warranty
Lenovo ThinkPad E14 Gen 6 ‎21M7S0SF00 Laptop (Intel Core Ultra 7 155H/ 16GB/ 512GB SSD/ Win11),"₹96,250",62,Intel Core Ultra 7 Series 1 155H,"16 Cores (6P + 8E + 2LP-E), 22 Threads",16 GB  RAM,512 GB SSD,"14 inches, 1920 x 1200 pixels",Integrated Intel Graphics,Windows 11 OS,1 Year Warranty
Acer Travel Lite TL14-42M 14 Laptop (AMD Ryzen 7 7730U/ 32GB/ 1TB SSD/ Win11),"₹64,990",68,7th Gen AMD Ryzen 7 7730U,"Octa Core, 16 Threads",32 GB  RAM,1 TB SSD,"14 inches, 1920 x 1080 pixels",AMD Radeon Graphics,Windows 11 OS,1 Year Warranty
Acer Travel Lite TL14-52M Laptop (13th Gen Core i7/ 32GB/ 1TB SSD/ Win11),"₹76,900",64,13th Gen Intel Core i7 1355U,"10 Cores (2P + 8E), 12 Threads",32 GB DDR4 RAM,1 TB SSD,"14 inches, 1920 x 1080 pixels",‎Intel Iris Xe Graphics,Windows 11 OS,1 Year Warranty
Alienware M18 R2 Gaming Laptop (14th Gen Core i9/ 32GB/ 1TB SSD/ Win 11/ 12GB Graph),"₹3,72,490",92,14th Gen Intel Core i9 14900HX,"24 Cores (8P + 16E), 32 Threads",32 GB DDR5 RAM,1 TB SSD,"18 inches, 2560 x 1600 pixels",12 GB NVIDIA GeForce RTX 4080,Windows 11 OS,1 Year Warranty
Asus Vivobook 15 X1504VA-NJ3321WS Laptop (13th Gen Core i3/ 8GB/ 512GB SSD/ Win11),"₹35,990",52,13th Gen Intel Core i3 1315U,"Hexa Core (2P + 4E), 8 Threads",8 GB DDR4 RAM,512 GB SSD,"15.6 inches, 1920 x 1080 pixels",Integrated Intel Graphics,Windows 11 OS,1 Year Warranty
Lenovo V15 82TTA07QIH Laptop (12th Gen Core i5 / 8GB/ 512GB SSD/ Win11 Home),"₹42,980",53,12th Gen Intel Core i5 1235U,"10 Cores (2P + 8E), 12 Threads",8 GB DDR4 RAM,512 GB SSD,"15.6 inches, 1920 x 1080 pixels",Integrated Intel Iris Graphics,Windows 11 OS,1 Year Warranty
HP 15-fd0577TU Laptop (13th Gen Core i5/ 16GB/ 512GB SSD/ Win11 Home),"₹52,490",57,13th Gen Intel Core i5 1334U,"10 Cores (2P + 8E), 12 Threads",16 GB DDR4 RAM,512 GB SSD,"15.6 inches, 1920 x 1080 pixels",Intel Integrated UHD,Windows 11 OS,1 Year Warranty
Lenovo IdeaPad Slim 3 83K100CGIN Laptop (13th Gen Core i5/ 16GB/ 512GB SSD/ Win11),"₹54,700",55,13th Gen Intel Core i5 13420H,"Octa Core (4P + 4E), 12 Threads",16 GB LPDDR5 RAM,512 GB SSD,"15.6 inches, 1920 x 1080 pixels",Integrated Intel UHD Graphics,Windows 11 OS,1 Year Warranty
MSI Thin A15 B7UC-284IN Gaming Laptop (AMD Ryzen 5 7535HS/ 16GB/ 512GB SSD/ Win11/ 4GB Graph),"₹69,990",63,7th Gen AMD Ryzen 5 7535HS,"Hexa Core, 12 Threads",16 GB  RAM,512 GB SSD,"15.6 inches, 1920 x 1080 pixels",4 GB NVIDIA GeForce RTX 3050,Windows 11 OS,2 Year Warranty
HP 15-fd0572TU Laptop (13th Gen Core i3/ 8GB/ 512GB SSD/ Win11 Home),"₹38,464",53,13th Gen Intel Core i3 1315U,"Hexa Core (2P + 4E), 8 Threads",8 GB DDR4 RAM,512 GB SSD,"15.6 inches, 1920 x 1080 pixels",Intel Integrated UHD,Windows 11 OS,1 Year Warranty
HP 15-fd1255TU Laptop (Intel Core Ultra 5 125H/ 16GB/ 1TB SSD/ Win11 Home),"₹64,990",59,Intel Core Ultra 5 Series 1 125H,"14 Cores (4P + 8E + 2LP-E), 18 Threads",16 GB DDR5 RAM,1 TB SSD,"15.6 inches, 1920 x 1080 pixels",Intel Integrated,Windows 11 OS,1 Year Warranty
HP 15-fd0575TU Laptop (13th Gen Core i5/ 12GB/ 512GB SSD/ Win11 Home),"₹48,990",51,13th Gen Intel Core i5 1334U,"10 Cores (2P + 8E), 12 Threads",12 GB  RAM,512 GB SSD,"15.6 inches, 1920 x 1080 pixels",Intel Integrated UHD,Windows 11 OS,1 Year Warranty
HP 15-fd0573TU Laptop (13th Gen Core i3/ 12GB/ 512GB SSD/ Win11 Home),"₹37,990",54,13th Gen Intel Core i3 1315U,"Hexa Core (2P + 4E), 8 Threads",12 GB DDR4 RAM,512 GB SSD,"15.6 inches, 1920 x 1080 pixels",Intel Integrated UHD,Windows 11 OS,1 Year Warranty
Asus ROG Zephyrus G14 GA403WR-QS123WS Gaming Laptop (AMD Ryzen AI 9 HX 370/ 32GB/ 2TB SSD/ Win11/ 12GB Graph),"₹2,74,990",80,AMD Ryzen AI 9 HX 370,"12 Cores (4P + 8E), 24 Threads",32 GB LPDDR5X RAM,2 TB SSD,"14 inches, 2880 x 1800 pixels",12 GB NVIDIA GeForce RTX 5070 Ti,Windows 11 OS,1 Year Warranty
Acer Travel Lite TL14-42M Laptop (AMD Ryzen 3 7330U/ 16GB/ 512GB SSD/ Win11),"₹31,990",61,7th Gen AMD Ryzen 3 7330U,"Quad Core, 8 Threads",16 GB DDR4 RAM,512 GB SSD,"14 inches, 1920 x 1080 pixels",AMD Radeon Graphics,Windows 11 OS,1 Year Warranty
Asus ROG Strix G16 G614PR-RV032WS Gaming Laptop (AMD Ryzen 9 8940HX/ 16GB/ 1TB SSD/ Win11/ 12GB RTX 5070Ti Graph),"₹2,19,990",75,8th Gen AMD Ryzen 9 8940HX,"16 Cores, 32 Threads",16 GB DDR5 RAM,1 TB SSD,"16 inches, 1920 x 1200 pixels",12 GB NVIDIA GeForce RTX 5070Ti,Windows 11 OS,1 Year Warranty
Asus ROG Strix G16 G615LR-S5190WS Gaming Laptop (Intel Core Ultra 9 275HX / 32GB/ 1TB SSD/ Win11/ 12GB RTX 5070Ti Graph),"₹2,49,990",93,Intel Core Ultra 9 275HX,"24 Cores (8P + 16E), 24 Threads",32 GB DDR5 RAM,1 TB SSD,"16 inches, 2560 x 1600 pixels",12 GB NVIDIA GeForce RTX 5070Ti,Windows 11 OS,1 Year Warranty
Asus ROG Flow Z13 2025 GZ302EA-RU420WS Gaming Laptop (AMD Ryzen AI MAX 390/ 32GB/ 1TB SSD/ Win11),"₹1,99,990",62,AMD Ryzen AI MAX 390,"12 Cores, 24 Threads",16 GB LPDDR5X RAM,1 TB SSD,"13.4 inches, 2560 x 1600 pixels, Touch Screen",8 GB NVIDIA GeForce RTX 4060,Windows 11 OS,1 Year Warranty
Asus ROG Zephyrus G16 GU605CW-QR133WS Gaming Laptop (Intel Core Ultra 9 285H/ 32GB/ 2TB SSD/ Win11/ 16GB RTX 5080 Graph),"₹3,49,990",89,Intel Core Ultra 9 Series 2 285H,"16 Cores (6P + 8E + 2LP-E), 16 Threads",32 GB LPDDR5X RAM,2 TB SSD,"16 inches, 2560 x 1600 pixels",16 GB NVIDIA GeForce RTX 5080,Windows 11 OS,1 Year Warranty
Asus ROG Strix SCAR 18 2025 G835LX-SA187WS Gaming Laptop (Intel Core Ultra 9 275HX/ 64GB/ 2TB SSD/ Win11/ 24GB RTX 5090 Graph),"₹4,49,990",98,Intel Core Ultra 9 275HX,"24 Cores (8P + 16E), 24 Threads",64 GB DDR5 RAM,2 TB SSD,"18 inches, 2560 x 1600 pixels",24 GB NVIDIA GeForce RTX 5090,Windows 11 OS,1 Year Warranty
Asus ROG Strix SCAR 16 2025 G635LW-RW157WS Gaming Laptop (Intel Core Ultra 9 275HX/ 32GB/ 2TB SSD/ Win11/ 16GB RTX5080 Graph),"₹3,59,850",95,Intel Core Ultra 9 275HX,"24 Cores (8P + 16E), 24 Threads",32 GB DDR5 RAM,2 TB SSD,"16 inches, 2560 x 1600 pixels",16 GB NVIDIA GeForce RTX 5080,Windows 11 OS,1 Year Warranty
Acer Aspire 3 A325-51 15 Laptop (12th Gen Core i5/ 8GB/ 512GB SSD/ Win11),"₹38,890",50,12th Gen Intel Core i5 1235U,"10 Cores (2P + 8E), 12 Threads",8 GB DDR4 RAM,512 GB SSD,"15.6 inches, 1920 x 1080 pixels",Intel UHD Graphics,Windows 11 OS,1 Year Warranty
Acer Aspire 3 15 A325-51 Laptop (12th Gen Core i5/ 16GB/ 512GB SSD/ Win11),"₹39,990",52,12th Gen Intel Core i5 1235U,"10 Cores (2P + 8E), 12 Threads",16 GB DDR4 RAM,512 GB SSD,"15.6 inches, 1920 x 1080 pixels",Intel UHD Graphics,Windows 11 OS,1 Year Warranty
Lenovo ThinkPad E14 Gen 6 ‎21M7S0SG00 Laptop (Intel Core Ultra 7 155H/ 16GB/ 1TB SSD/ Win11),"₹94,450",69,Intel Core Ultra 7 Series 1 155H,"16 Cores (6P + 8E + 2LP-E), 22 Threads",16 GB DDR5 RAM,1 TB SSD,"14 inches, 1920 x 1200 pixels",Integrated Intel Graphics,Windows 11 OS,1 Year Warranty
HP 240R G9 B10MRAT Laptop (13th Gen Core i3/ 8GB/ 512GB SSD/ DOS),"₹34,990",44,12th Gen Intel Core i3 1315U,"Hexa Core (2P + 4E), 8 Threads",16 GB  RAM,512 GB SSD,"14 inches, 1366 x 720 pixels",Intel Integrated Graphics,DOS OS,1 Year Warranty
Lenovo IdeaPad Slim 5 14Q8X9 83HL003NIN Laptop (Snapdragon X Plus/ 16GB/ 1TB SSD/ Win11),"₹79,990",38,Qualcomm Snapdragon X Plus X1P-42-100,,16 GB LPDDR5X RAM,1 TB SSD,"14 inches, 1920 x 1200 pixels",Qualcomm Adreno,Windows 11 OS,1 Year Warranty
Acer Aspire Lite AL15-41 UN.31ZSI.039 Laptop (AMD Ryzen 5 7430U/ 16GB/ 512GB SSD/ Win11),"₹42,990",61,7th Gen AMD Ryzen 5 7430U,"Hexa Core, 12 Threads",16 GB DDR4 RAM,512 GB SSD,"15.6 inches, 1920 x 1080 pixels",AMD Graphics,Windows 11 OS,1 Year Warranty
HP 15-fd0574TU Laptop (13th Gen Core i3/ 16GB/ 512GB SSD/ Win11 Home),"₹39,990",55,13th Gen Intel Core i3 1315U,"Hexa Core (2P + 4E), 8 Threads",16 GB DDR4 RAM,512 GB SSD,"15.6 inches, 1920 x 1080 pixels",Intel Integrated UHD,Windows 11 OS,1 Year Warranty
HP 15-fd1253TU Laptop (Intel Core 3 100U/ 8GB/ 512GB SSD/ Win11 Home),"₹36,990",47,Intel Core 3 100U,"Hexa Core (2P + 4E), 8 Threads",8 GB DDR4 RAM,512 GB SSD,"15.6 inches, 1920 x 1080 pixels",Intel Integrated,Windows 11 OS,1 Year Warranty
Lenovo Yoga Slim 7 14IMH9 83CV008YIN Laptop (Intel Core Ultra 5 125H/ 16GB/ 1TB SSD/ Win11),"₹83,990",53,Intel Core Ultra 5 Series 1 125H,"14 Cores (4P + 8E + 2LP-E), 18 Threads",16 GB LPDDR5x RAM,1 TB SSD,"14 inches, 1920 x 1200 pixels",Integrated Intel Arc Graphics,Windows 11 OS,1 Year Warranty
Asus Vivobook 15 X1504VA-E81599WS Laptop (13th Gen Core i3/ 8GB/ 512GB SSD/ Win11),"₹40,990",52,13th Gen Intel Core i3 1315U,"Hexa Core (2P + 4E), 8 Threads",8 GB DDR4 RAM,512 GB SSD,"15.6 inches, 1920 x 1080 pixels",Integrated Intel UHD Graphics,Windows 11 OS,1 Year Warranty
Lenovo Yoga Slim 7 14ILL10 83JX001LIN Laptop (Intel Core Ultra 5 228V/ 32GB/ 1TB SSD/ Win11 Home),"₹1,12,990",54,Intel Core Ultra 5 228V,Intel Core Ultra 5 228V,32 GB LPDDR5x RAM,1 TB SSD,"14 inches, 1920 x 1200 pixels",Integrated Intel Arc Graphics,Windows 11 OS,1 Year Warranty
MSI Thin A15 B7UC-285IN Gaming Laptop (AMD Ryzen 5 7535H/ 16GB/ 512GB SSD/ Win11/ 4GB Graph),"₹62,990",63,7th Gen AMD Ryzen 5 7535HS,"Hexa Core, 12 Threads",16 GB  RAM,512 GB SSD,"15.6 inches, 1920 x 1080 pixels",4 GB NVIDIA GeForce RTX 2050,Windows 11 OS,2 Year Warranty
Lenovo ThinkPad E14 21JRS0AY00 Laptop (AMD Ryzen 5 7530U/ 16GB/ 512GB SSD/ DOS,"₹54,900",60,7th Gen AMD Ryzen 5 7530U,"Hexa Core, 12 Threads",16 GB DDR4 RAM,512 GB SSD,"14 inches, 1920 x 1080 pixels",AMD Radeon Graphics,DOS OS,1 Year Warranty
Asus TUF Gaming A15 FA566NCR-HN117W Laptop (AMD Ryzen 7 7435HS/ 16GB / 1TB SSD/ Win11 Home / 4GB Graph),"₹70,990",71,7th Gen AMD Ryzen 7 7435HS,"Octa Core, 16 Threads",16 GB DDR5 RAM,1 TB SSD,"15.6 inches, 1920 x 1080 pixels",4 GB NVIDIA GeForce RTX 3050,Windows 11 OS,1 Year Warranty
Asus Vivobook 15 X1504VA-NJ1765WS Laptop (13th Gen Core i5/ 8GB/ 512GB SSD/ Win11),"₹44,990",54,13th Gen Intel Core i5 1334U,"10 Cores (2P + 8E), 12 Threads",16 GB DDR4 RAM,512 GB SSD,"15.6 inches, 1920 x 1080 pixels",Integrated Intel Graphics,Windows 11 OS,1 Year Warranty
HP OmniBook 5 16-ba1008TU Laptop (13th Gen Core i5/ 16GB/ 512GB SSD/ Win11),"₹64,990",53,13th Gen Intel Core i5 1334U,"10 Cores (2P + 8E), 12 Threads",16 GB LPDDR5x RAM,512 GB SSD,"16 inches, 1920 x 1200 pixels, Touch Screen",Intel Iris Xe Graphics,Windows 11 OS,1 Year Warranty
Dell Inspiron 13 AI Laptop (Intel Core Ultra 7 155H/ 16GB/ 1TB SSD/ Win11),"₹1,00,990",59,Intel Core Ultra 7 Series 1 155H,"16 Cores (6P + 8E + 2LP-E), 22 Threads",16 GB LPDDR5X RAM,1 TB SSD,"13.3 inches, 2560 x 1600 pixels",Intel Arc Graphics,Windows 11 OS,1 Year Warranty
Asus TUF Gaming F16 FX677VU-RL155WS Laptop (13th Gen Core i7/ 16GB/ 512GB SSD/ Win11/ 6GB Graph),"₹93,990",70,13th Gen Intel Core i7 13620H,"10 Cores (6P + 4E), 16 Threads",16 GB DDR5 RAM,512 GB SSD,"16 inches, 1920 x 1200 pixels",6 GB NVIDIA GeForce RTX 4050,Windows 11 OS,1 Year Warranty
MSI Raider 18 HX AI A2XWIG-255IN Gaming Laptop (Intel Core Ultra 9 285HX/ 64GB/ 4TB SSD/ Win11/ 16GB Graph),"₹4,29,990",97,14th Gen Intel Core i9 14900HX,"24 Cores (8P + 16E), 32 Threads",64 GB DDR5 RAM,4 TB SSD,"18 inches, 3840 x 2400 pixels",16 GB NVIDIA GeForce RTX 5080,Windows 11 OS,2 Year Warranty
Lenovo Yoga Slim 7 14AKP10 83JY000UIN Laptop (Ryzen AI 7 350/ 32GB/ 1TB SSD/ Win11 Home),"₹1,13,990",55,AMD Ryzen AI 7 AI 7 350,"Octa Core, 16 Threads",32 GB LPDDR5X RAM,1 TB SSD,"14 inches, 1920 x 1200 pixels",AMD Radeon 860M,Windows 11 OS,1 Year Warranty
Lenovo IdeaPad Slim 5 14AKP10 2025 83HX001NIN Laptop (AMD Ryzen AI 7 350/ 24GB RAM/ 1TB SSD/ Win 11),"₹86,990",46,AMD Ryzen AI 7 AI 7 350,"Octa Core, 16 Threads",24 GB LPDDR5X RAM,1 TB SSD,"14 inches, 1920 x 1200 pixels",AMD Radeon 860M,Windows 11 OS,1 Year Warranty
Lenovo IdeaPad Slim 3 ‎14IAH8 83EQ0074IN Laptop (12th Gen Core i5/ 16GB/ 512GB SSD/ Win11 Home),"₹55,900",57,12th Gen Intel Core i5 12450H,"Octa Core (4P + 4E), 12 Threads",16 GB LPDDR5 RAM,512 GB SSD,"14 inches, 1920 x 1080 pixels",Intel Integrated UHD Graphics,Windows 11 OS,1 Year Warranty
Asus Expertbook P3 P3405CVA-LY0015WS Laptop (13th Gen Core i5/ 16GB/ 512GB/ Win11),"₹59,990",57,13th Gen Intel Core i5 13420H,"Octa Core (4P + 4E), 12 Threads",16 GB DDR5 RAM,512 GB SSD,"14 inches, 1920 x 1200 pixels",Intel Integrated UHD,Windows 11 OS,1 Year Warranty
Asus Vivobook S14 2025 S3407VA-LY037WS Laptop (13th Gen Core i5/ 16GB/ 512GB SSD/ Win11 Home),"₹58,990",60,13th Gen Intel Core i5 13420H,"Octa Core (4P + 4E), 12 Threads",16 GB DDR5 RAM,512 GB SSD,"14 inches, 1920 x 1200 pixels",Intel Integrated UHD,Windows 11 OS,1 Year Warranty
Asus Vivobook S14 2025 S3407VA-LY040WS Laptop (13th Gen Core i7/ 16GB/ 512GB SSD/ Win11 Home),"₹68,990",62,13th Gen Intel Core i7 13620H,"10 Cores (6P + 4E), 16 Threads",16 GB DDR5 RAM,512 GB SSD,"14 inches, 1920 x 1200 pixels",Intel Integrated UHD,Windows 11 OS,1 Year Warranty
ASUS Vivobook S14 Flip 2025 TP3402VAO-LZ612WS  Laptop (13th Gen Core i5/ 16GB/ 512GB SSD/ Win11 Home),"₹66,990",61,13th Gen Intel Core i5 13420H,"Octa Core (4P + 4E), 12 Threads",16 GB DDR4 RAM,512 GB SSD,"14 inches, 1920 x 1200 pixels, Touch Screen",Intel Integrated UHD,Windows 11 OS,1 Year Warranty
Asus Expertbook P5 P5405CSA-NZ0583WS Laptop (Intel Core Ultra 5 226V/ 16GB/ 1TB/ Win11),"₹84,990",68,Intel Core Ultra 5 226V,"Octa Core (4P + 4LP-E), 8 Threads",32 GB LPDDR5X RAM,1 TB SSD,"14 inches, 2560 x 1600 pixels",Intel Integrated Arc,Windows 11 OS,1 Year Warranty
Asus Expertbook P1 14 P1403CVA-S60940WS Laptop (13th Gen Core i7/ 32GB/ 512GB/ Win11),"₹72,990",64,13th Gen Intel Core i7 13620H,"10 Cores (6P + 4E), 16 Threads",32 GB DDR5 RAM,512 GB SSD,"14 inches, 1920 x 1080 pixels",Intel Integrated UHD,Windows 11 OS,1 Year Warranty
Asus Expertbook P1 14 P1403CVA-S60939WS Laptop (13th Gen Core i5/ 32GB/ 512GB/ Win11),"₹58,990",62,13th Gen Intel Core i5 13420H,"Octa Core (4P + 4E), 12 Threads",32 GB DDR5 RAM,512 GB SSD,"14 inches, 1920 x 1080 pixels",Intel Integrated UHD,Windows 11 OS,1 Year Warranty
Asus Expertbook P1 14 P1403CVA-S60343WS Laptop (13th Gen Core i3/ 8GB/ 512GB/ Win11),"₹36,990",57,13th Gen Intel Core i3 1315U,"Hexa Core (2P + 4E), 8 Threads",8 GB DDR5 RAM,512 GB SSD,"14 inches, 1920 x 1080 pixels",Intel Integrated UHD,Windows 11 OS,1 Year Warranty
Asus Expertbook P1 P1503CVA-S71074WS Laptop (13th Gen Core i3/ 16GB/ 512GB/ Win11),"₹38,990",57,13th Gen Intel Core i3 1315U,"Hexa Core (2P + 4E), 8 Threads",16 GB DDR5 RAM,512 GB SSD,"15.6 inches, 1920 x 1080 pixels",Intel Integrated UHD,Windows 11 OS,1 Year Warranty
Asus Expertbook P1 14 P1403CVA-S60938WS Laptop (13th Gen Core i3/ 16GB/ 512GB/ Win11),"₹38,990",60,13th Gen Intel Core i3 1315U,"Hexa Core (2P + 4E), 8 Threads",16 GB DDR5 RAM,512 GB SSD,"14 inches, 1920 x 1080 pixels",Intel Integrated UHD,Windows 11 OS,1 Year Warranty
Asus Expertbook P1 P1503CVA-S70501WS Laptop (13th Gen Core i3/ 8GB/ 512GB/ Win11),"₹36,990",55,13th Gen Intel Core i3 1315U,"Hexa Core (2P + 4E), 8 Threads",8 GB DDR5 RAM,512 GB SSD,"15.6 inches, 1920 x 1080 pixels",Intel Integrated UHD,Windows 11 OS,1 Year Warranty
Asus Expertbook P1 P1503CVA-S70611WS Laptop (13th Gen Core i5/ 16GB/ 512GB/ Win11),"₹51,990",56,13th Gen Intel Core i5 13420H,"Octa Core (4P + 4E), 12 Threads",16 GB DDR5 RAM,512 GB SSD,"15.6 inches, 1920 x 1080 pixels",Intel Integrated UHD,Windows 11 OS,1 Year Warranty
Asus Expertbook P1 P1503CVA-S71042WS Laptop (13th Gen Core i7/ 16GB/ 512GB/ Win11),"₹65,990",59,13th Gen Intel Core i7 13620H,"10 Cores (6P + 4E), 16 Threads",16 GB DDR5 RAM,512 GB SSD,"15.6 inches, 1920 x 1080 pixels",Intel Integrated UHD,Windows 11 OS,1 Year Warranty
HP Omen 16-wf0262TX Gaming Laptop (13th Gen Core i7/ 16GB/ 1TB SSD/ Win11/ 8GB Graph),"₹1,34,990",74,13th Gen Intel Core i7 13700HX,"16 Cores (8P + 8E), 24 Threads",16 GB DDR5 RAM,1 TB SSD,"16.1 inches, 1920 x 1080 pixels",8 GB NVIDIA GeForce RTX 4070,Windows 11 OS,1 Year Warranty
MSI Thin 15 B13UCX-2472IN Gaming Laptop (13th Gen Core i5/ 16GB/ 512GB SSD/ Win11 Home/ 4GB RTX 2050 Graph),"₹57,990",64,13th Gen Intel Core i5 13420H,"Octa Core (4P + 4E), 12 Threads",16 GB DDR4 RAM,512 GB SSD,"15.6 inches, 1920 x 1080 pixels",4 GB NVIDIA GeForce RTX 2050,Windows 11 OS,1 Year Warranty
Motorola Motobook 60 83J7000DIN Laptop (Intel Core 7 240H/ 16GB/ 1TB SSD/ Win11 Home),"₹66,990",60,Intel Core 7 240H,"10 Cores (6P + 4E), 16 Threads",16 GB DDR5 RAM,1 TB SSD,"14 inches, 2880 x 1880 pixels",Intel Integrated,Windows 11 OS,1 Year Warranty
Motorola Motobook 60 83J70008IN Laptop (Intel Core 7 240H/ 16GB/ 512GB SSD/ Win11 Home),"₹64,990",59,Intel Core 7 240H,"10 Cores (6P + 4E), 16 Threads",16 GB DDR5 RAM,512 GB SSD,"14 inches, 2880 x 1880 pixels",Intel Integrated,Windows 11 OS,1 Year Warranty
HP 14-gr0002TU Laptop (13th Gen Core i5/ 16GB/ 512GB SSD/ Win11 Home),"₹54,489",54,13th Gen Intel Core i5 1335U,"10 Cores (2P + 8E), 12 Threads",16 GB DDR4 RAM,512 GB SSD,"14 inches, 1920 x 1080 pixels",Intel Iris Xe Graphics,Windows 11 OS,1 Year Warranty
Lenovo 100e Chromebook Gen 4 82W00004HA Laptop (MediaTek Kompanio 520/ 4GB/ 32GB EMMC/ Chrome OS),"₹10,999",27,,,4 GB LPDDR4X RAM,32 GB eMMC Storage,"11.6 inches, 1366 x 768 pixels",MediaTek Integrated Arm Mali-G52,Chrome OS,1 Year Warranty
Lenovo 100e Chromebook Gen 4 82W0001DHAS Laptop (MediaTek Kompanio 528/ 4GB/ 64GB EMMC/ Chrome OS),"₹11,999",28,,,4 GB LPDDR4X RAM,64 GB eMMC Storage,"11.6 inches, 1366 x 768 pixels",MediaTek Integrated Arm Mali-G52,Chrome OS,1 Year Warranty
Asus Vivobook 16 X1605VA-MB1627WS Laptop (13th Gen Core i5/ 16GB/ 512GB SSD/ Win11 Home),"₹55,670",57,13th Gen Intel Core i5 13420H,"Octa Core (4P + 4E), 12 Threads",16 GB DDR4 RAM,512 GB SSD,"16 inches, 1920 x 1200 pixels",Integrated Intel Iris Xe Graphics,Windows 11 OS,1 Year Warranty
MSI Titan 18 HX AI A2XWJG-486IN Gaming Laptop (Intel Core Ultra 9-285HX/ 64GB/ 6TB SSD/ Win11 / 24GB Graphics RTX 5090),"₹6,05,990",98,Intel Core Ultra 9 285HX,"24 Cores (8P + 16E), 24 Threads",64 GB DDR5 RAM,6 TB SSD,"18 inches, 3840 x 2400 pixels",24 GB NVIDIA GeForce RTX 5090,Windows 11 OS,1 Year Warranty
Lenovo IdeaPad Slim 3 15ABR8 82XM00MUIN Laptop (AMD Ryzen 7 5825U/ 16GB/ 512GB SSD/ Win11 Home),"₹47,990",60,5th Gen AMD Ryzen 7 5825U,"Octa Core, 16 Threads",16 GB DDR4 RAM,512 GB SSD,"15.6 inches, 1920 x 1080 pixels",Integrated AMD Radeon Graphics,Windows 11 OS,1 Year Warranty
Lenovo IdeaPad Slim 5 13ARP10 83J2003NIN Laptop (AMD Ryzen 7 7735HS/ 16GB/ 512GB SSD/ Win11),"₹64,990",61,7th Gen AMD Ryzen 7 7735HS,"Octa Core, 16 Threads",16 GB LPDDR5X RAM,512 GB SSD,"13.3 inches, 1920 x 1200 pixels",AMD Radeon 680M,Windows 11 OS,1 Year Warranty
MSI Vector 16 HX A2XWHG-227IN Gaming Laptop (Intel Core Ultra 7 255HX/ 32GB/ 1TB SSD/ Win11/ 12GB Graph),"₹2,26,990",91,Intel Core Ultra 7 255HX,"20 Cores (8P + 12E), 20 Threads",32 GB DDR5 RAM,1 TB SSD,"16 inches, 2560 x 1600 pixels",12 GB NVIDIA GeForce RTX 5070 Ti,Windows 11 OS,2 Year Warranty
Lenovo IdeaPad Slim 3 15ABR8 82XM00UFIN Laptop (AMD Ryzen 5 5625U/ 16GB/ 512GB SSD/ Win11 Home),"₹42,990",57,5th Gen AMD Ryzen 5 5625U,"Hexa Core, 12 Threads",16 GB DDR4 RAM,512 GB SSD,"15.3 inches, 1920 x 1080 pixels",Intel UHD Graphics,Windows 11 OS,1 Year Warranty
HP Victus 15-fb3011AX Gaming Laptop (AMD Ryzen 5 5600H/ 16GB/ 512GB SSD/ Win11/ 6GB Graph),"₹64,990",68,5th Gen AMD Ryzen 5 5600H,"Hexa Core, 12 Threads",16 GB DDR4 RAM,512 GB SSD,"15.6 inches, 1920 x 1080 pixels",6 GB NVIDIA GeForce RTX 3050,Windows 11 OS,1 Year Warranty
Lenovo IdeaPad Slim 3 15IRH10 83K100CFIN Laptop (13th Gen Core i5/ 16GB/ 512GB SSD/ Win11 Home),"₹55,000",51,13th Gen Intel Core i5 13420H,"Octa Core (4P + 4E), 12 Threads",16 GB LPDDR5 RAM,512 GB SSD,"15.3 inches, 1920 x 1200 pixels",Intel UHD Graphics,Windows 11 OS,1 Year Warranty
HP Victus 15-fa2701TX Gaming Laptop (13th Gen Core i5/ 16GB/ 512GB SSD/ Win11 Home/ 6GB RTX 4050),"₹74,880",65,13th Gen Intel Core i5 13420H,"Octa Core (4P + 4E), 12 Threads",16 GB DDR4 RAM,512 GB SSD,"15.6 inches, 1920 x 1080 pixels",6 GB NVIDIA GeForce RTX 4050,Windows 11 OS,1 Year Warranty
Asus Vivobook 16 X1605VA-MB1275WS Laptop (13th Gen Core i7/ 16GB/ 512GB SSD/ Win11 Home),"₹61,990",60,13th Gen Intel Core i7 13620H,"10 Cores (6P + 4E), 16 Threads",16 GB DDR4 RAM,512 GB SSD,"16 inches, 1920 x 1200 pixels",Intel UHD Graphics,Windows 11 OS,1 Year Warranty
HP 240 G10 ‎B10LVPT Business Laptop (13th Gen Core i5/ 8GB/ 512GB SSD/ Dos),"₹49,990",46,13th Gen Intel Core i5 1335U,"10 Cores (2P + 8E), 12 Threads",8 GB DDR4X RAM,512 GB SSD,"14 inches, 1366 x 768 pixels",Intel UHD Graphics,DOS OS,1 Year Warranty
Motorola Motobook 60 Laptop (Intel Core 5 210H/ 16GB/ 512GB SSD/ Win11 Home),"₹54,990",56,Intel Core 5 210H,"Octa Core (4P + 4E), 12 Threads",16 GB DDR5 RAM,512 GB SSD,"14 inches, 2880 x 1880 pixels",Intel Integrated,Windows 11 OS,1 Year Warranty
HP OmniBook 7 Aero 13-bg1678AU Next Gen AI  Laptop (AMD Ryzen 5/ 16GB/ 512GB SSD/ Win11),"₹80,499",56,AMD Ryzen AI 5 340,"Hexa Core, 12 Threads",16 GB LPDDR5x RAM,512 GB SSD,"13.3 inches, 2560 x 1600 pixels, Touch Screen",AMD Radeon 840M Graphics,Windows 11 OS,1 Year Warranty
HP OmniBook X Flip 14-fm0058TU Next Gen AI PC Laptop (Intel Core Ultra 5/ 16GB RAM/ 512GB SSD/ WIn 11),"₹94,087",71,Intel Core Ultra 5 226V,"Octa Core (4P + 4LP-E), 8 Threads",16 GB LPDDR5x RAM,512 GB SSD,"14 inches, 2880 x 1800 pixels, Touch Screen",Intel Arc Graphics,Windows 11 OS,1 Year Warranty
HP OmniBook X Flip 14-fm0029TU Next Gen AI Laptop (Intel Core Ultra 7/ 32GB RAM/ 1TB SSD/ WIn 11),"₹1,38,999",74,Intel Core Ultra 7 Series 2 258V,"Octa Core (4P + 4E), 8 Threads",32 GB LPDDR5x RAM,1 TB SSD,"14 inches, 2880 x 1800 pixels, Touch Screen",Intel Arc Graphics,Windows 11 OS,1 Year Warranty
HP OmniBook X Flip 14-fm0026TU Next Gen AI PC Laptop (Intel Core Ultra 7/ 16GB RAM/ 512GB SSD/ WIn 11),"₹1,14,499",70,Intel Core Ultra 7 Series 2 256V,"Octa Core (4P + 4LP-E), 8 Threads",16 GB LPDDR5x RAM,512 GB SSD,"14 inches, 2880 x 1800 pixels, Touch Screen",Intel Arc Graphics,Windows 11 OS,1 Year Warranty
Dell XPS 14 9440 AI Laptop (Intel Core Ultra 7 155H/ 32GB/ 1TB SSD/ Win11/ RTX 4060 8GB Graphics),"₹3,51,493",86,Intel Core Ultra 7 Series 1 155H,"16 Cores (6P + 8E + 2LP-E), 22 Threads",32 GB LPDDR5x RAM,1 TB SSD,"14.5 inches, 3200 x 2000 pixels, Touch Screen",8 GB NVIDIA GeForce RTX 4060,Windows 11 OS,1 Year Warranty
HP Omen 16 Max 16-ah0076TX Gaming Laptop (Intel Core Ultra 9 275HX/ 32GB/ 1TB SSD/ Win11/ 16GB NVIDIA GeForce RTX 5080),"₹3,09,990",96,Intel Core Ultra 9 275HX,"24 Cores (8P + 16E), 24 Threads",32 GB DDR5 RAM,1 TB SSD,"16 inches, 2560 x 1600 pixels",16 GB NVIDIA GeForce RTX 5080,Windows 11 OS,1 Year Warranty
HP OmniBook 5 Next Gen AI 16-ag1037au Laptop (AMD Ryzen AI 5 340/ 16GB/ 512GB SSD/ Win11),"₹65,094",53,AMD Ryzen AI 5 340,"Hexa Core, 12 Threads",16 GB LPDDR5x RAM,512 GB SSD,"16 inches, 1920 x 1200 pixels, Touch Screen",AMD Radeon 860M Graphics,Windows 11 OS,1 Year Warranty
HP OmniBook 5 Next Gen AI 16-ag1048AU Laptop (AMD Ryzen AI 7 350/ 16GB/ 512GB SSD/ Win11),"₹81,990",54,AMD Ryzen AI 7 350,"Octa Core, 16 Threads",16 GB LPDDR5x RAM,512 GB SSD,"16 inches, 1920 x 1200 pixels, Touch Screen",AMD Radeon 860M Graphics,Windows 11 OS,1 Year Warranty
HP Victus 15-fb3012AX Gaming Laptop (AMD Ryzen 5 8645HS/ 16GB/ 512GB SSD/ Win11/ 6GB Graph),"₹65,990",72,8th Gen AMD Ryzen 5 8645HS,"Hexa Core, 12 Threads",16 GB DDR5 RAM,512 GB SSD,"15.6 inches, 1920 x 1080 pixels",6 GB NVIDIA GeForce RTX 3050,Windows 11 OS,1 Year Warranty
Lenovo LOQ 15IAX9 83LK0068IN Gaming Laptop (12th Gen Core i7/ 12GB/ 512GB SSD/ Win11/ 6GB RTX 4050 Graph),"₹95,090",66,12th Gen Intel Core i7 12650HX,"14 Cores (6P + 8E), 20 Threads",12 GB DDR5 RAM,512 GB SSD,"15.6 inches, 1920 x 1080 pixels",6 GB NVIDIA GeForce RTX 4050,Windows 11 OS,1 Year Warranty
Lenovo IdeaPad 3 ‎14IAU7 82RJ00G0IN Laptop (12th Gen Core i3/ 8GB/ 512GB SSD/ Win11 Home),"₹35,490",53,12th Gen Intel Core i3 1215U,"Hexa Core (2P + 4E), 8 Threads",8 GB DDR4 RAM,512 GB SSD,"14 inches, 1920 x 1080 pixels",Intel Integrated UHD,Windows 11 OS,1 Year Warranty
MSI Katana 15 B13VEK-2220IN Gaming Laptop (13th Gen Core i7/ 16GB/ 1TB SSD/ Win11 Home/ 6GB RTX 4050 Graph),"₹1,02,990",69,13th Gen Intel Core i7 13700H,"14 Cores (6P + 8E), 20 Threads",16 GB DDR5 RAM,1 TB SSD,"15.6 inches, 1920 x 1080 pixels",6 GB NVIDIA GeForce RTX 4050,Windows 11 OS,2 Year Warranty
Lenovo IdeaPad Slim 3 15IRU8 82X700F0IN Laptop (13th Gen Core i3/ 8GB/ 512GB SSD/ Win11 Home),"₹34,889",51,13th Gen Intel Core i3 1315U,"Hexa Core (2P + 4E), 8 Threads",8 GB LPDDR5 RAM,512 GB SSD,"15.6 inches, 1920 x 1080 pixels",Intel UHD Graphics,Windows 11 OS,1 Year Warranty
Dell Inspiron 7640 AI Laptop (Intel Core Ultra 5 125H/ 16GB/ 1TB SSD/ Win11),"₹92,990",55,Intel Core Ultra 5 Series 1 125H,"14 Cores (4P + 8E + 2LP-E), 18 Threads",16 GB LPDDR5X RAM,1 TB SSD,"16 inches, 1920 x 1200 pixels",Intel Graphics,Windows 11 OS,1 Year Warranty
Ultimus Pro NU14U6INC43BN-CS Laptop (Celeron N4020c/ 4GB/ 128GB EMMC/ Win11 Home),"₹12,490",38,Intel Celeron N4020c,"Dual Core, 2 Threads",4 GB DDR4 RAM,128 GB eMMC Storage,"14.1 inches, 1366 x 768 pixels",Intel Integrated,Windows 11 OS,1 Year Warranty
Asus Vivobook 15 X1504VA-NJ2217WS Laptop (13th Gen Core i5/ 16GB/ 512GB SSD/ Win11),"₹48,990",54,13th Gen Intel Core i5 1334U,"10 Cores (2P + 8E), 12 Threads",16 GB DDR4 RAM,512 GB SSD,"15.6 inches, 1920 x 1080 pixels",Integrated Intel Graphics,Windows 11 OS,1 Year Warranty
MSI Modern 14 C12MO-1299IN Laptop (12th Gen Core i5/ 16GB/ 512GB SSD/ Win11 Home),"₹45,990",52,12th Gen Intel Core i5 1235U,"10 Cores (2P + 8E), 12 Threads",16 GB  RAM,512 GB SSD,"14 inches, 1920 x 1080 pixels",Intel Iris Xe Graphics,Windows 11 OS,1 Year Warranty
Asus Zenbook S16 OLED 2025 UM5606KA-RJ108WS Laptop (AMD Ryzen AI 7 350/ 24GB/ 1TB SSD/ Win11 Home),"₹1,27,586",66,AMD Ryzen AI 7 Octa Core 350,"Octa Core, 16 Threads",24 GB LPDDR5X RAM,1 TB SSD,"16 inches, 2880 x 1800 pixels, Touch Screen",AMD Radeon AMD,Windows 11 OS,1 Year Warranty
MSI Modern 15 B12MO-1051IN Laptop (12th Gen Core i5/ 8GB/ 512GB SSD/ Win11 Home),"₹42,990",56,12th Gen Intel Core i5 1235U,"10 Cores (2P + 8E), 12 Threads",8 GB DDR4 RAM,512 GB SSD,"15.6 inches, 1920 x 1080 pixels",Intel Integrated Iris Xe,Windows 11 OS,1 Year Warranty
MSI Modern 15 B7M-427IN Laptop (AMD Ryzen 5 7530U/ 16GB/ 512GB SSD/ Win11),"₹44,990",57,7th Gen AMD Ryzen 5 7530U,"Hexa Core, 12 Threads",16 GB ‎DDR4 RAM,512 GB SSD,"15.6 inches, 1920 x 1080 pixels",AMD Radeon Graphics,Windows 11 OS,1 Year Warranty
Lenovo IdeaPad Slim 3 82XM00QDIN Laptop (AMD  Ryzen 5 5625U/ 16 GB RAM/ 512 GB SSD/ Win 11),"₹42,490",63,5th Gen AMD Ryzen 5 5625U,"Hexa Core, 12 Threads",16 GB DDR4 RAM,512 GB SSD,"15.6 inches, 1920 x 1080 pixels",AMD Radeon,Windows 11 OS,1 Year Warranty
Lenovo IdeaPad Slim 3 83K100CJIN Laptop (13th Gen Core i7/ 16GB/ 512GB SSD/ Win11),"₹67,990",55,13th Gen Intel Core i7 13620H,"10 Cores (6P + 4E), 16 Threads",16 GB LPDDR5 RAM,512 GB SSD,"15.28 inches, 1920 x 1080 pixels",Integrated Intel UHD Graphics,Windows 11 OS,1 Year Warranty
Lenovo IdeaPad Pro 5 83D2004XIN Gaming Laptop (Intel Core Ultra 9 185H/ 32GB/ 1TB SSD/ Win11),"₹1,10,990",66,Intel Core Ultra 9 Series 1 185H,"16 Cores (6P + 8E + 2LP-E), 22 Threads",32 GB LPDDR5X RAM,1 TB SSD,"14 inches, 2880 x 1800 pixels",Integrated Intel Arc Graphics,Windows 11 OS,1 Year Warranty
Asus VivoBook 14 X409FJ-EK501T Laptop (8th Gen Core i5/ 8GB/ 512GB SSD/ Win10/ 2GB Graphics),"₹57,524",54,8th Gen Intel Core i5 8265U,"Quad Core, 8 Threads",8 GB DDR4 RAM,512 GB SSD,"14 inches, 1920 x 1080 pixels",2 GB NVIDIA GeForce MX 230,Windows 10 OS,1 Year Warranty
MSI Modern 15 B7M-428IN Laptop (AMD Ryzen 5 7530U/ 8GB/ 512GB SSD/ Win11),"₹37,990",54,7th Gen AMD Ryzen 5 7530U,"Hexa Core, 12 Threads",8 GB ‎DDR4 RAM,512 GB SSD,"15.6 inches, 1920 x 1080 pixels",AMD Radeon Graphics,Windows 11 OS,1 Year Warranty
Dell 16 Alienware X16 R2 Gaming Laptop (Intel Core Ultra 9 185H/ 32GB/ 1TB SSD/ Win 11/ 8GB RTX4070),"₹2,88,490",80,Intel Core Ultra 9 Series 1 185H,"16 Cores (6P + 8E + 2LP-E), 22 Threads",32 GB LPDDR5X RAM,1 TB SSD,"16 inches, 2560 x 1600 pixels",8 GB NVIDIA GEFORCE RTX 4070,Windows 11 OS,1 Year Warranty
Acer Aspire Lite 15 AL15-41 Laptop (AMD Ryzen 3 5300U/ 8GB/ 256GB SSD/ Win11),"₹27,999",52,5th Gen AMD Ryzen 3 5300U,"Quad Core, 8 Threads",8 GB DDR4 RAM,256 GB SSD,"15.6 inches, 1920 x 1080 pixels",AMD Graphics,Windows 11 OS,1 Year Warranty
Dell 16 Inspiron 5640 Laptop (Intel Core 7 150U/ 16GB/ 512GB SSD/ Win11),"₹90,545",55,Intel Core 7 Processor Series 1 150U,"10 Cores (2P + 8E), 12 Threads",16 GB DDR5 RAM,512 GB SSD,"16 inches, 1920 x 1200 pixels",Intel Graphics,Windows 11 OS,1 Year Warranty
HP Victus ‎15-fb0180AX Gaming Laptop (AMD Ryzen 5 5600H/ 8GB/ 512GB SSD/ Win11/ 4GB Graph),"₹62,999",63,5th Gen AMD Ryzen 5 5600H,"Hexa Core, 12 Threads",8 GB DDR4 RAM,512 GB SSD,"15.6 inches, 1920 x 1080 pixels",4 GB NVIDIA GeForce RTX 3050,Windows 11 OS,1 Year Warranty
HP ‎15-fd0468TU Laptop (13th Gen Core i7/ 16GB/ 512GB SSD/ Win11 Home),"₹66,990",55,13th Gen Intel Core i7 1355U,"10 Cores (2P + 8E), 12 Threads",16 GB DDR4 RAM,512 GB SSD,"15.6 inches, 1920 x 1080 pixels",Intel Integrated Iris Xe,Windows 11 OS,1 Year Warranty
HP 250 G10 ‎B10M3AT Laptop (13th Gen Core i3/ 16GB/ 512GB SSD/ Dos),"₹44,862",50,13th Gen Intel Core i3 1315U,"Hexa Core (2P + 4E), 8 Threads",16 GB DDR4 RAM,512 GB SSD,"15.6 inches, 1366 x 768 pixels",Intel Integrated UHD Graphics,DOS OS,1 Year Warranty
HP 255 G10 ‎‎B69V0PT#ACJ Laptop (AMD Athlon Silver 7120U/ 8GB/ 256GB SSD/ Win11),"₹24,877",30,,,8 GB  RAM,256 GB SSD,"15.6 inches, 1366 x 768 pixels",AMD Integrated,Windows 11 OS,1 Year Warranty
HP 255 G10 ‎B21E0PT#ACJ Laptop (AMD Athlon Silver 7120U/ 8GB/ 256GB SSD/ DOS),"₹23,890",26,,,8 GB  RAM,256 GB SSD,"15.6 inches, 1366 x 768 pixels",AMD Integrated,DOS OS,1 Year Warranty
HP 250R G9 ‎B10M4AT Laptop (13th Gen Core i5/ 16GB/ 512GB SSD/ Win11),"₹52,978",54,13th Gen Intel Core i5 1335U,"10 Cores (2P + 8E), 12 Threads",16 GB DDR4 RAM,512 GB SSD,"15.6 inches, 1366 x 768 pixels",Intel Integrated UHD Graphics,DOS OS,1 Year Warranty
Lenovo V15 G4 ‎82C70081GE Laptop (AMD Ryzen 5 7520U/ 16GB/ 512GB SSD/ Win11 Home),"₹35,490",61,7th Gen AMD Ryzen 5 7520U,"Quad Core, 8 Threads",16 GB DDR5 RAM,512 GB SSD,"15.6 inches, 1920 x 1080 pixels",Integrated AMD Radeon 610M Graphics,Windows 11 OS,1 Year Warranty
MSI Modern 14 C7M-285IN Laptop (AMD Ryzen 7 7730U/ 16GB/ 512GB SSD/ Win11),"₹49,990",55,7th Gen AMD Ryzen 7 7730U,"Octa Core, 16 Threads",16 GB DDR4 RAM,512 GB SSD,"14 inches, 1920 x 1080 pixels",AMD Radeon,Windows 11 OS,1 Year Warranty
MSI Modern 14 C7M-284IN Laptop (Ryzen 5 7530U/ 8GB/ 512GB SSD/ Win11),"₹38,990",54,7th Gen AMD Ryzen 5 7530U,"Hexa Core, 12 Threads",8 GB DDR4 RAM,512 GB SSD,"14 inches, 1920 x 1080 pixels",AMD Radeon AMD,Windows 11 OS,1 Year Warranty
MSI Modern 15 B7M-445IN Laptop (AMD Ryzen 5 7430U/ 16GB/ 512GB SSD/ Win11),"₹37,989",57,7th Gen AMD Ryzen 5 7430U,"Hexa Core, 12 Threads",16 GB ‎DDR4 RAM,512 GB SSD,"15.6 inches, 1920 x 1080 pixels",AMD Radeon Graphics,Windows 11 OS,1 Year Warranty
MSI Katana A15 AI B8VE-481IN Gaming Laptop (AMD Ryzen 7 8840H/ 16GB/ 512GB SSD/ Win11 /6GB Graph),"₹81,929",69,8th Gen AMD Ryzen 7 8840H,"Octa Core, 16 Threads",16 GB DDR5 RAM,512 GB SSD,"15.6 inches, 1920 x 1080 pixels",6 GB NVIDIA GeForce RTX 4050,Windows 11 OS,2 Year Warranty
MSI Cyborg 15 A12UCX-1469IN Gaming Laptop (12th Gen Core i5/ 16GB/ 512GB SSD/ Win11/ 4GB Graph),"₹62,990",66,12th Gen Intel Core i5 12450H,"Octa Core (4P + 4E), 12 Threads",16 GB DDR5 RAM,512 GB SSD,"15.6 inches, 1920 x 1080 pixels",4 GB NVIDIA GeForce RTX 2050,Windows 11 OS,1 Year Warranty
MSI Modern 14 C7M-283IN Laptop (Ryzen 5 7530U/ 16GB/ 512GB SSD/ Win11),"₹39,490",55,7th Gen AMD Ryzen 5 7530U,"Hexa Core, 12 Threads",16 GB DDR4 RAM,512 GB SSD,"14 inches, 1920 x 1080 pixels",AMD Radeon AMD,Windows 11 OS,1 Year Warranty
MSI Modern 15 B12MO-1049IN Laptop (12th Gen Core i3/ 16GB/ 512GB SSD/ Win11 Home),"₹35,511",52,12th Gen Intel Core i3 1215U,"Hexa Core (2P + 4E), 8 Threads",16 GB DDR4 RAM,512 GB SSD,"15 inches, 1920 x 1080 pixels",Intel Integrated,Windows 11 OS,1 Year Warranty
Asus ROG Strix G16 G614JU-N4200WS Gaming Laptop (13th Gen Core i7/ 16GB/ 1TB SSD/ Win11/ 6GB Graph),"₹1,35,990",71,13th Gen Intel Core i7 13650HX,14 Cores (6P + 8E),16 GB DDR5 RAM,1 TB SSD,"16 inches, 1920 x 1200 pixels",6 GB NVIDIA GeForce RTX 4050,Windows 11 OS,1 Year Warranty
HP 14-em0214AU Laptop (AMD Ryzen 5 7530U/ 16GB/ 512GB SSD/ Win11 Home),"₹46,499",54,7th Gen AMD Ryzen 5 7530U,"Hexa Core, 12 Threads",16 GB  RAM,512 GB SSD,"14 inches, 1920 x 1080 pixels",AMD Radeon AMD,Windows 11 OS,1 Year Warranty
Lenovo ThinkPad E14 21JRS0JG00 Laptop (AMD Ryzen 5 7530U/ 16GB/ 512GB SSD/ Win11 Home),"₹53,490",60,7th Gen AMD Ryzen 5 7530U,"Hexa Core, 12 Threads",16 GB DDR4 RAM,512 GB SSD,"14 inches, 1920 x 1200 pixels",AMD Radeon Graphics,Windows 11 OS,1 Year Warranty
Lenovo LOQ 2024 15ARP9 83JC00EFIN Gaming Laptop (AMD Ryzen 5 7235HS/ 24GB/ 512GB SSD/ Win11/ 6GB RTX 3050 Graph),"₹71,990",65,7th Gen AMD Ryzen 5 7235HS,"Quad Core, 8 Threads",24 GB DDR5 RAM,512 GB SSD,"15.6 inches, 1920 x 1080 pixels",6 GB NVIDIA GeForce RTX 3050,Windows 11 OS,1 Year Warranty
HP Envy x360 14-fa0986AU Laptop (AMD Ryzen 7 8840HS/ 32GB/ 1TB SSD/ Win11),"₹1,41,999",74,8th Gen AMD Ryzen 7 8840HS,"Octa Core, 16 Threads",32 GB LPDDR5 RAM,1 TB SSD,"14 inches, 2880 x 1800 pixels, Touch Screen",AMD Radeon Graphics,Windows 11 OS,1 Year Warranty
Dell Latitude 3540 Laptop (12th Gen Core i3/ 16GB/ 512GB SSD/ Win11),"₹37,490",47,12th Gen Intel Core i3 1215U,"Hexa Core (2P + 4E), 8 Threads",16 GB DDR4 RAM,512 GB SSD,"15.6 inches, 1366 x 768 pixels",Intel Graphics,Windows 11 OS,1 Year Warranty
HP 245 G10 B0WM3PT Laptop (AMD Ryzen 5 7520U/ 8GB RAM/ 512GB SSD/ Dos),"₹25,843",52,7th Gen AMD Ryzen 5 7520U,"Quad Core, 8 Threads",8 GB DDR4 RAM,512 GB SSD,"14 inches, 1366 x 768 pixels",AMD Radeon Graphics,DOS OS,1 Year Warranty
Asus Chromebook CX1400CKA-NK0488 Laptop (Intel Celeron N4500/ 4GB/ 128GB eMMC/ Chrome OS),"₹23,799",34,Intel Celeron N4500,"Dual Core, 2 Threads",4 GB LPDDR4X RAM,128 GB eMMC Storage,"14 inches, 1920 x 1080 pixels",Intel Integrated UHD,Chrome OS,1 Year Warranty
HP Pavilion x360 14-ek1149TU Laptop (13th Gen Core i5/ 16GB/ 1TB SSD/ Win11),"₹88,699",61,13th Gen Intel Core i5 1335U,"10 Cores (2P + 8E), 12 Threads",16 GB DDR4 RAM,1 TB SSD,"14 inches, 1920 x 1080 pixels, Touch Screen",Intel Integrated Iris Xe,Windows 11 OS,1 Year Warranty
Asus Vivobook 16 X1605VA-MB1628WS Laptop (13th Gen Core i7/ 16GB/ 512GB SSD/ Win11 Home),"₹66,890",54,13th Gen Intel Core i7 13620H,"10 Cores (6P + 4E), 16 Threads",16 GB  RAM,512 GB SSD,"16 inches, 1920 x 1200 pixels",Integrated Intel Iris Xe Graphics,Windows 11 OS,1 Year Warranty
Asus TUF Gaming A15 FA566NCR-HN254WS Laptop (AMD Ryzen 7 7435HS/ 16GB / 512GB SSD/ Win11 Home / 4GB Graph),"₹67,400",66,7th Gen AMD Ryzen 7 7435HS,"Octa Core, 16 Threads",16 GB DDR5 RAM,512 GB SSD,"15.6 inches, 1920 x 1080 pixels",4 GB NVIDIA GeForce RTX 3050,Windows 11 OS,1 Year Warranty
Asus TUF Gaming F16 FX607VB-RL087WS Laptop (Intel Core 5 210H/ 16GB/ 512GB SSD/ Win11/ 4GB Graph),"₹70,990",61,5th Gen Intel Core 5 210H,"Octa Core (4P + 4E), 12 Threads",16 GB DDR4 RAM,512 GB SSD,"16 inches, 1920 x 1200 pixels",4 GB NVIDIA GeForce RTX 3050A,Windows 11 OS,1 Year Warranty
Asus TUF Gaming F16 FX607VB-RL076WS Laptop (Intel Core 5 210H/ 16GB/ 512GB SSD/ Win11/ 4GB Graph),"₹70,990",61,5th Gen Intel Core 5 210H,"Octa Core (4P + 4E), 12 Threads",16 GB DDR4 RAM,512 GB SSD,"16 inches, 1920 x 1200 pixels",4 GB NVIDIA GeForce RTX 3050A,Windows 11 OS,1 Year Warranty
Asus TUF Gaming A14 FA401WV-RG475WS Gaming Laptop (AMD Ryzen 9 AI HX 370/ 16GB/ 1TB SSD/ Win11 Home/ 8GB Graph),"₹1,49,990",55,AMD Ryzen AI 9 HX370,"12 Cores, 24 Threads",16 GB LPDDR5X RAM,1 TB SSD,"14 inches, 2560 x 1600 pixels",8 GB NVIDIA GeForce RTX 4060,Windows 11 OS,1 Year Warranty
Lenovo IdeaPad 3 15IAU7 82RK019GIN Laptop (12th Gen Core i3/ 8GB/ 512GB SSD/ Win11 Home),"₹32,990",54,12th Gen Intel Core i3 1215U,"Hexa Core (2P + 4E), 8 Threads",8 GB DDR4 RAM,512 GB SSD,"15.6 inches, 1920 x 1080 pixels",Intel UHD Graphics,Windows 11 OS,1 Year Warranty
Asus Vivobook 15 2025 X1504VA-NJ2324WS Laptop,"₹38,890",50,13th Gen Intel Core i3 1315U,"Hexa Core (2P + 4E), 8 Threads",,512 GB SSD,"15.6 inches, 1920 x 1080 pixels",Integrated Intel UHD Graphics,Windows 11 OS,1 Year Warranty
Asus Vivobook Go 15 E1504FA-NJ131WS Laptop (AMD Ryzen 3 7320U/ 8GB/ 512GB SSD/ Win11 Home),"₹30,740",50,7th Gen AMD Ryzen 3 7320U,"Quad Core, 8 Threads",8 GB LPDDR5 RAM,512 GB SSD,"15.6 inches, 1920 x 1080 pixels",Integrated AMD Radeon Graphics,Windows 11 OS,1 Year Warranty
Asus Vivobook Go 15 E1504FA-NJ132WS Laptop (AMD Ryzen 5 7520U / 8GB/ 512GB SSD/ Win11 Home),"₹34,750",51,7th Gen AMD Ryzen 5 7520U,"Quad Core, 8 Threads",8 GB LPDDR5 RAM,512 GB SSD,"15.6 inches, 1920 x 1080 pixels",Integrated AMD Radeon Graphics,Windows 11 OS,1 Year Warranty
Lenovo Legion 5 15IRX9 83JJ0010IN Gaming Laptop (13th Gen Core i7/ 24GB/ 512GB SSD/ Win11/ 8GB RTX4060),"₹1,22,990",70,13th Gen Intel Core i7 13650HX,14 Cores (6P + 8E),24 GB DDR5 RAM,512 GB SSD,"15.6 inches, 1920 x 1080 pixels",8 GB NVIDIA GeForce RTX 4060,Windows 11 OS,1 Year Warranty
Samsung Galaxy Book 5 Pro NP940XHA-LG1IN Laptop (Intel Core Ultra 5 226V/ 16GB/ 512GB SSD/ Win11),"₹1,31,990",70,Intel Core Ultra 5 Series 2 226V,"Octa Core (4P + 4LP-E), 8 Threads",16 GB LPDDR5X RAM,512 GB SSD,"14 inches, 2880 x 1800 pixels, Touch Screen",Intel Arc 130V GPU,Windows 11 OS,1 Year Warranty
Samsung Galaxy Book 5 Pro np940xha-lg3in/ Laptop (Intel Core Ultra 7 258V/ 32GB/ 1TB SSD/ Win11),"₹1,71,990",75,Intel Core Ultra 7 Series 2 258V,"Octa Core (4P + 4E), 8 Threads",32 GB LPDDR5X RAM,1 TB SSD,"14 inches, 2880 x 1800 pixels, Touch Screen",Intel Arc 140V GPU,Windows 11 OS,1 Year Warranty
Samsung Galaxy Book 5 Pro 16 NP960XHA-LG3IN Laptop (Intel Core Ultra 7 258V/ 32GB/ 1TB SSD/ Win11),"₹1,81,990",75,Intel Core Ultra 7 Series 2 258V,"Octa Core (4P + 4E), 8 Threads",32 GB LPDDR5X RAM,1 TB SSD,"16 inches, 2880 x 1800 pixels, Touch Screen",Intel Arc 140V GPU (16GB),Windows 11 OS,1 Year Warranty
Samsung Galaxy Book 5 Pro 360 np960qha-kg3in Laptop (Intel Core Ultra 5 226V/ 16GB/ 512GB SSD/ Win11),"₹1,55,990",68,5th Gen Intel Core Ultra 5 226V,"Octa Core (4P + 4LP-E), 8 Threads",16 GB LPDDR5X RAM,512 GB SSD,"16 inches, 2880 x 1800 pixels, Touch Screen",Intel Arc 130V GPU,Windows 11 OS,1 Year Warranty
Samsung Galaxy Book 5 360 np750qha-lg1in Laptop (Intel Core Ultra 5 226V/ 16GB/ 512GB SSD/ Win11),"₹1,07,990",61,5th Gen Intel Core Ultra 5 226V,"Octa Core (4P + 4LP-E), 8 Threads",16 GB LPDDR5X RAM,512 GB SSD,"15.6 inches, 1920 x 1080 pixels, Touch Screen",Intel Arc Graphics 130V,Windows 11 OS,1 Year Warranty
Samsung Galaxy Book 5 Pro 360 np960qha-kg4in Laptop (Intel Core Ultra 7 258V/ 32GB/ 1TB SSD/ Win11),"₹1,95,990",77,Intel Core Ultra 7 Series 2 258V,"Octa Core (4P + 4E), 8 Threads",32 GB LPDDR5X RAM,1 TB SSD,"16 inches, 2880 x 1800 pixels, Touch Screen",Intel Arc 140V GPU,Windows 11 OS,1 Year Warranty
Samsung Galaxy Book 5 Pro 360 np960qha-kg1in Laptop (Intel Core Ultra 7 256V/ 16GB/ 512GB SSD/ Win11),"₹1,63,990",71,Intel Core Ultra 7 Series 2 256V,"Octa Core (4P + 4LP-E), 8 Threads",16 GB LPDDR5X RAM,512 GB SSD,"16 inches, 2880 x 1800 pixels, Touch Screen",Intel Arc 140V GPU,Windows 11 OS,1 Year Warranty
Samsung Galaxy Book 5 Pro np940xha-lg2in Laptop (Intel Core Ultra 7 Series 2/ 16GB/ 512GB SSD/ Win11),"₹1,39,990",70,Intel Core Ultra 7 Series 2 256V,"Octa Core (4P + 4LP-E), 8 Threads",16 GB LPDDR5X RAM,512 GB SSD,"14 inches, 2880 x 1800 pixels, Touch Screen",Intel Arc 140V GPU,Windows 11 OS,1 Year Warranty
Samsung Galaxy Book 5 360 np750qha-lg4in Laptop (Intel Core Ultra 7 258V/ 32GB/ 1TB SSD/ Win11),"₹1,54,990",72,Intel Core Ultra 7 258V,"Octa Core (4P + 4E), 8 Threads",32 GB LPDDR5X RAM,1 TB SSD,"15.6 inches, 1920 x 1080 pixels, Touch Screen",Intel Arc Graphics 140V,Windows 11 OS,1 Year Warranty
Samsung Galaxy Book 5 360 NP750QHA-LG3IN Laptop (Intel Core Ultra 7 256V/ 16GB/ 1TB SSD/ Win11),"₹1,34,999",70,Intel Core Ultra 7 256V,"Octa Core (4P + 4LP-E), 8 Threads",16 GB LPDDR5X RAM,1 TB SSD,"15.6 inches, 1920 x 1080 pixels, Touch Screen",Intel Arc Graphics 140V,Windows 11 OS,1 Year Warranty
Samsung Galaxy Book 5 360 NP750QHA-LG2IN Laptop (Intel Core Ultra 7 256V/ 16GB/ 512GB SSD/ Win11),"₹1,22,990",69,Intel Core Ultra 7 256V,"Octa Core (4P + 4LP-E), 8 Threads",16 GB LPDDR5X RAM,512 GB SSD,"15.6 inches, 1920 x 1080 pixels, Touch Screen",Intel Arc Graphics 140V,Windows 11 OS,1 Year Warranty
Acer ALG ‎AL15G-53 15 Gaming Laptop (13th Gen Intel Core i5/ 16GB/ 512GB SSD/ Win11/ 6GB RTX 3050 Graphics),"₹62,115",62,13th Gen Intel Core i5 13420H,"Octa Core (4P + 4E), 12 Threads",16 GB DDR4 RAM,512 GB SSD,"15.6 inches, 1920 x 1080 pixels",6 GB NVIDIA GeForce RTX 3050,Windows 11 OS,1 Year Warranty
Acer ALG 15 ‎AL15G-53 Gaming Laptop (13th Gen Intel Core i5/ 16GB/ 1TB SSD/ Win11/ 6GB RTX 3050 Graphics),"₹66,999",62,13th Gen Intel Core i5 13420H,"Octa Core (4P + 4E), 12 Threads",16 GB DDR4 RAM,1 TB SSD,"15.6 inches, 1920 x 1080 pixels",6 GB NVIDIA GeForce RTX 3050,Windows 11 OS,1 Year Warranty
Acer 16 Predator Helios 16 ‎PH16-72 Gaming Laptop (14th Gen Core i7/ 16GB/ 1TB SSD/ Win11/ 8GB Graph),"₹1,55,000",79,14th Gen Intel Core i7 14700HX,"20 Cores (8P + 12E), 28 Threads",16 GB DDR5 RAM,1 TB SSD,"16 inches, 2560 x 1600 pixels",8 GB NVIDIA GeForce RTX 4070,Windows 11 OS,1 Year Warranty
Lenovo Yoga Slim 7 14Q8X9 83ED0065IN Laptop (Snapdragon X Plus/ 32GB/ 1TB SSD/ Win11 Home),"₹92,990",60,Qualcomm Snapdragon X Plus X1P-64-100,10 Cores,32 GB LPDDR5X RAM,1 TB SSD,"14.5 inches, 2944 x 1840 pixels, Touch Screen",Integrated Qualcomm Adreno GPU,Windows 11 OS,1 Year Warranty
Lenovo LOQ 2024 15IRX9 83DV00X4IN Gaming Laptop (13th Gen Core i5/ 16GB/ 512GB SSD/ Win11/ 6GB RTX4050),"₹87,990",66,13th Gen Intel Core i5 13450HX,"10 Cores (6P + 4E), 16 Threads",16 GB DDR5 RAM,512 GB SSD,"15.6 inches, 1920 x 1080 pixels",6 GB NVIDIA GeForce RTX 4050,Windows 11 OS,1 Year Warranty
Apple MacBook Air M4 2025 15 Laptop (Apple M4/ 24GB/ 512GB SSD/ MacOS),"₹1,57,490",52,Apple M4,10 Cores (4P + 6E),24 GB  RAM,512 GB SSD,"15.3 inches, 2880 x 1864 pixels",Apple 10 Core GPU,Mac OS,1 Year Warranty
Apple MacBook Air 2025 15 Laptop (Apple M4/ 16GB/ 512GB SSD/ MacOS),"₹1,38,490",50,Apple M4,10 Cores (4P + 6E),16 GB  RAM,512 GB SSD,"15.3 inches, 2880 x 1864 pixels",Apple 10 Core GPU,Mac OS,1 Year Warranty
Apple MacBook Air 15 2025 Laptop (Apple M4/ 16GB/ 256GB SSD/ MacOS),"₹1,19,490",46,Apple M4,10 Cores (4P + 6E),16 GB  RAM,256 GB SSD,"15.3 inches, 2880 x 1864 pixels",Apple 10 Core GPU,Mac OS,1 Year Warranty
Apple MacBook Air 2025 Laptop (Apple M4/ 24GB/ 512GB SSD/ MacOS/ 10-Core GPU),"₹1,30,900",50,Apple M4,10 Cores (4P + 6E),24 GB  RAM,512 GB SSD,"13.6 inches, 2560 x 1664 pixels",Apple 10 Core GPU,Mac OS,1 Year Warranty
Apple MacBook Air 2025 Laptop (Apple M4/ 16GB/ 512GB SSD/ MacOS/ 10-Core GPU),"₹1,10,900",47,Apple M4,10 Cores (4P + 6E),16 GB  RAM,512 GB SSD,"13.6 inches, 2560 x 1664 pixels",Apple 10 Core GPU,Mac OS,1 Year Warranty
Asus VivoBook 14 X1404VA-NK804WS Laptop (13th Gen Core i5/ 8GB/ 512GB SSD/ Win11 Home),"₹43,990",52,13th Gen Intel Core i5 1334U,"10 Cores (2P + 8E), 12 Threads",8 GB DDR4 RAM,512 GB SSD,"14 inches, 1920 x 1080 pixels",Intel Graphics,Windows 11 OS,1 Year Warranty
Asus VivoBook 14 X1404VA-NK760WS Laptop (13th Gen Core i3/ 8GB/ 512GB SSD/ Win11 Home),"₹34,750",52,13th Gen Intel Core i3 1315U,"Hexa Core (2P + 4E), 8 Threads",8 GB DDR4 RAM,512 GB SSD,"14 inches, 1920 x 1080 pixels",Intel Graphics,Windows 11 OS,1 Year Warranty
Asus Vivobook 15 X1502VA-BQ837WS Laptop (13th Gen Core i7/ 16GB/ 512GB SSD/ Win11),"₹64,990",52,13th Gen Intel Core i7 13620H,"10 Cores (6P + 4E), 16 Threads",16 GB  RAM,512 GB SSD,"15.6 inches, 1920 x 1080 pixels",Integrated Intel iris Xe Graphics,Windows 11 OS,1 Year Warranty
Asus Vivobook 15 X1502VA-BQ838WS Laptop (13th Gen Core i7/ 16GB/ 512GB SSD/ Win11),"₹64,990",52,13th Gen Intel Core i7 13620H,"10 Cores (6P + 4E), 16 Threads",16 GB  RAM,512 GB SSD,"15.6 inches, 1920 x 1080 pixels",Integrated Intel iris Xe Graphics,Windows 11 OS,1 Year Warranty
HP Victus 15-fb2703tx Gaming Laptop (13th Gen Core i5/ 16GB/ 512GB SSD/ Win11/ 4GB Graph),"₹65,047",63,13th Gen Intel Core i5 13420H,"Octa Core (4P + 4E), 12 Threads",16 GB DDR4 RAM,512 GB SSD,"15.6 inches, 1920 x 1080 pixels",4 GB NVIDIA GeForce RTX 2050,Windows 11 OS,1 Year Warranty
HP Victus 15-FA1415TX  Gaming Laptop (12th Gen Core i7/ 16GB/ 512GB SSD/ Win11 Home/ RTX 3050A),"₹75,119",63,12th Gen Intel Core i7 12650H,"10 Cores (6P + 4E), 16 Threads",16 GB DDR4 RAM,512 GB SSD,"15.6 inches, 1920 x 1080 pixels",4 GB NVIDIA GeForce RTX 3050A,Windows 11 OS,1 Year Warranty
MSI Modern 14 C12MO-1248IN Laptop (12th Gen Core i3/ 16GB/ 512GB SSD/ Win11 Home),"₹35,999",54,12th Gen Intel Core i3 1215U,"Hexa Core (2P + 4E), 8 Threads",16 GB DDR4 RAM,512 GB SSD,"14 inches, 1920 x 1080 pixels",Intel Graphics,Windows 11 OS,1 Year Warranty
HP Zbook Firefly 14 G10 918R5PA Workstation Laptop (13th Gen Core i5/ 16GB/ 512GB SSD/ Win11 Pro),"₹87,999",64,13th Gen Intel Core i5 1335U,"10 Cores (2P + 8E), 12 Threads",16 GB DDR5 RAM,512 GB SSD,"14 inches, 1920 x 1200 pixels",Intel Iris Xe Graphics,Windows 11 OS,3 Year Warranty
HP Pavilion AI 14-ew1112TU Laptop (Intel Core Ultra 5 125H/ 16GB/ 512GB SSD/ Win 11),"₹78,990",64,Intel Core Ultra 5 Series 1 125H,"14 Cores (4P + 8E + 2LP-E), 18 Threads",16 GB LPDDR5x RAM,512 GB SSD,"14 inches, 2560 x 1600 pixels",Intel Graphics,Windows 11 OS,1 Year Warranty
HP Pavilion x360 14-ek1148TU Laptop (13th Gen Core i5/ 16GB/ 512GB SSD/ Win11),"₹74,490",60,13th Gen Intel Core i5 1335U,"10 Cores (2P + 8E), 12 Threads",16 GB DDR4 RAM,512 GB SSD,"14 inches, 1920 x 1080 pixels, Touch Screen",Intel Integrated Iris Xe,Windows 11 OS,1 Year Warranty
HP Pavilion x360 14-ek1151TU Laptop (13th Gen Core i5/ 16GB/ 1TB SSD/ Win11),"₹73,490",66,13th Gen Intel Core i5 1335U,"10 Cores (2P + 8E), 12 Threads",16 GB DDR4 RAM,1 TB SSD,"14 inches, 1920 x 1080 pixels, Touch Screen",Intel Integrated Iris Xe,Windows 11 OS,1 Year Warranty
Lenovo LOQ ‎15IRX9 83DV00XEIN Gaming Laptop (13th Gen Core i7/ 16GB/ 512GB SSD/ Win11/ 6GB RTX3050),"₹91,790",66,13th Gen Intel Core i7 13650HX,14 Cores (6P + 8E),16 GB DDR5 RAM,512 GB SSD,"15.6 inches, 1920 x 1080 pixels",6 GB NVIDIA GeForce RTX 3050,Windows 11 OS,1 Year Warranty
Lenovo LOQ 15IAX9 83GS00LJIN Gaming Laptop (12th Gen Core i5/ 12GB/ 512GB SSD/ Win11/ 4GB Graph),"₹58,770",62,12th Gen Intel Core i5 12450HX,"Octa Core (4P + 4E), 12 Threads",12 GB DDR5 RAM,512 GB SSD,"15.6 inches, 1920 x 1080 pixels",4 GB NVIDIA GeForce RTX 2050,Windows 11 OS,1 Year Warranty
HP Pavilion Plus 14-ew0107TU Laptop (13th Gen Core i5/ 16GB/ 512GB SSD/ Win 11),"₹61,999",57,13th Gen Intel Core i5 1335U,"10 Cores (2P + 8E), 12 Threads",16 GB LPDDR5x RAM,512 GB SSD,"14 inches, 1920 x 1200 pixels",Intel Iris Xe Graphics,Windows 11 OS,1 Year Warranty
HP 15-fd0466tu Laptop (13th Gen Core i5/ 8GB/ 512GB SSD/ Win11 Home),"₹46,290",52,13th Gen Intel Core i5 1334U,"10 Cores (2P + 8E), 12 Threads",8 GB DDR4 RAM,512 GB SSD,"15.6 inches, 1920 x 1080 pixels",‎Intel Iris Xe Graphics,Windows 11 OS,1 Year Warranty
Lenovo LOQ 15IAX9 83GS00LLIN Gaming Laptop (12th Gen Core i5/ 16GB/ 512GB SSD/ Win11/ 6GB Graph),"₹74,990",65,12th Gen Intel Core i5 12450HX,"Octa Core (4P + 4E), 12 Threads",16 GB DDR5 RAM,512 GB SSD,"15.6 inches, 1920 x 1080 pixels",6 GB NVIDIA GeForce RTX 3050,Windows 11 OS,1 Year Warranty
Asus Zenbook A14 UX3407RA-QD054WS Laptop (Snapdragon X Elite X1E 78 100/ 16GB/ 512GB SSD/ Win11),"₹89,990",53,Qualcomm Snapdragon X Elite X1E 78 100,"12 Cores, 12 Threads",16 GB LPDDR5X RAM,512 GB SSD,"14 inches, 1920 x 1200 pixels",Qualcomm Adreno,Windows 11 OS,1 Year Warranty
Asus Zenbook A14 UX3407QA-QD259WS Laptop (Snapdragon X X1 26 100/ 16GB/ 512GB SSD/ Win11),"₹83,990",51,Qualcomm Snapdragon X X1 26 100,"Octa Core, 8 Threads",16 GB LPDDR5X RAM,512 GB SSD,"14 inches, 1920 x 1200 pixels",Qualcomm Adreno GPU,Windows 11 OS,1 Year Warranty
Asus Vivobook 16 X1607QA-MB050WS Laptop (Snapdragon X X1 26 100/ 16GB/ 512GB SSD/ Win11),"₹58,990",43,Qualcomm Snapdragon X X1 26 100,"Octa Core, 8 Threads",16 GB LPDDR5X RAM,512 GB SSD,"16 inches, 1920 x 1200 pixels",Qualcomm Adreno GPU,Windows 11 OS,1 Year Warranty
Dell Inspiron 5640 Laptop (13th Gen Core i5/ 16GB/ 512GB SSD/ Win11),"₹63,990",60,13th Gen Intel Core i5 1334U,"10 Cores (2P + 8E), 12 Threads",16 GB DDR5 RAM,512 GB SSD,"16 inches, 1920 x 1200 pixels",Intel Iris Xe Graphics,Windows 11 OS,1 Year Warranty
Asus Vivobook 16X K3605VC-RP413WS Laptop (13th Gen Core i5/ 16GB/ 512GB SSD/ Win11 Home/ 4GB Graph),"₹64,950",60,13th Gen Intel Core i5 13420H,"Octa Core (4P + 4E), 12 Threads",16 GB DDR4 RAM,512 GB SSD,"16 inches, 1920 x 1200 pixels",4 GB NVIDIA Geforce RTX 3050,Windows 11 OS,1 Year Warranty
Asus Vivobook Go 14 E1404FA-NK3321WS Laptop (AMD Ryzen 3 7320U/ 8GB/ 512GB SSD/ Win11 Home),"₹30,990",50,7th Gen AMD Ryzen 3 7320U,"Quad Core, 8 Threads",8 GB LPDDR5 RAM,512 GB SSD,"14 inches, 1920 x 1080 pixels",AMD Radeon AMD,Windows 11 OS,1 Year Warranty
Asus Vivobook 15 X1504VA-NJ2325WS Laptop (13th Gen Core i3/ 16GB/ 512GB SSD/ Win11),"₹38,990",48,13th Gen Intel Core i3 1315U,"Hexa Core (2P + 4E), 8 Threads",16 GB  RAM,512 GB SSD,"15.6 inches, 1920 x 1080 pixels",Integrated Intel UHD Graphics,Windows 11 OS,1 Year Warranty
Asus Vivobook Go 14 E1404FA-NK5542WS Laptop (Ryzen 5 7520U / 16GB/ 512GB SSD/ Win11),"₹40,990",55,7th Gen AMD Ryzen 5 7520U,"Quad Core, 8 Threads",16 GB LPDDR5 RAM,512 GB SSD,"14 inches, 1920 x 1080 pixels",AMD Radeon AMD,Windows 11 OS,1 Year Warranty
HP Victus 15-fb3003AX Gaming Laptop (AMD Ryzen 5 8645HS/ 16GB/ 512GB SSD/ Win11/ 4GB Graph),"₹61,900",70,8th Gen AMD Ryzen 5 8645HS,"Hexa Core, 12 Threads",16 GB DDR5 RAM,512 GB SSD,"15.6 inches, 1920 x 1080 pixels",4 GB NVIDIA GeForce RTX 2050,Windows 11 OS,1 Year Warranty
Lenovo IdeaPad Slim 5 13ARP10 83J2000HIN Laptop (AMD Ryzen 7 7735HS/ 16GB/ 512GB SSD/ Win11),"₹59,699",59,7th Gen AMD Ryzen 7 7735HS,"Octa Core, 16 Threads",16 GB LPDDR5X RAM,512 GB SSD,"13.3 inches, 1920 x 1200 pixels",AMD Radeon 680M,Windows 11 OS,1 Year Warranty
Lenovo ThinkPad E14 21JRS0JH00 Laptop (AMD Ryzen 5 7530U/ 8GB/ 512GB SSD/ Win11 Home),"₹48,990",64,7th Gen AMD Ryzen 5 7530U,"Hexa Core, 12 Threads",8 GB DDR4 RAM,512 GB SSD,"14 inches, 1920 x 1200 pixels",AMD Radeon Graphics,Windows 11 OS,1 Year Warranty
HP Victus 15-fa2700TX  Gaming Laptop (13th Gen Core i5/ 16GB/ 512GB SSD/ Win11/ 6GB Graph),"₹67,990",62,13th Gen Intel Core i5 13420H,"Octa Core (4P + 4E), 12 Threads",16 GB DDR4 RAM,512 GB SSD,"15.6 inches, 1920 x 1080 pixels",6 GB NVIDIA GeForce RTX 3050,Windows 11 OS,1 Year Warranty
HP Victus 15-fa2703TX Gaming Laptop (13th Gen Core i5/ 16GB/ 512GB SSD/ Win11/ 4GB Graph),"₹64,490",61,13th Gen Intel Core i5 13420H,"Octa Core (4P + 4E), 12 Threads",16 GB DDR4 RAM,512 GB SSD,"15.6 inches, 1920 x 1080 pixels",4 GB NVIDIA GeForce RTX 2050,Windows 11 OS,1 Year Warranty
HP 15-fd0492TU Laptop (13th Gen Core i5/ 16GB/ 512GB SSD/ Win11 Home),"₹56,900",55,13th Gen Intel Core i5 1334U,"10 Cores (2P + 8E), 12 Threads",16 GB DDR4 RAM,512 GB SSD,"15.6 inches, 1920 x 1080 pixels",‎Intel Iris Xe Graphics,Windows 11 OS,1 Year Warranty
Asus Vivobook S 14 OLED 2025 S5406SA-QD094WS Laptop (Intel Core Ultra 7 256V/ 16GB/ 512GB SSD/ Win11 Home),"₹99,990",65,Intel Core Ultra 7 256V,"Octa Core (4P + 4LP-E), 8 Threads",16 GB LPDDR5X RAM,512 GB SSD,"14 inches, 1920 x 1200 pixels",Intel Integrated Arc,Windows 11 OS,1 Year Warranty
Asus Vivobook S 14 OLED 2025 S5406SA-QD098WS Laptop (Intel Core Ultra 5 226V/ 16GB/ 512GB SSD/ Win11 Home),"₹84,990",59,5th Gen Intel Core Ultra 5 226V,"Octa Core (4P + 4LP-E), 8 Threads",16 GB LPDDR5X RAM,512 GB SSD,"14 inches, 1920 x 1200 pixels",Intel Integrated Arc,Windows 11 OS,1 Year Warranty
Asus Vivobook 14 2025 X1407CA-LY102WS Laptop (Intel Core Ultra 5 225H/ 16GB/ 512GB SSD/ Win11),"₹66,990",65,Intel Core Ultra 5 225H,"14 Cores (4P + 8E + 2LP-E), 14 Threads",16 GB DDR5 RAM,512 GB SSD,"14 inches, 1920 x 1200 pixels",Intel Integrated Arc,Windows 11 OS,1 Year Warranty
Asus Gaming V16 2025 V3607VU-RP550WS Laptop (Intel Core 5 210H/ 16GB/ 512GB SSD/ Win11/ 6GB Graph),"₹77,890",62,5th Gen Intel Core 5 210H,"Octa Core (4P + 4E), 12 Threads",16 GB DDR5 RAM,512 GB SSD,"16 inches, 1920 x 1200 pixels",6 GB NVIDIA GeForce RTX 4050,Windows 11 OS,1 Year Warranty
Asus Vivobook 14 Flip TP3407SA-QL025WS Laptop (Intel Core Ultra 7 256V/ 16GB/ 512GB SSD/Win11),"₹1,01,990",66,Intel Core Ultra 7 256V,"Octa Core (4P + 4LP-E), 8 Threads",16 GB LPDDR5X RAM,512 GB SSD,"14 inches, 1920 x 1200 pixels, Touch Screen",Intel Integrated Arc,Windows 11 OS,1 Year Warranty
Asus Zenbook Duo OLED 2025 UX8406CA-PZ106WS Laptop (intel Core Ultra 9 285H/ 32GB/ 1TB SSD/ Win11),"₹2,44,980",84,Intel Core Ultra 9 285H,"16 Cores (6P + 8E + 2LP-E), 16 Threads",32 GB LPDDR5X RAM,1 TB SSD,"14 inches, 2880 x 1800 pixels, Touch Screen",Intel Arc Graphics,Windows 11 OS,1 Year Warranty
Asus Gaming V16 V3607VU-RP275WS Laptop ( Intel Core 7 240H/ 16GB/ 512GB SSD/ Win11 / 6GB Graph),"₹86,990",63,7th Gen Intel Core 7 240H,"10 Cores (6P + 4E), 16 Threads",16 GB DDR5 RAM,512 GB SSD,"16 inches, 1920 x 1200 pixels",6 GB NVIDIA GeForce RTX 4050,Windows 11 OS,1 Year Warranty
Asus Zenbook 14 OLED 2025 UX3405CA-PZ348WS Laptop (Intel Core Ultra 7 255H/ 32GB/ 1TB SSD/ Win11 Home),"₹1,17,990",79,Intel Core Ultra 7 255H,"16 Cores (6P + 8E + 2LP-E), 16 Threads",32 GB LPDDR5X RAM,1 TB SSD,"14 inches, 2880 x 1800 pixels, Touch Screen",Intel Integrated Arc,Windows 11 OS,1 Year Warranty
Asus Vivobook 16 2025 X1607CA-MB142WS Laptop (Intel Core Ultra 5 225H/ 16GB/ 512GB SSD/ Win11),"₹69,990",64,Intel Core Ultra 5 225H,"14 Cores (4P + 8E + 2LP-E), 14 Threads",16 GB DDR5 RAM,512 GB SSD,"16 inches, 1920 x 1200 pixels",Intel Graphics,Windows 11 OS,1 Year Warranty
Asus Zenbook 14 OLED 2025 UX3405CA-PZ162WS Laptop ( Intel Core Ultra 5 225H/ 16GB/ 1TB SSD/ Win11 Home),"₹93,749",72,Intel Core Ultra 5 225H,"14 Cores (4P + 8E + 2LP-E), 14 Threads",16 GB LPDDR5X RAM,1 TB SSD,"14 inches, 2880 x 1800 pixels, Touch Screen",Intel Integrated Arc,Windows 11 OS,1 Year Warranty
Asus Zenbook 14 OLED 2025 UX3405CA-PZ164WS Laptop (Intel Core Ultra 9 285H/ 32GB/ 1TB SSD/ Win11 Home),"₹1,26,990",81,Intel Core Ultra 9 285H,"16 Cores (6P + 8E + 2LP-E), 16 Threads",32 GB LPDDR5X RAM,1 TB SSD,"14 inches, 2880 x 1800 pixels, Touch Screen",Intel Integrated Arc,Windows 11 OS,1 Year Warranty
Asus Zenbook 14 OLED 2025 UX3405CA-PZ163WS Laptop (Intel Core Ultra 7 255H/ 32GB/ 1TB SSD/ Win11 Home),"₹1,17,990",79,Intel Core Ultra 7 255H,"16 Cores (6P + 8E + 2LP-E), 16 Threads",32 GB LPDDR5X RAM,1 TB SSD,"14 inches, 2880 x 1800 pixels, Touch Screen",Intel Integrated Arc,Windows 11 OS,1 Year Warranty
HP 255 G10 Laptop (AMD Ryzen 5 7520U/ 8GB/ 512GB SSD/ Win11),"₹31,981",50,7th Gen AMD Ryzen 5 7520U,"Quad Core, 8 Threads",8 GB DDR4 RAM,512 GB SSD,"15.6 inches, 1366 x 768 pixels",AMD Radeon Graphics,Windows 11 OS,1 Year Warranty
Asus Vivobook 16 X1605VA-MB9946WS Laptop (13th Gen Core i9/ 16GB/ 512GB SSD/ Win11 Home),"₹67,999",64,13th Gen Intel Core i9 13900H,"14 Cores (6P + 8E), 20 Threads",16 GB DDR4 RAM,512 GB SSD,"16 inches, 1920 x 1200 pixels",Intergrated Intel Iris Xe Graphics,Windows 11 OS,1 Year Warranty
Asus Vivobook Go 15 E510KA-EJ9011WS Laptop (Intel Celeron N4500/ 8GB/ 512GB SSD/ Win11 Home),"₹24,990",43,Intel Celeron N4500,"Dual Core, 2 Threads",8 GB DDR4 RAM,512 GB SSD,"15.6 inches, 1920 x 1080 pixels",Intel HD Graphics,Windows 11 OS,1 Year Warranty
Dell Inspiron 15 3535 Laptop (AMD Ryzen R5-7530U/ 16GB/ 512GB SSD/ Win11),"₹41,994",52,7th Gen AMD Ryzen 5 7530U,"Hexa Core, 12 Threads",16 GB  RAM,512 GB SSD,"15.6 inches, 1920 x 1080 pixels",AMD Radeon Graphics,Windows 11 OS,1 Year Warranty
HP ‎15-fd0465TU Laptop (13th Gen Core i3/ 8GB/ 512GB SSD/ Win11 Home),"₹35,800",53,13th Gen Intel Core i3 1315U,"Hexa Core (2P + 4E), 8 Threads",8 GB DDR4 RAM,512 GB SSD,"15.6 inches, 1920 x 1080 pixels",‎Intel UHD Graphics,Windows 11 OS,1 Year Warranty
HP ‎15-fd0467TU Laptop (13th Gen Core i5/ 16GB/ 512GB SSD/ Win11 Home),"₹51,900",57,13th Gen Intel Core i5 1334U,"10 Cores (2P + 8E), 12 Threads",16 GB DDR4 RAM,512 GB SSD,"15.6 inches, 1920 x 1080 pixels",‎Intel Iris Xe Graphics,Windows 11 OS,1 Year Warranty
HP Victus 15-fb3025AX Gaming Laptop (AMD Ryzen 9 8945HS/ 16GB/ 1TB SSD/ Win11/ 8GB Graph),"₹1,01,495",77,8th Gen AMD Ryzen 9 8945HS,"Octa Core, 16 Threads",16 GB DDR5 RAM,1 TB SSD,"15.6 inches, 1920 x 1080 pixels",8 GB NVIDIA GeForce RTX 4060,Windows 11 OS,1 Year Warranty
Asus Vivobook 14 Flip TP3407SA-QL024WS Laptop (Intel Core Ultra 5 226V/ 16GB/ 512GB SSD/Win11),"₹84,990",60,5th Gen Intel Core Ultra 5 226V,"Octa Core (4P + 4LP-E), 8 Threads",16 GB LPDDR5X RAM,512 GB SSD,"14 inches, 1920 x 1200 pixels, Touch Screen",Intel Integrated Arc,Windows 11 OS,1 Year Warranty
Asus Vivobook 15 X1502VA-BQ836WS Laptop (13th Gen Core i5/ 16GB/ 512GB SSD/ Win11),"₹53,990",52,13th Gen Intel Core i5 13420H,"Octa Core (4P + 4E), 12 Threads",16 GB  RAM,512 GB SSD,"15.6 inches, 1920 x 1080 pixels",Integrated Intel iris Xe Graphics,Windows 11 OS,1 Year Warranty
Lenovo IdeaPad 5 14IRH9 83KX0059IN Laptop (13th Gen Core i5/ 16GB/ 512GB SSD/ Win11 Home),"₹73,490",55,13th Gen Intel Core i5 13420H,"Octa Core (4P + 4E), 12 Threads",16 GB LPDDR5X RAM,512 GB SSD,"14 inches, 1920 x 1200 pixels, Touch Screen",Integrated Intel UHD Graphics,Windows 11 OS,1 Year Warranty
HP Victus FA1198TX Gaming Laptop (13th Gen Core i5/ 16GB/ 512GB SSD/ Win11 Home/ 6GB Graph),"₹72,990",63,13th Gen Intel Core i5 13420H,"Octa Core (4P + 4E), 12 Threads",16 GB DDR4 RAM,512 GB SSD,"15.6 inches, 1920 x 1080 pixels",6 GB NVIDIA GeForce RTX 3050,Windows 11 OS,1 Year Warranty
Lenovo IdeaPad Slim 3 15AMN8 82XQ00MCIN Laptop (AMD Ryzen 3 7320U/ 8GB/ 512GB SSD/ Win11 Home),"₹34,490",53,7th Gen AMD Ryzen 3 7320U,"Quad Core, 8 Threads",8 GB LPDDR5 RAM,512 GB SSD,"15.6 inches, 1920 x 1080 pixels",AMD Radeon Graphics,Windows 11 OS,1 Year Warranty
Lenovo IdeaPad 5 14IRH9 83KX0058IN Laptop (13th Gen Core i5/ 16GB/ 512GB SSD/ Win11 Home),"₹73,490",55,13th Gen Intel Core i5 13420H,"Octa Core (4P + 4E), 12 Threads",16 GB LPDDR5X RAM,512 GB SSD,"14 inches, 1920 x 1200 pixels, Touch Screen",Intel Integrated UHD,Windows 11 OS,1 Year Warranty
Acer Aspire 3 A311-45 UN.354SI.004 Laptop (Intel Celeron N4500/ 8GB/ 256GB SSD/ Win11),"₹17,990",42,Intel Celeron N4500,"Dual Core, 2 Threads",8 GB DDR4 RAM,256 GB SSD,"11.6 inches, 1366 x 768 pixels",Intel Integrated UHD,Windows 11 OS,1 Year Warranty
Acer Aspire 3 A311-45 UN.354SI.002 Laptop (Intel Celeron N4500/ 8GB/ 512GB SSD/ Win11),"₹22,899",43,Intel Celeron N4500,"Dual Core, 2 Threads",8 GB DDR4 RAM,512 GB SSD,"11.6 inches, 1366 x 768 pixels",Intel Integrated UHD,Windows 11 OS,1 Year Warranty
Acer Aspire 3 A311-45 UN.354SI.006 Laptop (Intel Celeron N4500/ 8GB/ 128GB SSD/ Win11),"₹15,990",41,Intel Celeron N4500,"Dual Core, 2 Threads",8 GB DDR4 RAM,128 GB SSD,"11.6 inches, 1366 x 768 pixels",Intel Integrated UHD,Windows 11 OS,1 Year Warranty
Lenovo IdeaPad Slim 3 15IAH8 83ER00KRIN Laptop (12th Gen Core i5/ 16GB/ 512GB SSD/ Win11 Home),"₹45,750",57,12th Gen Intel Core i5 12450H,"Octa Core (4P + 4E), 12 Threads",16 GB LPDDR5 RAM,512 GB SSD,"15.6 inches, 1920 x 1080 pixels",Intel Integrated UHD Graphics,Windows 11 OS,1 Year Warranty
Acer TravelMate TMP214-54 Laptop (12th Gen Core i7/ 16GB/ 512GB SSD/ Win11 Home),"₹60,990",62,12th Gen Intel Core i7 1255U,"10 Cores (2P + 8E), 12 Threads",16 GB DDR4 RAM,512 GB SSD,"14 inches, 1920 x 1080 pixels",Intel Integrated Iris Xe,Windows 11 OS,1 Year Warranty
Dell Latitude 15 3540 Laptop (12th Gen Core i3/ 8GB/ 512GB SSD/ Win11),"₹35,190",45,12th Gen Intel Core i3 1215U,"Hexa Core (2P + 4E), 8 Threads",8 GB DDR4 RAM,512 GB SSD,"15.6 inches, 1366 x 768 pixels",Intel Graphics,Windows 11 OS,1 Year Warranty
Acer 15 Aspire Lite AL15-52H Laptop (12th Gen Core i5/ 16GB/ 1TB SSD/ Win11),"₹48,999",57,12th Gen Intel Core i5 12450H,"Octa Core (4P + 4E), 12 Threads",16 GB DDR4 RAM,1 TB SSD,"15.6 inches, 1920 x 1080 pixels",Intel UHD Graphics,Windows 11 OS,1 Year Warranty
Lenovo ThinkPad T15g 20YSS01J00 Laptop (11th Gen Core i9/ 16GB/ 512GB SSD/ Win10 Pro/ 8GB Graph),"₹1,22,000",63,11th Gen Intel Core i9 11950H,11th Gen Intel Core i9 11950H,16 GB DDR4 RAM,512 GB SSD,"15.6 inches, 1920 x 1080 pixels",8 GB NVIDIA GeForce RTX 3070,Windows 10 OS,1 Year Warranty
Lenovo IdeaPad 1 15ALC7 82R4010DIN Laptop (AMD Ryzen 5 5625U /16GB/ 512GB SSD/ Win11 Home),"₹39,000",60,5th Gen AMD Ryzen 5 5625U,"Hexa Core, 12 Threads",16 GB DDR4 RAM,512 GB SSD,"15.6 inches, 1920 x 1080 pixels",AMD Radeon,Windows 11 OS,1 Year Warranty
Lenovo IdeaPad Slim 1 ‎15IGL7 82V700KHIN Laptop (Celeron N4020/ 8GB/ 512GB SSD/ Win11 Home),"₹26,890",47,4th Gen Intel Celeron N4020,"Dual Core, 2 Threads",8 GB DDR4 RAM,512 GB SSD,"15.6 inches, 1366 x 768 pixels",Integrated Intel UHD Graphics 600,Windows 11 OS,1 Year Warranty
Acer 15 TravelMate TMP215-53 Business Laptop (11th Gen Core i3/ 16GB/ 512GB SSD/ Win11),"₹38,719",59,11th Gen Intel Core i3 1115G4,"Dual Core, 4 Threads",16 GB DDR4 RAM,512 GB SSD,"15.6 inches, 1920 x 1080 pixels",Intel Graphics,Windows 11 OS,1 Year Warranty
Acer TravelMate TMP215-53 Business Laptop (11th Gen Core i3/ 16GB/ 256GB SSD/ Win11),"₹39,990",57,11th Gen Intel Core i3 1115G4,"Dual Core, 4 Threads",16 GB DDR4 RAM,256 GB SSD,"15.6 inches, 1920 x 1080 pixels",Intel Graphics,Windows 11 OS,1 Year Warranty
Lenovo IdeaPad Slim 3 15IAH8 83ER00KPIN Laptop (12th Gen Core i5/ 16GB/ 512GB SSD/ Win11),"₹47,000",56,12th Gen Intel Core i5 12450H,"Octa Core (4P + 4E), 12 Threads",16 GB DDR4 RAM,512 GB SSD,"15.6 inches, 1920 x 1080 pixels",Intel Integrated Iris Xe,Windows 11 OS,1 Year Warranty
Lenovo IdeaPad Slim 5 83DC008VIN Laptop (Intel Core Ultra 7 155H/ 16 GB RAM/ 1TB SSD/ Win 11),"₹86,990",54,Intel Core Ultra 7 Series 1 155H,"16 Cores (6P + 8E + 2LP-E), 22 Threads",16 GB LPDDR5X RAM,1 TB SSD,"16 inches, 1920 x 1200 pixels",Intel Arc Graphics,Windows 11 OS,1 Year Warranty
MSI Prestige 13 AI Plus Evo A2VMG-023IN Laptop (Intel Core Ultra 7 258V/ 32GB/ 1TB SSD/ Win11 Home),"₹1,19,990",71,Intel Core Ultra 7 258V,"Octa Core (4P + 4E), 8 Threads",32 GB LPDDR5X RAM,1 TB SSD,"13.3 inches, 2880 x 1800 pixels",Intel Integrated Arc 140V,Windows 11 OS,2 Year Warranty
MSI Thin 15 B12UC-2240IN Gaming Laptop (12th Gen Core i7/ 16GB/ 512GB SSD/ Win11 Home/ 4GB RTX3050 Graph),"₹63,495",70,12th Gen Intel Core i7 12650H,"10 Cores (6P + 4E), 16 Threads",16 GB DDR4 RAM,512 GB SSD,"15.6 inches, 1920 x 1080 pixels",4 GB NVIDIA GeForce RTX 3050,Windows 11 OS,2 Year Warranty
Asus Zenbook 14 OLED UX3405MA-PP555WS Laptop (Intel Core Ultra 5 125H/ 16GB/ 1TB SSD/ Win11 Home),"₹89,999",63,Intel Core Ultra 5 Series 1 125H,"14 Cores (4P + 8E + 2LP-E), 18 Threads",16 GB LPDDR5X RAM,1 TB SSD,"14 inches, 2880 x 1800 pixels, Touch Screen",Intel Arc Graphics,Windows 11 OS,1 Year Warranty
MSI Thin 15 B12UC-2242IN Gaming Laptop (12th Gen Core i7/ 16GB/ 512GB SSD/ Win11/ 4GB RTX2050 Graph),"₹60,990",65,12th Gen Intel Core i7 12650H,"10 Cores (6P + 4E), 16 Threads",16 GB DDR4 RAM,512 GB SSD,"15.6 inches, 1920 x 1080 pixels",4 GB NVIDIA GeForce RTX 2050,Windows 11 OS,2 Year Warranty
Asus ROG Strix SCAR 16 (2025) G635LX-RW158WS Gaming Laptop (Intel Core Ultra 9 Processor 275HX/ 32GB/ 2TB SSD/ Win11 Home/ RTX 5090 24 GB Graphics),"₹4,24,990",98,Intel Core Ultra 9 275HX,"24 Cores (8P + 16E), 24 Threads",32 GB DDR5 RAM,2 TB SSD,"16 inches, 2560 x 1600 pixels",24 GB NVIDIA GeForce RTX 5090,Windows 11 OS,1 Year Warranty
Dell Vostro 3440 Laptop (13th Gen Core i5/ 8GB/ 512GB SSD/ Win11),"₹53,490",57,13th Gen Intel Core i5 1334U,"10 Cores (2P + 8E), 12 Threads",8 GB DDR5 RAM,512 GB SSD,"14 inches, 1920 x 1080 pixels",Intel  Graphics,Windows 11 OS,1 Year Warranty
Dell Latitude 14 3440 Laptop (12th Gen Core i5/ 8GB/ 512GB SSD/ Win11),"₹58,990",48,12th Gen Intel Core i5 1235U,"10 Cores (2P + 8E), 12 Threads",8 GB DDR4 RAM,512 GB SSD,"14 inches, 1366 x 768 pixels",Intel Graphics,Windows 11 OS,1 Year Warranty
Lenovo Yoga Pro 7 83HN0027IN AI Laptop (AMD Ryzen AI 9 365/ 32GB/ 1TB SSD/ Win11 Home),"₹1,28,900",62,AMD Ryzen AI 9 365,"10 Cores (4P + 6E), 20 Threads",32 GB LPDDR5x RAM,1 TB SSD,"14.5 inches, 2880 x 1800 pixels",AMD Radeon 880M Graphics,Windows 11 OS,1 Year Warranty
Lenovo IdeaPad Slim 3 83EM00H0IN Laptop (13th Gen Core i5/ 16GB/ 512GB SSD/ Win11),"₹54,570",55,13th Gen Intel Core i5 13420H,"Octa Core (4P + 4E), 12 Threads",16 GB LPDDR5 RAM,512 GB SSD,"15.6 inches, 1920 x 1080 pixels",Integrated Intel UHD Graphics,Windows 11 OS,1 Year Warranty
Acer Aspire Lite AL15-53 Laptop (13th Gen Core i5/ 16GB/ 512GB SSD/ Win11),"₹43,290",56,13th Gen Intel Core i5 1334U,"10 Cores (2P + 8E), 12 Threads",16 GB DDR4 RAM,512 GB SSD,"15.6 inches, 1920 x 1080 pixels",Intel UHD Graphics,Windows 11 OS,1 Year Warranty
Lenovo LOQ ‎15IRX9 83DV00XCIN Gaming Laptop (13th Gen Core i5/ 16GB/ 512GB SSD/ Win11/ 6GB RTX3050),"₹78,700",66,13th Gen Intel Core i5 13450HX,"10 Cores (6P + 4E), 16 Threads",16 GB DDR5 RAM,512 GB SSD,"15.6 inches, 1920 x 1080 pixels",6 GB NVIDIA GeForce RTX 3050,Windows 11 OS,1 Year Warranty
MSI Thin 15 B12UC-2239IN Gaming Laptop (12th Gen Core i7/ 16GB/ 1TB SSD/ Win11 Home/ 4GB Graph),"₹72,990",60,12th Gen Intel Core i7 12650H,"10 Cores (6P + 4E), 16 Threads",16 GB  RAM,1 TB SSD,"15.6 inches, 1920 x 1080 pixels",4 GB NVIDIA GeForce RTX 3050,Windows 11 OS,2 Year Warranty
HP 255 G10 B15J0PT Laptop (AMD Ryzen 5 7520U/ 8GB/ 512GB SSD/ Dos),"₹33,151",45,7th Gen AMD Ryzen 5 7520U,"Quad Core, 8 Threads",8 GB DDR4 RAM,512 GB SSD,"15.6 inches, 1366 x 768 pixels",AMD Radeon Graphics,DOS OS,1 Year Warranty
Dell 15 Latitude 3540 Laptop (12th Gen Core i3/ 8GB/ 512GB SSD/ Ubuntu),"₹35,190",43,12th Gen Intel Core i3 1215U,"Hexa Core (2P + 4E), 8 Threads",8 GB DDR4 RAM,512 GB SSD,"15.6 inches, 1366 x 768 pixels",Intel Graphics,Ubuntu OS,1 Year Warranty
HP ZBook Firefly 16 G11 A1VX6PT Laptop (Intel Core Ultra 7/ 16GB/ 1TB SSD/ Win11/ 4GB Graphics),"₹1,43,999",72,Intel Core Ultra 7 Series 1 155H,"16 Cores (6P + 8E + 2LP-E), 22 Threads",16 GB DDR5 RAM,1 TB SSD,"16 inches, 1920 x 1200 pixels",4 GB NVIDIA RTX A500,Windows 11 OS,1 Year Warranty
Dell Latitude 3450 Laptop (13th Gen Core i5/ 16GB/ 512GB SSD/ Win11),"₹65,900",48,13th Gen Intel Core i5,"10 Cores (2P + 8E), 12 Threads",16 GB DDR5 RAM,512 GB SSD,"14 inches, 1920 x 1080 pixels",Intel Graphics,Windows 11 OS,1 Year Warranty
HP EliteBook 840 G10 Laptop (13th Gen Core i5/ 16GB/ 512GB SSD/ Win11 Pro),"₹1,01,990",52,13th Gen Intel Core i5 1335U,"10 Cores (2P + 8E), 12 Threads",16 GB DDR5 RAM,512 GB SSD,"15.6 inches, 1920 x 1200 pixels",‎Intel Iris Xe Graphics,Windows 11 OS,
Dell 9350 XPS 13 Laptop (Intel Ultra 7 Series 2 256V/ 16GB/ 512GB SSD/ Win11),"₹1,80,490",66,Intel Core Ultra 7 Series 2 256V,"Octa Core (4P + 4E), 8 Threads",16 GB LPDDR5 RAM,512 GB SSD,"13.4 inches, 2880 x 1800 pixels, Touch Screen",Intel Arc Graphics,Windows 11 OS,1 Year Warranty
HP OmniBook Ultra Flip Next Gen AI 14-fh0026TU Laptop (Intel Core Ultra 7/ 16GB RAM/ 1TB SSD/ WIn 11),"₹1,68,569",71,Intel Core Ultra 7 Series 2 258V,"Octa Core (4P + 4E), 8 Threads",16 GB LPDDR5x RAM,1 TB SSD,"14 inches, 2880 x 1800 pixels, Touch Screen",Intel Arc Graphics,Windows 11 OS,1 Year Warranty
HP OmniBook Ultra Flip Next Gen AI 14-fh0029TU Laptop (Intel Core Ultra 7/ 32GB RAM/ 1TB SSD/ WIn 11),"₹1,91,925",74,Intel Core Ultra 7 Series 2 258V,"Octa Core (4P + 4E), 8 Threads",32 GB LPDDR5x RAM,1 TB SSD,"14 inches, 2880 x 1800 pixels, Touch Screen",Intel Arc Graphics,Windows 11 OS,1 Year Warranty
HP ZBook Firefly 14 G11 A1VL0PT Laptop (Intel Core Ultra 7/16 GB/ 1TB SSD/ Win11/ 4GB Graphics),"₹1,31,999",73,Intel Core Ultra 7 Series 1 155H,"16 Cores (6P + 8E + 2LP-E), 22 Threads",16 GB DDR5 RAM,1 TB SSD,"14 inches, 1920 x 1200 pixels",4 GB NVIDIA RTX A500,Windows 11 OS,1 Year Warranty
Lenovo Yoga Slim 7i Aura Edition (Intel Core Ultra 7 258V/ 32GB/ 1TB/ Win11),"₹1,47,750",73,Intel Core Ultra 7 258V,"Octa Core (4P + 4E), 8 Threads",32 GB LPDDR5x RAM,1 TB SSD,"15.3 inches, 2880 x 1800 pixels, Touch Screen",Intel Arc Graphics,Windows 11 OS,1 Year Warranty
Dell Latitude 3440 Laptop (13th Gen Core i7/ 8GB/ 512GB SSD/ Win11),"₹87,511",46,13th Gen Intel Core i7 1355U,"10 Cores (2P + 8E), 12 Threads",8 GB  RAM,512 GB SSD,"14 inches, 1920 x 1080 pixels",Intel Graphics,Windows 11 OS,1 Year Warranty
HP 255 G10 B1FW9PT Laptop (AMD Ryzen 3 7320U/ 8GB/ 512GB SSD/ Win11),"₹27,891",48,7th Gen AMD Ryzen 3 7320U,"Quad Core, 8 Threads",8 GB DDR4 RAM,512 GB SSD,"15.6 inches, 1366 x 768 pixels",AMD Radeon Graphics,Windows 11 OS,1 Year Warranty
HP ProBook 440 G9 821P0PA Laptop (12th Gen Core i5/ 16GB/ 512GB SSD/ Dos),"₹74,990",59,12th Gen Intel Core i5 1235U,"10 Cores (2P + 8E), 12 Threads",16 GB DDR4 RAM,512 GB SSD,"14 inches, 1920 x 1080 pixels",Intel Iris Xe Graphics,DOS OS,1 Year Warranty
Acer AL15-41 Aspire Lite 15 Laptop (AMD Ryzen 5 5625U/ 8GB/ 512GB SSD/ Win11),"₹33,490",54,5th Gen AMD Ryzen 5 5625U,"Hexa Core, 12 Threads",8 GB DDR4 RAM,512 GB SSD,"15.6 inches, 1920 x 1080 pixels",AMD Graphics,Windows 11 OS,1 Year Warranty
Dell XPS 13 9350 Laptop (Intel Ultra 7 Series 2 258V/ 32GB/ 1TB SSD/ Win11),"₹2,10,990",72,Intel Core Ultra 7 Series 2 258V,"Octa Core (4P + 4E), 8 Threads",32 GB LPDDR5 RAM,1 TB SSD,"13.4 inches, 2880 x 1800 pixels, Touch Screen",Intel Arc Graphics,Windows 11 OS,1 Year Warranty
Dell Latitude 3420 GD723ZG84 Laptop (11th Gen Core i5/ 16GB/ 512GB SSD/ Ubuntu),"₹55,990",44,11th Gen Intel Core i5,11th Gen Intel Core i5,16 GB DDR4 RAM,512 GB SSD,"14 inches, 1920 x 1080 pixels",Intel Integrated Graphics,Ubuntu OS,3 Year Warranty
HP 240R G9 Laptop (13th Gen Core i3/ 16GB/ 512GB SSD/ Win11),"₹36,900",48,12th Gen Intel Core i3 1315U,"Hexa Core (2P + 4E), 8 Threads",16 GB  RAM,512 GB SSD,"14 inches, 1366 x 720 pixels",Intel Integrated Graphics,Windows 11 OS,1 Year Warranty
HP 245 G10 Laptop (AMD Ryzen 5 7530U/ 8 GB RAM/ 512 GB SSD/ Win11),"₹29,249",50,7th Gen AMD Ryzen 5 7530U,"Hexa Core, 12 Threads",8 GB DDR4 RAM,512 GB SSD,"14 inches, 1366 x 768 pixels",AMD Radeon Graphics,Windows OS,1 Year Warranty
HP 240R G9 Laptop (13th Gen Core i3/ 8GB/ 512GB SSD/ Win11),"₹35,990",48,12th Gen Intel Core i3 1315U,"Hexa Core (2P + 4E), 8 Threads",16 GB  RAM,512 GB SSD,"14 inches, 1366 x 720 pixels",Intel Integrated Graphics,Windows 11 OS,1 Year Warranty
HP 250R G9 B10MTAT Laptop (13th Gen Core i3/ 8GB/ 512GB SSD/ Dos),"₹33,990",52,13th Gen Intel Core i3 1315U,"Hexa Core (2P + 4E), 8 Threads",8 GB DDR4 RAM,512 GB SSD,"15.6 inches, 1366 x 768 pixels",Intel Integrated UHD Graphics,DOS OS,1 Year Warranty
Dell 14 Latitude 3440 Laptop (12th Gen Core i5/ 16GB/ 512GB SSD/ Win11),"₹64,499",51,12th Gen Intel Core i5 1235U,"10 Cores (2P + 8E), 12 Threads",16 GB DDR4 RAM,512 GB SSD,"14 inches, 1366 x 768 pixels",Intel Graphics,Windows 11 OS,1 Year Warranty
Lenovo IdeaPad Slim 3 83EL003PIN Laptop (13th Gen Core i5/ 16GB/ 512GB SSD/ Win11),"₹59,490",54,13th Gen Intel Core i5 13420H,"Octa Core (4P + 4E), 12 Threads",16 GB LPDDR5 RAM,512 GB SSD,"15.6 inches, 1920 x 1080 pixels",Integrated Intel UHD Graphics,Windows 11 OS,1 Year Warranty
Dell 14 Inspiron 5440 Laptop (13th Gen Core i5/ 16GB/ 1TB SSD/ Win11),"₹70,800",51,13th Gen Intel Core i5 1334U,"10 Cores (2P + 8E), 12 Threads",16 GB  RAM,1 TB SSD,"14 inches, 1920 x 1200 pixels",Intel Graphics,Windows 11 OS,1 Year Warranty
HP Omen 16-wf1171TX Gaming Laptop (14th Gen Core i7/ 16GB/ 1TB SSD/ Win11/ 6GB Graph),"₹1,14,206",78,14th Gen Intel Core i7 14650HX,"16 Cores (8P + 8E), 24 Threads",16 GB DDR5 RAM,1 TB SSD,"16.1 inches, 1920 x 1080 pixels",6 GB NVIDIA GeForce RTX 4050,Windows 11 OS,1 Year Warranty
HP Victus 16-wf1150TX Gaming Laptop (14th Gen Core i7/ 16GB/ 1TB SSD/ Win11/ 8GB RTX 4060),"₹1,35,990",79,14th Gen Intel Core i7 14650HX,"16 Cores (8P + 8E), 24 Threads",16 GB DDR5 RAM,1 TB SSD,"16.1 inches, 1920 x 1080 pixels",8 GB NVIDIA GeForce RTX 4060,Windows 11 OS,1 Year Warranty
Dell 14 Inspiron 5441 Laptop (Snapdragon X Plus X1P-64-100/ 16GB/ 512GB SSD/ Win11),"₹91,490",43,Qualcomm Snapdragon X Plus X1P-64-100,10 Cores,16 GB LPDDR5X RAM,512 GB SSD,"14 inches, 1920 x 1200 pixels, Touch Screen",Qualcomm Adreno GPU,Windows 11 OS,1 Year Warranty
Dell 15 Latitude 3540 Laptop (12th Gen Core i3/ 16GB/ 512GB SSD/ Win11),"₹37,990",47,12th Gen Intel Core i3 1215U,"Hexa Core (2P + 4E), 8 Threads",16 GB DDR4 RAM,512 GB SSD,"15.6 inches, 1366 x 768 pixels",Intel Graphics,Windows 11 OS,1 Year Warranty
Acer Nitro V ANV15-41 NH.QPFSI.006 Gaming Laptop (AMD Ryzen 5 6600H/ 16GB/ 512GB SSD/ Win11/ 6GB RTX3050 Graph),"₹61,490",62,6th Gen AMD Ryzen 5 6600H,"Hexa Core, 12 Threads",16 GB DDR5 RAM,512 GB SSD,"16 inches, 1920 x 1080 pixels",6 GB NVIDIA GeForce RTX 3050,Windows 11 OS,1 Year Warranty
Dell Latitude 3440 Laptop (12th Gen Core i3-1215U/ 8GB/ 512GB SSD/ Win11 ),"₹38,511",43,12th Gen Intel Core i3 1215U,"Hexa Core (2P + 4E), 8 Threads",8 GB DDR4 RAM,512 GB SSD,"14 inches, 1366 x 768 pixels",Intel Graphics,Windows 11 OS,1 Year Warranty
Dell Latitude 3440 2024 Laptop (12th Gen Core i3/ 16GB/ 512GB SSD/ Win11),"₹45,800",46,12th Gen Intel Core i3 1215U,"Hexa Core (2P + 4E), 8 Threads",16 GB DDR4 RAM,512 GB SSD,"14 inches, 1366 x 768 pixels",Intel Graphics,Windows 11 OS,1 Year Warranty
Acer Aspire 3 A324-53 UN.34RSI.004 Laptop (13th Gen Core i5/ 16GB/ 512GB SSD/ Win11),"₹42,990",52,13th Gen Intel Core i5 1334U,"10 Cores (2P + 8E), 12 Threads",16 GB DDR4 RAM,512 GB SSD,"14 inches, 1920 x 1080 pixels",Intel Integrated UHD,Windows 11 OS,1 Year Warranty
Dell Alienware X16 R2 Gaming Laptop (Intel Core Ultra 9 185H/ 32GB/ 1TB SSD/ Win 11/ 16GB RTX4090),"₹4,48,490",86,Intel Core Ultra 9 Series 1 185H,"16 Cores (6P + 8E + 2LP-E), 22 Threads",32 GB LPDDR5X RAM,1 TB SSD,"16 inches, 2560 x 1600 pixels",16 GB NVIDIA GEFORCE RTX 4090,Windows 11 OS,1 Year Warranty
Acer Swift Go 14 SFG14-01 NX.KYXSI.001 AI Laptop (Snapdragon X Plus/ 16GB/ 512GB SSD/ Win11 Home),"₹77,990",46,Qualcomm Snapdragon X Plus,,16 GB LPDDR5X RAM,512 GB SSD,"14.5 inches, 2560 x 1440 pixels, Touch Screen",Qualcomm Adreno,Windows 11 OS,1 Year Warranty
Acer Swift 14 AI SF14-51 NX.J2HSI.001Laptop (Intel Core Ultra 7/ 16GB/ 1TB SSD/ Win11 Home),"₹82,500",62,Intel Core Ultra 7 258V,"Octa Core (4P + 4E), 8 Threads",16 GB LPDDR5X RAM,1 TB SSD,14 inches,Intel Integrated Arc,Windows 11 OS,1 Year Warranty
Acer Swift 14 AI SF14-51 NX.J2HSI.002 Laptop (Intel Core Ultra 5/ 16GB/ 512GB SSD/ Win11 Home),"₹89,999",56,Intel Core Ultra 5 266V,Intel Core Ultra 5 266V,16 GB LPDDR5X RAM,512 GB SSD,14 inches,Intel Integrated Arc,Windows 11 OS,1 Year Warranty
HP OmniBook X 14-fe1011QU AI Laptop (Snapdragon X Plus X1P-42-100/ 16GB/ 512GB SSD/ Win11),"₹87,999",50,Qualcomm Snapdragon X Plus X1P-42-100,Octa Core,16 GB LPDDR5X RAM,512 GB SSD,"14 inches, 2240 x 1400 pixels, Touch Screen",Qualcomm Adreno GPU,Windows 11 OS,1 Year Warranty
Asus Vivobook S15 K5504VAB-BN416WS Laptop (13th Gen Core i5/ 16GB/ 512GB SSD/ Win11),"₹67,790",54,13th Gen Intel Core i5 13500H,"12 Cores (4P + 8E), 16 Threads",16 GB LPDDR5 RAM,512 GB SSD,"15.6 inches, 1920 x 1080 pixels",Intel Iris Xe Graphics,Windows 11 OS,1 Year Warranty
Lenovo IdeaPad Slim 3 82X70034IN Laptop (13th Gen Core i3/ 8GB/ 512GB SSD/ Win11),"₹39,990",55,13th Gen Intel Core i3 1305U,"5 Cores (1P + 4E), 6 Threads",8 GB LPDDR5 RAM,512 GB SSD,"15.6 inches, 1920 x 1080 pixels",Integrated Intel UHD Graphics,Windows 11 OS,1 Year Warranty
Acer TravelLite TL14-42M Laptop (AMD Ryzen 3 7330U/ 8GB/ 512GB SSD/ Win11),"₹34,916",56,7th Gen AMD Ryzen 3 7330U,"Quad Core, 8 Threads",8 GB DDR4 RAM,512 GB SSD,"14 inches, 1920 x 1080 pixels",AMD Radeon Graphics,Windows 11 OS,1 Year Warranty
Asus Vivobook Go 15 X1500KA-EJ021W Laptop (Intel Celeron N4500/ 8GB/ 512GB SSD/ Win11 Home),"₹25,595",42,Intel Celeron N4500,"Dual Core, 2 Threads",8 GB  RAM,512 GB SSD,"15.6 inches, 1920 x 1080 pixels",Intel HD Graphics,Windows 11 OS,1 Year Warranty
Dell Alienware X16 R2 2024 Gaming Laptop (Intel Core Ultra 9 185H/ 32GB/ 1TB SSD/ Win 11/ 12GB RTX4080),"₹3,94,990",88,Intel Core Ultra 9 Series 1 185H,"16 Cores (6P + 8E + 2LP-E), 22 Threads",32 GB LPDDR5X RAM,1 TB SSD,"16 inches, 2560 x 1600 pixels",12 GB NVIDIA GEFORCE RTX 4080,Windows 11 OS,1 Year Warranty
HP ZBook Firefly 14 G10 8F6C8PA Workstation Laptop (13th Gen Core i7/ 16GB/ 1TB SSD/ Win11),"₹1,32,499",66,13th Gen Intel Core i7 1355U,"10 Cores (2P + 8E), 12 Threads",16 GB DDR5 RAM,1 TB SSD,"14 inches, 1920 x 1200 pixels",,Windows 11 OS,3 Year Warranty
Lenovo IdeaPad Slim 3 82XM00G1IN Laptop (AMD Ryzen 5 7530U/ 8GB/ 512GB SSD/ Win11 Home),"₹43,992",50,7th Gen AMD Ryzen 5 7530U,"Hexa Core, 12 Threads",8 GB  RAM,512 GB SSD,"14 inches, 1920 x 1080 pixels",AMD Radeon Graphics,Windows 11 OS,1 Year Warranty
Acer Aspire 15 A15-51M Laptop (Intel Core 5 120U/ 16GB RAM/ 512GB SSD/ Win11 Home),"₹48,990",48,Intel Core 5 Processor Series 1 120U,"10 Cores (2P + 8E), 12 Threads",16 GB LPDDR5 RAM,512 GB SSD,"15.6 inches, 1920 x 1080 pixels",Intel UHD Graphics,Windows 11 OS,1 Year Warranty
Acer Aspire Lite AL15-53 Laptop (Intel Core i3 1305U / 8GB/ 512GB SSD/ Win11),"₹33,900",52,13th Gen Intel Core i3 1305U,"5 Cores (1P + 4E), 6 Threads",8 GB DDR4 RAM,512 GB SSD,"15.6 inches, 1920 x 1080 pixels",Intel UHD Graphics,Windows 11 OS,1 Year Warranty
Acer Aspire 3 A324-53 UN.34RSI.009 Laptop (13th Gen Core i3/ 16GB/ 512GB SSD/ Win11),"₹32,990",48,13th Gen Intel Core i3 1305U,"5 Cores (1P + 4E), 6 Threads",16 GB DDR4 RAM,512 GB SSD,"14 inches, 1920 x 1080 pixels",Intel Integrated UHD,Windows 11 OS,1 Year Warranty
Dell Inspiron 7640 Laptop (Intel Core i5-13420H/ 16GB/ 512GB SSD/ Win11),"₹71,589",51,13th Gen Intel Core i5 13420H,"Octa Core (4P + 4E), 12 Threads",16 GB sLPDDR5 RAM,512 GB SSD,"16 inches, 1920 x 1200 pixels",Intel Graphics,Windows 11 OS,1 Year Warranty
Apple 2024 MacBook Air 15 Laptop (Apple M3/ 16GB/ 256GB SSD/ MacOS),"₹1,04,994",56,Apple M3,Octa Core (4P + 4E),16 GB DDR4 RAM,256 GB SSD,"15.3 inches, 2880 x 1864 pixels",10-Core GPU,Mac OS,1 Year Warranty
Apple MacBook Air 13 2024 Laptop (Apple M3/ 24GB/ 512GB SSD/ MacOS),"₹1,27,653",53,Apple M3,Octa Core (4P + 4E),24 GB  RAM,512 GB SSD,"13.6 inches, 2560 x 1664 pixels",Apple 10 Core GPU,Mac OS,1 Year Warranty
Apple MacBook Air 15 2024 Laptop (Apple M3/ 24GB/ 512GB SSD/ MacOS),"₹1,54,287",60,Apple M3,Octa Core (4P + 4E),24 GB  RAM,512 GB SSD,"15.3 inches, 2880 x 1864 pixels",10-Core GPU,Mac OS,1 Year Warranty
Apple MacBook Pro 16 Laptop (Apple M4 Max/ 36 GB/1 TB SSD/macOS Sequoia),"₹3,49,900",65,Apple M4 Max,14 Cores (10P + 4E),36 GB  RAM,1 TB SSD,"16.2 inches, 3456 x 2234 pixels",32 Core GPU,Mac OS,1 Year Warranty
Lenovo V14 G4 82YTA00TIN Laptop (AMD Ryzen 3 7320U / 8GB/ 512GB SSD/ DOS),"₹29,990",43,7th Gen AMD Ryzen 3 7320U,"Quad Core, 8 Threads",8 GB LPDDR5 RAM,512 GB SSD,"14 inches, 1920 x 1080 pixels",AMD Radeon,DOS OS,1 Year Warranty
Lenovo IdeaPad 3 82RK017RIN Laptop (12th Gen Core i3/ 16GB/ 512GB SSD/ Win11 Home),"₹35,500",51,12th Gen Intel Core i3 1215U,"Hexa Core (2P + 4E), 8 Threads",16 GB DDR4 RAM,512 GB SSD,"15.6 inches, 1920 x 1080 pixels",Intel UHD Graphics,Windows 11 OS,1 Year Warranty
Lenovo Thinkpad E16 21JNS0QE00 Laptop (13th Gen Core i5/ 16GB/ 512GB SSD/ Win11),"₹66,000",61,13th Gen Intel Core i5 1335U,"10 Cores (2P + 8E), 12 Threads",16 GB DDR4 RAM,512 GB SSD,"16 inches, 1920 x 1200 pixels",Intel Integrated,Windows 11 OS,1 Year Warranty
Dell Inspiron 16 Plus 7640 Laptop (Intel Core Ultra 5 125H/ 16GB/ 512GB SSD/ Win11),"₹70,990",53,Intel Core Ultra 5 Series 1 125H,"14 Cores (4P + 8E + 2LP-E), 18 Threads",16 GB LPDDR5X RAM,512 GB SSD,"16 inches, 1920 x 1200 pixels",Intel Graphics,Windows 11 OS,1 Year Warranty
Dell Inspiron 5441 Laptop (Snapdragon X Plus X1P-42-100/ 16GB/ 512GB SSD/ Win11),"₹82,990",42,Qualcomm Snapdragon X Plus X1P-42-100,Octa Core,16 GB LPDDR5X RAM,512 GB SSD,"14 inches, 1920 x 1200 pixels, Touch Screen",Qualcomm Adreno GPU,Windows 11 OS,1 Year Warranty
Apple MacBook Pro 16 Laptop (Apple M4 Pro/ 48GB/ 512GB SSD/ macOS),"₹2,79,990",64,Apple M4 Pro,14 Cores (10P + 4E),48 GB  RAM,512 GB SSD,"16.2 inches, 3456 x 2234 pixels",20 Core GPU,Mac OS,1 Year Warranty
Apple MacBook Pro 16 2024 Laptop (Apple M4 Pro/ 24GB/ 512GB SSD/ macOS),"₹2,39,990",60,Apple M4 Pro,14 Cores (10P + 4E),24 GB  RAM,512 GB SSD,"16.2 inches, 3456 x 2234 pixels",20 Core GPU,Mac OS,1 Year Warranty
Apple MacBook Pro 14 Laptop (Apple M4 MAX/ 36GB/1TB SSD/ macOS/ 32-Core GPU),"₹2,89,990",63,Apple M4 Max,14 Cores (10P + 4E),36 GB  RAM,1 TB SSD,"14.2 inches, 3024 x 1964 pixels",32 Core GPU,Mac OS,1 Year Warranty
Apple MacBook Pro 14 Laptop (Apple M4 Pro/ 24GB/ 1TB SSD/ macOS/ 20-Core GPU),"₹2,25,990",60,Apple M4 Pro,14 Cores (10P + 4E),24 GB  RAM,1 TB SSD,"14.2 inches, 3024 x 1964 pixels",20 Core GPU,Mac OS,1 Year Warranty
Apple MacBook Pro 14 Laptop (Apple M4 Pro/ 24GB/ 512GB SSD/ macOS),"₹1,87,990",57,Apple M4 Pro,12 Cores (8P + 4E),24 GB  RAM,512 GB SSD,"14.2 inches, 3024 x 1964 pixels",16 Core GPU,Mac OS,1 Year Warranty
Apple MacBook Pro 14 Laptop (Apple M4/ 24GB/ 1TB SSD/ macOS),"₹2,01,990",59,Apple M4,10 Cores (4P + 6E),24 GB  RAM,1 TB SSD,"14.2 inches, 3024 x 1964 pixels",10 Core GPU,Mac OS,1 Year Warranty
Apple MacBook Pro 14 Laptop (Apple M4/ 16GB/ 1TB SSD/ macOS),"₹1,82,990",55,Apple M4,10 Cores (4P + 6E),16 GB  RAM,1 TB SSD,"14.2 inches, 3024 x 1964 pixels",10 Core GPU,Mac OS,1 Year Warranty
Apple MacBook Pro 14 2024 Laptop (Apple M4/ 16GB/ 512GB SSD/ macOS),"₹1,59,900",54,Apple M4,10 Cores (4P + 6E),16 GB  RAM,512 GB SSD,"14.2 inches, 3024 x 1964 pixels",10 Core GPU,Mac OS,1 Year Warranty
Acer Aspire Lite AL15-53 UN.34ESI.00D Gaming Laptop (Intel Core i3 1305U / 16GB/ 512GB SSD/ Win11),"₹34,990",54,13th Gen Intel Core i3 1305U,"5 Cores (1P + 4E), 6 Threads",16 GB DDR4 RAM,512 GB SSD,"15.6 inches, 1920 x 1080 pixels",Intel UHD Graphics,Windows 11 OS,1 Year Warranty
MSI Stealth 16 AI Plus A3HVFG-075IN Gaming Laptop (AMD Ryzen AI 9 365/ 32GB/ 1TB SSD/ Win11/ 8GB Graph),"₹1,98,900",79,AMD Ryzen AI 9 365,"10 Cores (4P + 6E), 20 Threads",32 GB LPDDR5x RAM,1 TB SSD,"16 inches, 2560 x 1600 pixels",8 GB NVIDIA GeForce RTX 4060,Windows 11 OS,2 Year Warranty
HP Victus 15-fa1346TX Gaming Laptop (13th Gen Core i5/ 16GB/ 512GB SSD/ Win11 Home/ RTX 2050),"₹63,990",57,13th Gen Intel Core i5 13420H,"Octa Core (4P + 4E), 12 Threads",16 GB DDR4 RAM,512 GB SSD,"15.6 inches, 1920 x 1080 pixels",4 GB NVIDIA GeForce RTX 2050,Windows 11 OS,1 Year Warranty
Dell Inspiron 5440 Laptop (13th Gen Core i5/ 16GB/ 512GB SSD/ Win11),"₹65,990",56,13th Gen Intel Core i5 1334U,"10 Cores (2P + 8E), 12 Threads",16 GB DDR5 RAM,512 GB SSD,"14 inches, 1920 x 1200 pixels",Intel Graphics,Windows 11 OS,1 Year Warranty
HP ZBook Firefly 16 G10 8F6J8PA Laptop (13th Gen Core i5/ 16GB/ 512GB SSD/ Win11/ RTX A500 4GB Graphics),"₹88,999",62,13th Gen Intel Core i5 1335U,"10 Cores (2P + 8E), 12 Threads",16 GB DDR5 RAM,512 GB SSD,"16 inches, 1920 x 1200 pixels",4 GB NVIDIA RTX A500,Windows 11 OS,1 Year Warranty
HP ZBook Firefly 14 G11 A92U3PT Laptop (Intel Core Ultra 7 155U/16 GB/512GB SSD/Dos),"₹96,999",64,Intel Core Ultra 7 155U,"12 Cores (2P + 8E + 2LP-E), 14 Threads",16 GB DDR5 RAM,512 GB SSD,"14 inches, 1920 x 1200 pixels",Intel Graphics,DOS OS,1 Year Warranty
HP ZBook Firefly 14 G11 A92TYPT Laptop (‎Intel Core Ultra 5/ 16GB/ 512GB SSD/Win11),"₹75,999",64,Intel Core Ultra 5 Processor 125U,"12 Cores (2P + 8E + 2LP-E), 14 Threads",16 GB DDR5 RAM,512 GB SSD,"14 inches, 1920 x 1200 pixels",Intel Graphics,Windows 11 OS,1 Year Warranty
HP ZBook Firefly 14 G11 A92U2PT Laptop (Intel Core Ultra 7/16 GB/512GB SSD/Win11),"₹90,985",70,Intel Core Ultra 7 155U,"12 Cores (2P + 8E + 2LP-E), 14 Threads",16 GB DDR5 RAM,512 GB SSD,"14 inches, 1920 x 1200 pixels",Intel Arc Graphics,Windows 11 OS,1 Year Warranty
Lenovo ThinkBook 16 G6 21KKA0G1IN Laptop (AMD Ryzen 7 7730U/ 16GB/ 512GB SSD/ Win11 Home),"₹58,850",69,7th Gen AMD Ryzen 7 7730U,"Octa Core, 16 Threads",16 GB DDR4 RAM,512 GB SSD,"16 inches, 1920 x 1200 pixels",AMD Radeon Graphics,Windows 11 OS,1 Year Warranty
Dell 14 Latitude 3440 Laptop (12th Gen Core i3/ 16GB/ 512GB SSD/ Win11),"₹36,450",50,12th Gen Intel Core i3 1215U,"Hexa Core (2P + 4E), 8 Threads",16 GB DDR4 RAM,512 GB SSD,"14 inches, 1366 x 768 pixels",Intel Graphics,Windows 11 OS,1 Year Warranty
Dell Latitude 3440 Laptop (12th Gen Core i3/ 8GB/ 512GB SSD/ Win11 ),"₹37,880",47,12th Gen Intel Core i3 1215U,"Hexa Core (2P + 4E), 8 Threads",8 GB DDR4 RAM,512 GB SSD,"14 inches, 1366 x 768 pixels",Intel Graphics,Windows 11 OS,1 Year Warranty
Dell Inspiron 14 5445 Laptop (AMD Ryzen 7 8840U/ 16GB/ 512GB SSD/ Windows 11 Home),"₹68,490",60,8th Gen AMD Ryzen 7 8840U,"Octa Core, 16 Threads",16 GB DDR5 RAM,512 GB SSD,"14 inches, 1920 x 1200 pixels",AMD Radeon Graphics,Windows 11 OS,1 Year Warranty
HP 15-fc0154AU Laptop (AMD Ryzen 3 7320U/ 8GB/ 512GB SSD/ Win11 Home),"₹30,990",55,7th Gen AMD Ryzen 3 7320U,"Quad Core, 8 Threads",8 GB DDR5 RAM,512 GB SSD,"15.6 inches, 1920 x 1080 pixels",AMD Radeon AMD,Windows 11 OS,1 Year Warranty
Infinix Inbook Air Pro Plus XL434 Laptop (13th Gen Core i5/ 16GB/ 512GB SSD/ Win 11 Home),"₹69,990",57,13th Gen Intel Core i5 1334U,"10 Cores (2P + 8E), 12 Threads",16 GB LPDDR4X RAM,512 GB SSD,"14 inches, 2880 x 1800 pixels",Intel Integrated Iris Xe,Windows 11 OS,1 Year Warranty
HP ZBook Firefly 14 G10 8F6D3PA Workstation Laptop (13th Gen Core i5/ 16GB/ 512GB SSD/ Win11 Pro),"₹97,000",68,13th Gen Intel Core i5 1335U,"10 Cores (2P + 8E), 12 Threads",16 GB DDR5 RAM,512 GB SSD,"14 inches, 1920 x 1200 pixels",4 GB NVIDIA RTX A500,Windows 11 OS,3 Year Warranty
Lenovo ThinkPad E14 21JRS0H300 Laptop (AMD Ryzen 7 7730U/ 16GB/ 512GB SSD/ Win11 Home),"₹64,590",69,7th Gen AMD Ryzen 7 7730U,"Octa Core, 16 Threads",16 GB DDR4 RAM,512 GB SSD,"14 inches, 1920 x 1080 pixels",AMD Radeon Graphics,Windows 11 OS,1 Year Warranty
Apple MacBook Air 2025 Laptop (Apple M4/ 16GB/ 256GB SSD/ MacOS),"₹93,900",45,Apple M4,10 Cores (4P + 6E),16 GB  RAM,256 GB SSD,"13.6 inches, 2560 x 1664 pixels",Apple 8 Core GPU,Mac OS,1 Year Warranty
Acer Aspire 3 A324-53 UN.34RSI.002 Laptop (13th Gen Core i3/ 8GB/ 512GB SSD/ Win11),"₹30,990",46,13th Gen Intel Core i3 1305U,"5 Cores (1P + 4E), 6 Threads",8 GB DDR4 RAM,512 GB SSD,"14 inches, 1920 x 1080 pixels",Intel Integrated UHD,Windows 11 OS,1 Year Warranty
Acer Aspire 3 A324-53 UN.34RSI.002 Laptop (13th Gen Core i3/ 8GB/ 512GB SSD/ Win11),"₹30,990",46,13th Gen Intel Core i3 1305U,"5 Cores (1P + 4E), 6 Threads",8 GB DDR4 RAM,512 GB SSD,"14 inches, 1920 x 1080 pixels",Intel Integrated UHD,Windows 11 OS,1 Year Warranty
HP 240 14 G9 9H223PT Laptop (12th Gen Core i3/ 8 GB RAM/ 512 GB SSD/ FreeDOS),"₹36,990",51,12th Gen Intel Core i3 1215U,"Hexa Core (2P + 4E), 8 Threads",8 GB DDR4 RAM,512 GB SSD,"14 inches, 1366 x 768 pixels",Intel UHD Graphics,DOS OS,1 Year Warranty
Lenovo IdeaPad 3 15IJL6 82N4004QHA Laptop (Celeron N4500/ 8GB/ 128GB eMMC/ Chrome OS),"₹24,990",38,Intel Celeron N4500,"Dual Core, 2 Threads",8 GB LPDDR4X RAM,128 GB eMMC Storage,"15.6 inches, 1920 x 1080 pixels",Intel Integrated UHD,Chrome OS,1 Year Warranty
Dell Inspiron 7440 2 in 1 Laptop (13th Gen Core i5-1334U/ 16GB/ 512GB SSD/ Win11),"₹75,990",62,13th Gen Intel Core i5 1334U,"10 Cores (2P + 8E), 12 Threads",16 GB DDR5 RAM,512 GB SSD,"14 inches, 1920 x 1080 pixels, Touch Screen",,Windows 11 OS,1 Year Warranty
HP 15-fd1197TU Laptop (Intel Core Ultra 5 125H/ 16GB/ 1TB SSD/ Win11 Home),"₹73,500",61,Intel Core Ultra 5 Series 1 125H,"14 Cores (4P + 8E + 2LP-E), 18 Threads",16 GB DDR5 RAM,1 TB SSD,"15.6 inches, 1920 x 1080 pixels",Intel Integrated Graphics,Windows 11 OS,1 Year Warranty
HP Pavilion 15-eh1137AU Laptop (AMD Ryzen 5 5500U/ 8GB/ 512GB SSD/ Win11 Home),"₹52,199",43,5th Gen AMD Ryzen 5 5500U,"Hexa Core, 12 Threads",8 GB  RAM,512 GB SSD,"15.6 inches, 1920 x 1080 pixels",AMD Radeon AMD,Windows 11 OS,1 Year Warranty
Lenovo Thinkpad E14 G4 21E3006XIG Laptop (12th Gen Core i5/ 16GB/ 512GB SSD/ Win11 Pro),"₹79,990",59,12th Gen Intel Core i5 1235U,"10 Cores (2P + 8E), 12 Threads",16 GB DDR4 RAM,512 GB SSD,"14 inches, 1920 x 1080 pixels",Intel Iris Xe Graphics,Windows 11 Pro OS,3 Year Warranty
HP 15-fc1004AU Laptop (AMD Ryzen 5 7535HS/ 8GB/ 512GB SSD/ Win11 Home),"₹39,800",61,7th Gen AMD Ryzen 5 7535HS,"Hexa Core, 12 Threads",8 GB DDR5 RAM,512 GB SSD,"15.6 inches, 1920 x 1080 pixels",AMD Radeon AMD,Windows 11 OS,1 Year Warranty
Acer Aspire 3 A325-42 Laptop (AMD Ryzen 3 7330U/ 8GB/ 512GB SSD/ Win11),"₹28,990",50,7th Gen AMD Ryzen 3 7330U,"Quad Core, 8 Threads",8 GB LPDDR4X RAM,512 GB SSD,"15.8 inches, 1920 x 1080 pixels",AMD Radeon Graphics,Windows 11 OS,1 Year Warranty
Dell Inspiron 3520 Laptop (12th Gen Core i3/ 8GB/ 512GB SSD/ Win11),"₹34,990",47,12th Gen Intel Core i3 1215U,"Hexa Core (2P + 4E), 8 Threads",8 GB DDR4 RAM,512 GB SSD,"15.6 inches, 1920 x 1080 pixels",Intel Graphics,Windows 11 OS,1 Year Warranty
Lenovo IdeaPad Slim 3 14AMN8 82XN006TIN Laptop (AMD Ryzen 5 7520U/ 8GB/ 512GB SSD/ Win11 Home),"₹40,490",50,7th Gen AMD Ryzen 5 7520U,"Quad Core, 8 Threads",8 GB  RAM,512 GB SSD,"14 inches, 1920 x 1080 pixels",AMD Radeon Graphics,Windows 11 OS,1 Year Warranty
Acer Chromebook CB315-4H Laptop (Intel Celeron N4500/ 8GB/ 128GB eMMC/ Chrome OS),"₹22,990",27,Intel Celeron Dual Core N4500,"Dual Core, 2 Threads",8 GB LPDDR4X RAM,128 GB eMMC Storage,"15.6 inches, 1080 x 1920 pixels",Intel Integrated UHD,Chrome OS,1 Year Warranty
Dell 2024 Inspiron 3530 Laptop (13th Gen Core i5/ 8GB/ 512GB SSD/ Win11 Home),"₹46,990",51,13th Gen Intel Core i5 1334U,"10 Cores (2P + 8E), 12 Threads",8 GB DDR4 RAM,512 GB SSD,"15.6 inches, 1920 x 1080 pixels",Intel Integrated UHD,Windows 11 OS,1 Year Warranty
Lenovo IdeaPad 5 14IRH9 83KX0019IN Laptop (13th Gen Core i7/ 16GB/ 512GB SSD/ Win11 Home),"₹83,990",59,13th Gen Intel Core i7 13620H,"10 Cores (6P + 4E), 16 Threads",16 GB LPDDR5X RAM,512 GB SSD,"14 inches, 1920 x 1200 pixels, Touch Screen",Intel Integrated UHD,Windows 11 OS,1 Year Warranty
Microsoft Surface Pro 9 5G,"₹91,990",34,,,8 GB LPDDR5 RAM,128 GB SSD,"13 inches, 2880 x 1920 pixels, Touch Screen",,Windows 11 OS,1 Year Warranty
Lenovo Ideapad Slim 5x Gen 9 14Q8X9 83HL0035IN Laptop (Snapdragon X Plus/ 16GB/ 1TB SSD/ Win11),"₹71,899",39,Qualcomm Snapdragon X Plus X1P-42-100,,16 GB LPDDR5X RAM,1 TB SSD,"14 inches, 1920 x 1200 pixels",Qualcomm Adreno,Windows 11 OS,1 Year Warranty
Gigabyte G5 MF5-H2IN354SH Gaming Laptop (13th Gen Core i7/ 16GB/ 1TB SSD/ Win11/ 6GB Graph),"₹71,399",73,13th Gen Intel Core i7 13620H,"10 Cores (6P + 4E), 16 Threads",16 GB DDR5 RAM,1 TB SSD,"15.6 inches, 1920 x 1080 pixels",6 GB NVIDIA GeForce RTX 4050,Windows 11 OS,2 Year Warranty
Acer 15 Aspire Lite AL15-41 Laptop (AMD Ryzen 5 5625U/ 16GB/ 512GB SSD/ Win11),"₹34,490",56,5th Gen AMD Ryzen 5 5625U,"Hexa Core, 12 Threads",16 GB DDR4 RAM,512 GB SSD,"15.6 inches, 1920 x 1080 pixels",AMD Graphics,Windows 11 OS,1 Year Warranty
MSI Modern 15 H C13M-218IN Laptop (13th Gen Core i5/ 16GB/ 512GB SSD/ Win11 Home),"₹57,590",54,13th Gen Intel Core i5 13420H,"Octa Core (4P + 4E), 12 Threads",16 GB DDR4 RAM,512 GB SSD,"15.6 inches, 1920 x 1080 pixels",Intel Integrated Iris Xe,Windows 11 OS,1 Year Warranty
Asus Zenbook S14 OLED UX5406SA-PZ357WS Laptop (Intel Core Ultra 7 Processor 258V/ 32GB/ 1TB SSD/ Win11 Home),"₹1,39,990",66,Intel Core Ultra 7 Series 2 258V,"Octa Core (4P + 4E), 8 Threads",32 GB LPDDR5X RAM,1 TB SSD,"14 inches, 2880 x 1800 pixels, Touch Screen",Intel Arc Graphics,Windows 11 OS,1 Year Warranty
HP Pavilion 16-af0056TU Laptop (Intel Core Ultra 5 125U/ 16GB/ 1TB SSD/ Win11),"₹81,799",54,Intel Core Ultra 5 125U,"12 Cores (2P + 8E + 2LP-E), 14 Threads",16 GB LPDDR5 RAM,1 TB SSD,"16 inches, 1920 x 1200 pixels",Intel Integrated Graphics,Windows 11 OS,1 Year Warranty
‎Lenovo V15 G2 Laptop (Celeron N4500/ 8GB/ 256GB SSD/ Win11),"₹23,990",38,Intel Celeron N4500,"Dual Core, 2 Threads",8 GB  RAM,256 GB SSD,"15.6 inches, 1920 x 1080 pixels",Intel Integrated,Windows 11 OS,1 Year Warranty
HP 15-fd0315TU Laptop (12th Gen Core i5/ 16GB/ 512GB SSD/ Win11 Home),"₹62,499",56,13th Gen Intel Core i5 1334U,"10 Cores (2P + 8E), 12 Threads",16 GB DDR4 RAM,512 GB SSD,"15.6 inches, 1920 x 1080 pixels",Intel Integrated Iris Xe,Windows 11 OS,1 Year Warranty
Acer Aspire 3 A325-51 Laptop (12th Gen Core i3/ 8GB/ 512GB SSD/ Win11),"₹30,990",47,12th Gen Intel Core i3 1215U,"Hexa Core (2P + 4E), 8 Threads",8 GB DDR4 RAM,512 GB SSD,"15.6 inches, 1920 x 1080 pixels",Intel UHD Graphics,Windows 11 OS,1 Year Warranty
Lenovo IdeaPad 3 14IAU7 82RJ00FUIN Laptop (12th Gen Core i3/ 8GB/ 512GB SSD/ Win11 Home),"₹33,990",57,12th Gen Intel Core i3 1215U,"Hexa Core (2P + 4E), 8 Threads",8 GB DDR4 RAM,512 GB SSD,"14 inches, 1920 x 1080 pixels",Intel Integrated UHD,Windows 11 OS,1 Year Warranty
Dell 14 Inspiron 7440 2in1 Laptop (Intel Core 7 150U/ 16GB/1TB SSD/ Win11),"₹85,512",64,Intel Core 7 Processor Series 1 150U,"10 Cores (2P + 8E), 12 Threads",16 GB DDR5 RAM,1 TB SSD,"14 inches, 2240 x 1400 pixels",,Windows 11 OS,1 Year Warranty
Asus Vivobook S15 K5504VAB-BN417WS Laptop (13th Gen Core i9/ 16GB/ 512GB SSD/ Win11),"₹72,990",62,13th Gen Intel Core i9 13900H,"14 Cores (6P + 8E), 20 Threads",16 GB LPDDR5 RAM,512 GB SSD,"15.6 inches, 1920 x 1080 pixels",Intel Iris Xe Graphics,Windows 11 OS,1 Year Warranty
Gigabyte G5 MF5-52IN353SH Gaming Laptop (13th Gen Core i5/ 16GB/ 512GB SSD/ Win11 Home/ 6GB Graph),"₹71,399",68,13th Gen Intel Core i5 13500H,"12 Cores (4P + 8E), 16 Threads",16 GB DDR5 RAM,512 GB SSD,"15.6 inches, 1920 x 1080 pixels",6 GB NVIDIA GeForce RTX 4050,Windows 11 OS,2 Year Warranty
Lenovo Legion 5 15IRX9 83JJ000DIN Gaming Laptop (13th Gen Core i7/ 24GB/ 512GB SSD/ Win11/ 8GB RTX4060),"₹1,35,690",69,13th Gen Intel Core i7 13650HX,14 Cores (6P + 8E),24 GB DDR5 RAM,512 GB SSD,"15.6 inches, 1920 x 1080 pixels",8 GB NVIDIA GeForce RTX 4060,Windows 11 OS,1 Year Warranty
Acer Nitro V 16 ANV16-71 NH.QTNSI.002 Gaming Laptop (14th Gen Core i7/ 16GB/ 512GB SSD/ Win11/ 6GB RTX 4050 Graph),"₹93,806",70,14th Gen Intel Core i7 14650HX,"16 Cores (8P + 8E), 24 Threads",16 GB DDR5 RAM,512 GB SSD,"16 inches, 1920 x 1200 pixels",6 GB NVIDIA GeForce RTX 4050,Windows 11 OS,1 Year Warranty
Acer Predator Helios Neo 14 PHN14-51 Gaming Laptop (Intel Core Ultra 7 155H/ 16GB/ 1TB SSD/ Win11/ 6GB Graph),"₹1,39,999",66,Intel Core Ultra 7 155H,"16 Cores (6P + 8E + 2LP-E), 22 Threads",16 GB LPDDR5X RAM,1 TB SSD,"14.5 inches, 1920 x 1200 pixels",6 GB NVIDIA GeForce RTX 4050,Windows 11 OS,1 Year Warranty
Asus TUF Gaming A15 FA566NCR-HN054WS Laptop (AMD Ryzen 7 7435HS/ 16GB / 512GB SSD/ Win11 Home / 4GB Graph),"₹70,490",70,7th Gen AMD Ryzen 7 7435HS,"Octa Core, 16 Threads",16 GB DDR5 RAM,512 GB SSD,"15.6 inches, 1920 x 1080 pixels",4 GB NVIDIA GeForce RTX 3050,Windows 11 OS,1 Year Warranty
Acer Aspire 3 A325-42 UN.34QSI.004 Laptop (AMD Ryzen 7 7730U/ 16GB/ 1TB SSD/ Win11),"₹44,990",54,7th Gen AMD Ryzen 7 7730U,"Octa Core, 16 Threads",16 GB LPDDR4X RAM,1 TB SSD,"15.8 inches, 1920 x 1080 pixels",AMD Radeon Graphics,Windows 11 OS,1 Year Warranty
HP Pavilion Plus 14-ew0115TU Laptop (13th Gen Core i5/ 16GB/ 512GB SSD/ Win 11),"₹75,999",57,13th Gen Intel Core i5 1335U,"10 Cores (2P + 8E), 12 Threads",16 GB LPDDR5x RAM,512 GB SSD,"14 inches, 1920 x 1200 pixels",Intel Iris Xe Graphics,Windows 11 OS,1 Year Warranty
MSI Crosshair 16 HX D14VFKG-452IN Gaming Laptop (14th Gen Core i7/ 16GB/ 1TB SSD/ Win11/ 8GB RTX4060),"₹1,35,000",78,14th Gen Intel Core i7 14650HX,"16 Cores (8P + 8E), 24 Threads",16 GB DDR5 RAM,1 TB SSD,"16 inches, 2560 x 1440 pixels",8 GB NVIDIA GeForce RTX 4060,Windows 11 OS,2 Year Warranty
Lenovo IdeaPad 5 14IRH9 83KX0018IN Laptop (13th Gen Core i5/ 16GB/ 512GB SSD/ Win11 Home),"₹75,999",57,13th Gen Intel Core i5 13420H,"Octa Core (4P + 4E), 12 Threads",16 GB LPDDR5X RAM,512 GB SSD,"14 inches, 1920 x 1200 pixels, Touch Screen",Intel Integrated UHD,Windows 11 OS,1 Year Warranty
Acer Aspire 3 15 A325-42 Laptop (AMD Ryzen 5 7430U/ 16GB/ 512GB SSD/ Win11),"₹36,990",55,7th Gen AMD Ryzen 5 7430U,"Hexa Core, 12 Threads",16 GB DDR4 RAM,512 GB SSD,"15.8 inches, 1920 x 1080 pixels",AMD Graphics,Windows 11 OS,1 Year Warranty
HP ZBook Firefly 14 G11 A1VR2PT Laptop (Intel Core Ultra 7/16 GB/1TB SSD/Win11),"₹1,19,699",70,Intel Core Ultra 7 Series 1 155H,"16 Cores (6P + 8E + 2LP-E), 22 Threads",16 GB DDR5 RAM,1 TB SSD,"14 inches, 1920 x 1200 pixels",Intel Arc Graphics,Windows 11 OS,1 Year Warranty
Asus Vivobook 16X K3605ZC-RP628WS Laptop (12th Gen Core i7/ 16GB/ 512GB SSD/ Win11/ 4GB RTX3050),"₹67,138",66,12th Gen Intel Core i7 12700H,"14 Cores (6P + 8E), 20 Threads",16 GB DDR4 RAM,512 GB SSD,"16 inches, 1920 x 1200 pixels",4 GB NVIDIA GeForce RTX 3050,Windows 11 OS,1 Year Warranty
Lenovo Yoga 7 14IRL8 82YL00AYIN Laptop (13th Gen Core i5/ 16GB/ 512GB SSD/ Win11 Home),"₹79,990",69,13th Gen Intel Core i5 1340P,"12 Cores (4P + 8E), 16 Threads",16 GB LPDDR5 RAM,512 GB SSD,"14 inches, 1920 x 1200 pixels, Touch Screen",Integrated Intel Iris Xe Graphics,Windows 11 OS,1 Year Warranty
Lenovo V15 82TTA07RIH Laptop (12th Gen Core i5 / 16GB/ 512GB SSD/ Win11 Home),"₹43,990",63,12th Gen Intel Core i5 1235U,"10 Cores (2P + 8E), 12 Threads",16 GB DDR4 RAM,512 GB SSD,"15.6 inches, 1920 x 1080 pixels",Integrated Intel Iris Graphics,Windows 11 OS,1 Year Warranty
Asus TUF Gaming A15 FA566NFR-HN045WS Laptop (AMD Ryzen 7 7435HS/ 16GB / 512GB SSD/ Win11/ 4GB Graph),"₹62,500",66,7th Gen AMD Ryzen 7 7435HS,"Octa Core, 16 Threads",16 GB DDR5 RAM,512 GB SSD,"15.6 inches, 1920 x 1080 pixels",4 GB NVIDIA GeForce RTX 2050,Windows 11 OS,1 Year Warranty
Acer Aspire 3 A325-42 Laptop (AMD Ryzen 5 7430U/ 8GB/ 512GB SSD/ Win11),"₹38,790",55,7th Gen AMD Ryzen 5 7430U,"Hexa Core, 12 Threads",8 GB DDR4 RAM,512 GB SSD,"15.8 inches, 1920 x 1080 pixels",AMD Radeon Graphics,Windows 11 OS,1 Year Warranty
Lenovo IdeaPad Slim 3 15IRU8 82X700C8IN Laptop (13th Gen Core i3/ 8GB/ 512GB SSD/ Win11 Home),"₹36,990",46,13th Gen Intel Core i3 1305U,"5 Cores (1P + 4E), 6 Threads",8 GB  RAM,512 GB SSD,"15.6 inches, 1920 x 1080 pixels",Intel UHD Graphics,Windows 11 OS,1 Year Warranty
Acer ALG ‎AL15G-53 Gaming Laptop (13th Gen Intel Core i7/ 16GB/ 512GB SSD/ Win11/ 6GB RTX 3050 Graphics),"₹64,791",63,13th Gen Intel Core i7 13620H,"10 Cores (6P + 4E), 16 Threads",16 GB DDR4 RAM,512 GB SSD,"15.6 inches, 1920 x 1080 pixels",6 GB NVIDIA GeForce RTX 3050,Windows 11 OS,1 Year Warranty
HP 15-fd0112TU Laptop (12th Gen Core i5/ 8GB/ 1TB SSD/ Win11 Home),"₹55,900",53,12th Gen Intel Core i5 1235U,"10 Cores (2P + 8E), 12 Threads",8 GB DDR4 RAM,1 TB SSD,"15.6 inches, 1920 x 1080 pixels",Intel Integrated Iris Xe,Windows 11 OS,1 Year Warranty
Dell Inspiron 7440 2in1 Laptop (Intel Core 3 100U/ 8GB/ 512GB SSD/ Win11),"₹61,990",56,Intel Core 3 Processor Series 1 100U,"Hexa Core (2P + 4E), 8 Threads",8 GB DDR5 RAM,512 GB SSD,"14 inches, 2240 x 1400 pixels",,Windows 11 OS,1 Year Warranty
Lenovo IdeaPad 3 82RK017PIN Laptop (12th Gen Core i3/ 8GB/ 512GB SSD/ Win11),"₹35,990",55,12th Gen Intel Core i3 1215U,"Hexa Core (2P + 4E), 8 Threads",8 GB DDR4 RAM,512 GB SSD,"15.6 inches, 1920 x 1080 pixels",‎Intel UHD Graphics,Windows 11 OS,1 Year Warranty
Chuwi CoreBook X Laptop (12th Gen Core i5/ 16GB/ 512GB SSD/ Win11),"₹41,990",53,12th Gen Intel Core i5 12450H,"Octa Core (4P + 4E), 12 Threads",16 GB DDR4 RAM,512 GB SSD,"15.6 inches, 1920 x 1080 pixels",Intel HD Graphics,Windows 11 OS,1 Year Warranty
Samsung Galaxy Book 5 Pro NP940XHA-LG4IN Laptop (Intel Core Ultra 7 Series 2/ 16GB/ 1TB SSD/ Win11),"₹1,45,990",71,Intel Core Ultra 7 Series 2 256V,"Octa Core (4P + 4LP-E), 8 Threads",16 GB LPDDR5X RAM,1 TB SSD,"14 inches, 2880 x 1800 pixels, Touch Screen",Intel Arc 140V GPU,Windows 11 OS,1 Year Warranty
Acer Aspire 3 A324-51 UN.343SI.00Q Laptop (12th Gen Core i5/ 16GB/ 1TB SSD/ Win11),"₹45,990",51,12th Gen Intel Core i5 1235U,"10 Cores (2P + 8E), 12 Threads",16 GB  RAM,1 TB SSD,"14 inches, 1920 x 1080 pixels",Intel Integrated,Windows 11 OS,1 Year Warranty
Asus Vivobook 16X K3605ZC-RP587WS Laptop (12th Gen Core i5/ 16GB/ 512GB SSD/ Win11/ 4GB Graph),"₹62,990",68,12th Gen Intel Core i5 12500H,"12 Cores (4P + 8E), 16 Threads",16 GB DDR4 RAM,512 GB SSD,"16 inches, 1920 x 1200 pixels",4 GB NVIDIA GeForce RTX 3050,Windows 11 OS,1 Year Warranty
Asus TUF Gaming A15 2024 FA507UV-LP137WS Gaming Laptop (AMD Ryzen 9 8945H/ 16GB/ 1TB SSD/ Win11/ 8GB Graph),"₹1,09,990",75,8th Gen AMD Ryzen 9 8945H,"Octa Core, 16 Threads",16 GB DDR5 RAM,1 TB SSD,"15.6 inches, 1920 x 1080 pixels",8 GB NVIDIA GeForce RTX 4060,Windows 11 OS,1 Year Warranty
MSI Raider A18 HX A7VHG-017IN Gaming Laptop (AMD Ryzen 9 7945HX/ 32GB/ 1TB SSD/ Win11/ 12GB RTX 4080 Graphics ),"₹2,89,990",93,7th Gen AMD Ryzen 9 7945HX,"16 Cores, 32 Threads",32 GB DDR5 RAM,1 TB SSD,"18 inches, 2560 x 1600 pixels",12 GB NVIDIA GeForce RTX 4080,Windows 11 OS,2 Year Warranty
Asus Vivobook S 15 OLED S5507QA-MA551WS Laptop (Snapdragon X Plus X1P 42 100/ 16GB/ 1TB SSD/ Win11),"₹69,994",48,Qualcomm Snapdragon X Plus X1P 42,,16 GB LPDDR5X RAM,1 TB SSD,"15.6 inches, 2880 x 1620 pixels",Qualcomm Adreno GPU,Windows 11 OS,1 Year Warranty
Acer Aspire Lite 15 AL15-52H Laptop (12th Gen Core i5/ 12GB/ 512GB SSD/ Win11),"₹48,990",55,12th Gen Intel Core i5 12450H,"Octa Core (4P + 4E), 12 Threads",12 GB DDR4 RAM,512 GB SSD,"15.6 inches, 1920 x 1080 pixels",Intel UHD Graphics,Windows 11 OS,1 Year Warranty
Acer Aspire Lite AL15-52H Laptop (12th Gen Core i5/ 16GB/ 512GB SSD/ Win11),"₹36,541",56,12th Gen Intel Core i5 12450H,"Octa Core (4P + 4E), 12 Threads",16 GB DDR4 RAM,512 GB SSD,"15.6 inches, 1920 x 1080 pixels",Intel UHD Graphics,Windows 11 OS,1 Year Warranty
Samsung Galaxy Book 4 NP750XGJ-LG4IN Laptop (13th Gen Intel Core i3-1315U/ 8GB/ 512GB SSD/ Win11),"₹34,990",54,13th Gen Intel Core i3 1315U,"Hexa Core (2P + 4E), 8 Threads",8 GB LPDDR4x RAM,512 GB SSD,"15.6 inches, 1920 x 1080 pixels",Intel Graphics,Windows 11 OS,1 Year Warranty
Asus ROG Zephyrus G16 OLED GA605WI-QR067WS Gaming Laptop (AMD Ryzen AI 9 HX 370/ 32GB/ 2TB SSD/ Win11/ 8GB Graph),"₹2,27,999",80,AMD Ryzen AI 9 HX 370,"12 Cores, 24 Threads",32 GB LPDDR5X RAM,2 TB SSD,"16 inches, 2560 x 1600 pixels",8 GB NVIDIA GeForce RTX 4070,Windows 11 OS,1 Year Warranty
MSI Modern 15 B12MO-1008IN Laptop (12th Gen Core i3/ 8GB/ 512GB SSD/ Win11 Home),"₹33,804",54,12th Gen Intel Core i3 1215U,"Hexa Core (2P + 4E), 8 Threads",8 GB DDR4 RAM,512 GB SSD,"15.6 inches, 1920 x 1080 pixels",Intel UHD Graphics,Windows 11 OS,1 Year Warranty
MSI Creator Z17 HX Studio A14VGT-405IN Creator Laptop (14th Gen Core i7/ 32GB/ 2TB SSD/ Win11/ 8GB Graph),"₹2,99,990",93,14th Gen Intel Core i7 14700HX,"20 Cores (8P + 12E), 28 Threads",32 GB DDR5 RAM,2 TB SSD,"17 inches, 2560 x 1600 pixels, Touch Screen",8 GB NVIDIA GeForce RTX 4070,Windows 11 OS,2 Year Warranty
Asus Vivobook Go 15 E1504FA-NJ549WS Laptop (Ryzen 5 7520U / 16GB/ 512GB SSD/ Win11 Home),"₹40,990",51,7th Gen AMD Ryzen 5 7520U,"Quad Core, 8 Threads",16 GB LPDDR5 RAM,512 GB SSD,"15.6 inches, 1920 x 1080 pixels",AMD Radeon AMD,Windows 11 OS,1 Year Warranty
Asus Vivobook Go 15 OLED E1504FAB-LK549WS Laptop (Ryzen 5 7520U / 16GB/ 512GB SSD/ Win11 Home),"₹47,800",53,7th Gen AMD Ryzen 5 7520U,"Quad Core, 8 Threads",16 GB LPDDR5 RAM,512 GB SSD,"15.6 inches, 1920 x 1080 pixels",AMD Radeon AMD,Windows 11 OS,1 Year Warranty
MSI Modern 14 C12MO-1213IN Laptop (12th Gen Core i3/ 8GB/ 512GB SSD/ Win11 Home),"₹31,990",48,12th Gen Intel Core i3 1215U,"Hexa Core (2P + 4E), 8 Threads",8 GB  RAM,512 GB SSD,"14 inches, 1920 x 1080 pixels",Intel Iris Xe Graphics,Windows 11 OS,1 Year Warranty
Lenovo Yoga Slim 7x 14Q8X9 83ED003BIN Laptop (Snapdragon X Elite/ 32GB/ 1TB SSD/ Windows 11 Home),"₹1,39,990",59,Qualcomm Snapdragon X Elite X1E-78-100,12 Cores,32 GB LPDDR5X RAM,1 TB SSD,"14.5 inches, 2944 x 1840 pixels, Touch Screen",Qualcomm Adreno,Windows 11 OS,1 Year Warranty
HP ZBook Power G11 A8WM4PT Laptop (Intel Core Ultra 9/ 32GB/1TB SSD/Win11/8GB Graphics),"₹2,42,999",83,Intel Core Ultra 9 Series 1 185H,"16 Cores (6P + 8E + 2LP-E), 22 Threads",32 GB DDR5 RAM,1 TB SSD,"16 inches, 1920 x 1200 pixels",8 GB NVIDIA RTX 2000 Ada,Windows 11 OS,1 Year Warranty
HP ZBook Power G11 A8WN1PT Laptop (Intel Core Ultra 7/16 GB/1TB SSD/Win11/6GB Graphics),"₹1,76,450",75,Intel Core Ultra 7 Series 1 155H,"16 Cores (6P + 8E + 2LP-E), 22 Threads",16 GB DDR5 RAM,1 TB SSD,"16 inches, 1920 x 1200 pixels",6 GB NVIDIA RTX A1000,Windows 11 OS,1 Year Warranty
HP 15-fd0070TU Laptop (12th Gen Core i5/ 8GB/ 512GB SSD/ Win11 Home),"₹48,500",51,12th Gen Intel Core i5 1235U,"10 Cores (2P + 8E), 12 Threads",8 GB  RAM,512 GB SSD,"15.6 inches, 1920 x 1080 pixels",Intel Integrated Graphics,Windows 11 OS,1 Year Warranty
HP 15-fd0061TU Laptop (12th Gen Core i3/ 8 GB/ 512GB SSD/ Win11 Home),"₹37,990",48,12th Gen Intel Core i3 1215U,"Hexa Core (2P + 4E), 8 Threads",8 GB  RAM,512 GB SSD,"15.6 inches, 1920 x 1080 pixels",Intel Integrated Graphics,Windows 11 OS,1 Year Warranty
Asus VivoBook 15 X1504ZA-NJ341W Laptop (12th Gen Core i3/ 16GB/ 512GB SSD/ Win11),"₹35,990",55,12th Gen Intel Core i3 1215U,"Hexa Core (2P + 4E), 8 Threads",16 GB DDR4 RAM,512 GB SSD,"15.6 inches, 1920 x 1080 pixels",Integrated Intel UHD Graphics,Windows 11 OS,1 Year Warranty
HP Victus 15-FA1400TX Gaming Laptop (12th Gen Core i5/ 16GB/ 512GB SSD/ Win11 Home/ RTX 3050A),"₹63,990",61,12th Gen Intel Core i5 12450H,"Octa Core (4P + 4E), 12 Threads",16 GB DDR4 RAM,512 GB SSD,"15.6 inches, 1920 x 1080 pixels",4 GB NVIDIA GeForce RTX 3050,Windows 11 OS,1 Year Warranty
HP Victus 15-FA1411TX Gaming Laptop (12th Gen Core i7/ 16GB/ 512GB SSD/ Win11/ 4GB Graph),"₹73,000",66,12th Gen Intel Core i7 12650H,"10 Cores (6P + 4E), 16 Threads",16 GB DDR4 RAM,512 GB SSD,"15.6 inches, 1920 x 1080 pixels",4 GB NVIDIA GeForce RTX 3050,Windows 11 OS,1 Year Warranty
Asus TUF Gaming A15 FA507NUR-LP082W Gaming Laptop (AMD Ryzen 7 7435HS/ 16GB/ 512GB SSD/ Win11/ 6GB Graph),"₹83,869",73,7th Gen AMD Ryzen 7 7435HS,"Octa Core, 16 Threads",16 GB DDR5 RAM,512 GB SSD,"15.6 inches, 1920 x 1080 pixels",6 GB NVIDIA GeForce RTX 4050,Windows 11 OS,1 Year Warranty
Infinix INBook Y2 Plus XL29 Laptop (11th Gen Core i7/ 16GB/ 512GB SSD/ Win 11 Home),"₹45,490",55,11th Gen Intel Core i7 1195G7,"Quad Core, 8 Threads",16 GB LPDDR4X RAM,512 GB SSD,"15.6 inches, 1920 x 1080 pixels",Intel Integrated Iris Xe,Windows 11 OS,1 Year Warranty
HP 15-fd0111TU Laptop (12th Gen Core i5/ 16GB/ 512GB SSD/ Win11 Home),"₹56,990",56,12th Gen Intel Core i5 1235U,"10 Cores (2P + 8E), 12 Threads",16 GB DDR4 RAM,512 GB SSD,"15.6 inches, 1920 x 1080 pixels",Intel Integrated Iris Xe,Windows 11 OS,1 Year Warranty
Infinix INBook Y3 Max YL613 Laptop (12th Gen Core i7/ 16GB/ 512GB SSD/ Win 11),"₹51,990",52,12th Gen Intel Core i7 1255U,"10 Cores (2P + 8E), 12 Threads",16 GB LPDDR4X RAM,512 GB SSD,"16 inches, 1920 x 1200 pixels",Intel Integrated UHD,Windows 11 OS,1 Year Warranty
Dell Inspiron 14 Plus OIN7441200101RINU1 AI Laptop (Snapdragon X Plus/ 16GB/ 512GB SSD/ Win11),"₹88,990",56,Qualcomm Snapdragon X Plus X1P-64-100,10 Cores,16 GB LPDDR5X RAM,512 GB SSD,"14 inches, 2560 x 1600 pixels, Touch Screen",Qualcomm Adreno GPU,Windows 11 OS,1 Year Warranty
Infinix INBook Y3 Max Series YL613 Laptop (12th Gen Core i3/ 16GB/ 256GB SSD/ Win 11),"₹30,990",48,12th Gen Intel Core i3 1215U,"Hexa Core (2P + 4E), 8 Threads",16 GB LPDDR4X RAM,256 GB SSD,"16 inches, 1920 x 1200 pixels",Intel Integrated UHD,Windows 11 OS,1 Year Warranty
Infinix INBook Y3 Max Laptop (12th Gen Core i3/ 8GB/ 256GB SSD/ Win 11),"₹29,990",45,12th Gen Intel Core i3 1215U,"Hexa Core (2P + 4E), 8 Threads",8 GB LPDDR4X RAM,256 GB SSD,"16 inches, 1920 x 1200 pixels",Intel Integrated UHD,Windows 11 OS,1 Year Warranty
Lenovo ThinkPad E14 21JKS13J00 Laptop (13th Gen Core i7/ 16GB/ 1TB SSD/ Win11 Home),"₹94,990",66,13th Gen Intel Core i7 1355U,"10 Cores (2P + 8E), 12 Threads",16 GB DDR4 RAM,1 TB SSD,"14 inches, 1920 x 1200 pixels",Intel Iris Xe Graphics comes,Windows 11 OS,1 Year Warranty
Acer Aspire 7 A715-79G UN.34NSI.002 Gaming Laptop (13th Gen Core i5/ 16GB/ 512GB SSD/ Win11/ 4GB Graph),"₹61,199",62,13th Gen Intel Core i5 13420H,"Octa Core (4P + 4E), 12 Threads",16 GB DDR4 RAM,512 GB SSD,"15.6 inches, 1920 x 1080 pixels",4 GB NVIDIA GeForce RTX 2050,Windows 11 OS,1 Year Warranty
Acer Aspire 7 A715-79G UN.34PSI.001 Gaming Laptop (13th Gen Core i5/ 16GB/ 512GB SSD/ Win11 Home/ 6GB Graph),"₹60,990",64,13th Gen Intel Core i5 13420H,"Octa Core (4P + 4E), 12 Threads",16 GB DDR4 RAM,512 GB SSD,"15.6 inches, 1920 x 1080 pixels",6 GB NVIDIA GeForce RTX 3050,Windows 11 OS,1 Year Warranty
Dell Inspiron 5445 Laptop (AMD Ryzen 5 8540U/ 16GB/ 512GB SSD/ Windows 11 Home),"₹60,990",64,8th Gen AMD Ryzen 5 8540U,"Hexa Core, 12 Threads",16 GB DDR5 RAM,512 GB SSD,"14 inches, 1920 x 1200 pixels",AMD Radeon Graphics,Windows 11 OS,1 Year Warranty
Dell Inspiron 5445 Laptop (AMD Ryzen 7 8840U/ 16GB/ 1TB SSD/ Windows 11 Home),"₹69,990",61,8th Gen AMD Ryzen 7 8840U,"Octa Core, 16 Threads",16 GB DDR5 RAM,1 TB SSD,"14 inches, 1920 x 1200 pixels",AMD Radeon Graphics,Windows 11 OS,1 Year Warranty
Acer Aspire 5 NX.KHFSI.007 Laptop (13th Gen Core i5/ 16GB/ 512GB SSD/ Win11 Home),"₹51,990",51,13th Gen Intel Core i5 1335U,"10 Cores (2P + 8E), 12 Threads",16 GB LPDDR5 RAM,512 GB SSD,"15.6 inches, 1920 x 1080 pixels",Intel Iris Xe Graphics,Windows 11 OS,1 Year Warranty
Gigabyte G6X 9MG-42IN854SH Gaming Laptop (13th Gen Core i7/ 16GB/ 1TB SSD/ Win11 Home/ RTX4050 6GB Graph),"₹1,70,000",69,13th Gen Intel Core i7 13650HX,14 Cores (6P + 8E),16 GB DDR5 RAM,1 TB SSD,"16 inches, 1920 x 1200 pixels",6 GB NVIDIA GeForce RTX 4050,Windows 11 OS,2 Year Warranty
HP Pavilion 16 AI 16-ag0019AU Laptop (AMD Ryzen 5 8540U/ 16GB / 512GB SSD/ Win11),"₹55,990",62,8th Gen AMD Ryzen 5 8540U,"Hexa Core, 12 Threads",16 GB LPDDR5 RAM,512 GB SSD,"16 inches, 1920 x 1200 pixels",AMD Radeon AMD,Windows 11 OS,1 Year Warranty
HP 255 G9 8M397PA Laptop (AMD Ryzen 5 5625U/ 8GB/ 512 GB SSD/ Win11 Home),"₹36,950",52,5th Gen AMD Ryzen 5 5625U,"Hexa Core, 12 Threads",8 GB  RAM,512 GB SSD,"14.1 inches, 1366 x 768 pixels",AMD Radeon Graphics,Windows 11 OS,1 Year Warranty
Apple MacBook Air 13 2024 Laptop (Apple M3/ 16GB/ 256GB SSD/ MacOS),"₹1,07,299",47,Apple M3,Octa Core (4P + 4E),16 GB  RAM,256 GB SSD,"13.6 inches, 2560 x 1664 pixels",Apple 10 Core GPU,Mac OS,1 Year Warranty
HP 15-fd0129TU Laptop (13th Gen Core i3/ 8GB/ 512GB SSD/ Win11 Home),"₹34,990",55,13th Gen Intel Core i3 1315U,"Hexa Core (2P + 4E), 8 Threads",8 GB DDR4 RAM,512 GB SSD,"15.6 inches, 1920 x 1080 pixels",Intel Integrated UHD,Windows 11 OS,1 Year Warranty
HP ProBook 440 G9 9S706AT Laptop (12th Gen Core i5/ 16GB/ 512GB SSD/ Win11),"₹67,499",63,12th Gen Intel Core i5 1235U,"10 Cores (2P + 8E), 12 Threads",16 GB DDR4 RAM,512 GB SSD,"14 inches, 1920 x 1080 pixels",Intel Iris Xe Graphics,Windows 11 OS,1 Year Warranty
Asus Vivobook S15 OLED S5504VA-MA943WS Laptop (13th Gen Core i9/ 16GB/ 512GB SSD/ Win11),"₹95,899",65,13th Gen Intel Core i9 13900H,"14 Cores (6P + 8E), 20 Threads",16 GB LPDDR5 RAM,512 GB SSD,"15.6 inches, 2880 x 1620 pixels",Intel Iris Xe Graphics,Windows 11 OS,1 Year Warranty
MSI Modern 15 B13VE-2089IN Laptop (12th Gen Core i7/ 16GB/ 512GB SSD/ Win11 Home/6GB Graphics),"₹89,990",68,13th Gen Intel Core i7 13620H,"10 Cores (6P + 4E), 16 Threads",16 GB DDR4 RAM,512 GB SSD,"15.6 inches, 1920 x 1080 pixels",6 GB NVIDIA GeForce RTX 4050,Windows 11 OS,2 Year Warranty
MSI Modern 15 B12MO-1006IN Laptop (12th Gen Core i7/ 16GB/ 512GB SSD/ Win11 Home),"₹49,990",60,12th Gen Intel Core i7 1255U,"10 Cores (2P + 8E), 12 Threads",16 GB DDR4 RAM,512 GB SSD,"15.6 inches, 1920 x 1080 pixels",Intel Integrated Iris Xe,Windows 11 OS,1 Year Warranty
Dell 15 Vostro 3520 Laptop (12th Gen Core i3/ 8GB/ 512GB SSD/ Win11),"₹38,490",59,12th Gen Intel Core i3 1215U,"Hexa Core (2P + 4E), 8 Threads",8 GB DDR4 RAM,512 GB SSD,"15.6 inches, 1920 x 1080 pixels",Intel Graphics,Windows 11 OS,1 Year Warranty
Dell 3530 Inspiron 15 Laptop (13th Gen Core i5/ 16GB/ 1TB SSD/ Win11 Home),"₹59,990",54,13th Gen Intel Core i5 1334U,"10 Cores (2P + 8E), 12 Threads",16 GB DDR4 RAM,1 TB SSD,"15.6 inches, 1920 x 1080 pixels",Intel Integrated Integrated,Windows 11 OS,1 Year Warranty
Lenovo LOQ 2024 83GS0098IN Gaming Laptop (12th Gen Core i5/ 24GB/ 512GB SSD/ Win11/ 6GB RTX 3050 Graph),"₹76,890",66,12th Gen Intel Core i5 12450HX,"Octa Core (4P + 4E), 12 Threads",24 GB DDR5 RAM,512 GB SSD,"15.6 inches, 1920 x 1080 pixels",6 GB NVIDIA GeForce RTX 3050,Windows 11 OS,1 Year Warranty
Thomson Neo 15 IN-N15I312-8GR512 Laptop (12th Gen Core i3/ 8GB/ 512GB SSD/Win11 Home),"₹28,999",51,12th Gen Intel Core i3 1215U,"Hexa Core (2P + 4E), 8 Threads",8 GB LPDDR4 RAM,512 GB SSD,"15.6 inches, 1920 x 1080 pixels",Intel Integrated,Windows 11 OS,1 Year Warranty
Lenovo Thinkpad E16 G1 21JNS0QD00 Laptop (13th Gen Core i3/ 8GB/ 512GB SSD/ Win11),"₹48,490",59,13th Gen Intel Core i3 1315U,"Hexa Core (2P + 4E), 8 Threads",8 GB DDR4 RAM,512 GB SSD,"16 inches, 1920 x 1080 pixels",Intel Integrated,Windows 11 OS,1 Year Warranty
Asus TUF Gaming A15 FA506NCR-HN075WS Laptop (AMD Ryzen 7 7435HS/ 16GB / 512GB SSD/ Win11 Home / 4GB Graph),"₹67,990",70,7th Gen AMD Ryzen 7 7435HS,"Octa Core, 16 Threads",16 GB DDR5 RAM,512 GB SSD,"15.6 inches, 1920 x 1080 pixels",4 GB NVIDIA GeForce RTX 3050,Windows 11 OS,1 Year Warranty
Lenovo Yoga 7 14IML9 83DJ00AKIN Laptop (Intel Core Ultra 5 125H/ 16GB/ 512GB SSD/ Win11 Home),"₹94,990",59,Intel Core Ultra 5 Series 1 125H,"14 Cores (4P + 8E + 2LP-E), 18 Threads",16 GB LPDDR5x RAM,512 GB SSD,"14 inches, 1920 x 1200 pixels, Touch Screen",Integrated Intel Arc Graphics,Windows 11 OS,1 Year Warranty
MSI Modern 14 C12MO-1211IN Laptop (12th Gen Core i7/ 16GB/ 512GB SSD/ Win11 Home),"₹52,511",55,12th Gen Intel Core i7 1255U,"10 Cores (2P + 8E), 12 Threads",16 GB  RAM,512 GB SSD,"14 inches, 1920 x 1080 pixels",Intel Iris Xe Graphics,Windows 11 OS,1 Year Warranty
Dell Inspiron 14 Plus AI Laptop (Snapdragon X Plus/ 16GB/ 1TB SSD/ Win11),"₹1,11,490",57,Qualcomm Snapdragon X Plus X1P-64-100,10 Cores,16 GB LPDDR5X RAM,1 TB SSD,"14 inches, 2560 x 1600 pixels, Touch Screen",Qualcomm Adreno GPU,Windows 11 OS,1 Year Warranty
Lenovo IdeaPad Slim 5 16IMH9 83DC003GIN Laptop (Intel Core Ultra 5/ 16GB RAM/ 512GB SSD/ Win 11),"₹70,990",47,Intel Core Ultra 5 Series 1 125H,"14 Cores (4P + 8E + 2LP-E), 18 Threads",16 GB LPDDR5 RAM,512 GB SSD,"16 inches, 1920 x 1200 pixels",Intel Arc Graphics,Windows 11 OS,1 Year Warranty
Lenovo IdeaPad 3 82RJ00F1IN Laptop (12th Gen Core i3/ 8GB/ 512GB SSD/ Win11 Home),"₹32,890",52,12th Gen Intel Core i3 1215U,"Hexa Core (2P + 4E), 8 Threads",8 GB DDR4 RAM,512 GB SSD,"14 inches, 1920 x 1080 pixels",Intel Integrated UHD,Windows 11 OS,1 Year Warranty
Acer TravelMate 15 TMP215-53 Laptop (11th Gen Core i3/ 4GB/256GB SSD/ Win11),"₹45,290",54,11th Gen Intel Core i3 1115G4,"Dual Core, 4 Threads",4 GB DDR4 RAM,256 GB SSD,"15.6 inches, 1920 x 1080 pixels",Intel Graphics,Windows 11 OS,1 Year Warranty
Acer TravelMate TMP214-54 Business Laptop (12th Gen Core i7/ 8GB/ 512GB SSD/ Win11 Home),"₹53,290",61,12th Gen Intel Core i7 1255U,"10 Cores (2P + 8E), 12 Threads",8 GB DDR4 RAM,512 GB SSD,"14 inches, 1920 x 1080 pixels",Intel Integrated Iris Xe,Windows 11 OS,1 Year Warranty
Lenovo ThinkPad E14 21JKS13M00 Laptop (13th Gen Core i5/ 8GB/ 512GB SSD/ Win11 Home),"₹66,490",55,13th Gen Intel Core i5 1335U,"10 Cores (2P + 8E), 12 Threads",8 GB DDR4 RAM,512 GB SSD,"14 inches, 1920 x 1200 pixels",Intel UHD Graphics,Windows 11 OS,1 Year Warranty
Lenovo IdeaPad 3 11IGL05 82BA0029HA Chromebook Laptop (Intel Celeron N4020 / 4GB/ 64GB eMMC/ Chrome OS),"₹14,999",33,Intel Celeron N4020,"Dual Core, 2 Threads",4 GB LPDDR4 RAM,64 GB eMMC Storage,"11.6 inches, 1366 x 768 pixels",Intel Integrated UHD,Chrome OS,1 Year Warranty
HP Victus Special Edition 15-fa1379TX Gaming Laptop (12th Gen Core i5/ 16GB/ 512GB SSD/ Win11 Home/ RTX 3050A),"₹59,490",59,12th Gen Intel Core i5 12450H,"Octa Core (4P + 4E), 12 Threads",16 GB DDR4 RAM,512 GB SSD,"15.6 inches, 1920 x 1080 pixels",4 GB NVIDIA GeForce RTX 3050A,Windows 11 OS,1 Year Warranty
HP 14-gr0001TU Laptop (13th Gen Core i5/ 16GB/ 512GB SSD/ Win11 Home),"₹54,380",54,13th Gen Intel Core i5 1335U,"10 Cores (2P + 8E), 12 Threads",16 GB DDR4 RAM,512 GB SSD,"14 inches, 1920 x 1080 pixels",Intel Iris Xe Graphics,Windows 11 OS,1 Year Warranty
Asus Vivobook 15 X1504ZA-NJ549WS Laptop (12th Gen Core i5/ 16GB/ 512GB SSD/ Win11),"₹45,990",56,12th Gen Intel Core i5 1235U,"10 Cores (2P + 8E), 12 Threads",16 GB DDR4 RAM,512 GB SSD,"15.6 inches, 1920 x 1080 pixels",Intel Integrated Integrated,Windows 11 OS,1 Year Warranty
Acer Predator Helios 16 NH.QNXSI.004 Gaming Laptop (14th Gen Core i7/ 16GB/ 1TB SSD/ Win11/ 8GB RTX4070),"₹1,84,799",80,14th Gen Intel Core i7 14700HX,"20 Cores (8P + 12E), 28 Threads",16 GB DDR5 RAM,1 TB SSD,"16 inches, 2560 x 1600 pixels",8 GB NVIDIA GeForce RTX 4070,Windows 11 OS,1 Year Warranty
Lenovo Yoga Book 9 83FF0034IN Laptop (Intel Evo Core Ultra 7 155U/ 32GB/ 1TB SSD/ Win11),"₹2,19,990",75,Intel Core Ultra 7 155U,"12 Cores (2P + 8E + 2LP-E), 14 Threads",32 GB LPDDR5x RAM,1 TB SSD,"13.3 inches, 2880 x 1800 pixels, Touch Screen",Intel Integrated Graphics,Windows 11 OS,3 Year Warranty
Lenovo Yoga Pro 9 ‎16IMH9 83DN004VIN Laptop (Intel Evo Core Ultra 9 185H/ 32GB/ 1TB SSD/ Win11 Home/ 6GB Graphics),"₹1,66,214",78,Intel Core Ultra 9 Series 1 185H,"16 Cores (6P + 8E + 2LP-E), 22 Threads",32 GB LPDDR5x RAM,1 TB SSD,"16 inches, 3200 x 2000 pixels",6 GB NVIDIA GeForce RTX 4050,Windows 11 OS,1 Year Warranty
Lenovo Yoga 9 83AC001LIN Laptop (Intel Evo Core Ultra 7 155H/ 32GB/ 1TB SSD/ Win11),"₹1,79,990",73,Intel Core Ultra 7 Series 1 155H,"16 Cores (6P + 8E + 2LP-E), 22 Threads",32 GB LPDDR5x RAM,1 TB SSD,"14 inches, 2880 x 1800 pixels, Touch Screen",Intel Arc Graphics,Windows 11 OS,1 Year Warranty
Acer Nitro V ANV15-41 UN.QPFSI.002 Gaming Laptop (AMD Ryzen 5 7535HS/ 16GB/ 512GB SSD/ Win11/ 6GB RTX3050 Graph),"₹67,990",68,7th Gen AMD Ryzen 5 7535HS,"Hexa Core, 12 Threads",16 GB DDR5 RAM,512 GB SSD,"15.6 inches, 1920 x 1080 pixels",6 GB NVIDIA GeForce RTX 3050,Windows 11 OS,1 Year Warranty
HP Victus Special Edition 15-fa1382TX Gaming Laptop (12th Gen Core i7/ 16GB/ 512GB SSD/ Win11 Home/ RTX 3050A),"₹79,199",61,12th Gen Intel Core i7 12650H,"10 Cores (6P + 4E), 16 Threads",16 GB DDR4 RAM,512 GB SSD,"15.6 inches, 1920 x 1080 pixels",4 GB NVIDIA GeForce RTX 3050A,Windows 11 OS,1 Year Warranty
HP Pavilion 15-eg3130TU Laptop (13th Gen Core i3/ 8GB/ 256GB SSD/ Win11 Home),"₹49,990",48,13th Gen Intel Core i3 1315U,"Hexa Core (2P + 4E), 8 Threads",8 GB  RAM,256 GB SSD,"15.6 inches, 1920 x 1080 pixels",Intel Graphics,Windows 11 OS,1 Year Warranty
HP OmniBook X 14-fe0121QU AI Laptop (Snapdragon X Elite X1E-78-100/ 16GB/ 1TB SSD/ Win11),"₹1,26,117",56,Qualcomm Snapdragon X Elite X1E-78-100,12 Cores,16 GB LPDDR5X RAM,1 TB SSD,"14 inches, 2240 x 1400 pixels, Touch Screen",Qualcomm Adreno GPU,Windows 11 OS,1 Year Warranty
Lenovo IdeaPad 1 15ALC7 82R400EFIN Laptop (AMD Ryzen 7 5700U/ 16GB/ 512GB SSD/ Win11 Home),"₹41,999",57,5th Gen AMD Ryzen 7 5700U,"Octa Core, 16 Threads",16 GB DDR4 RAM,512 GB SSD,"15.6 inches, 1920 x 1080 pixels",AMD Radeon,Windows 11 OS,1 Year Warranty
Lenovo LOQ 2024 15IAX9 83GS00CKIN Gaming Laptop (12th Gen Core i5/ 24GB/ 512GB SSD/ Win11/ 4GB Graph),"₹70,000",65,12th Gen Intel Core i5 12450HX,"Octa Core (4P + 4E), 12 Threads",24 GB DDR5 RAM,512 GB SSD,"15.6 inches, 1920 x 1080 pixels",4 GB NVIDIA GeForce RTX 2050,Windows 11 OS,1 Year Warranty
Acer TravelMate TMP215-53 Laptop (11th Gen Core i5/ 8GB/ 512GB SSD/ Win11),"₹60,780",57,11th Gen Intel Core i5 1135G7,"Quad Core, 8 Threads",8 GB DDR4 RAM,512 GB SSD,"15.6 inches, 1920 x 1080 pixels",Iris Xe Graphics,Windows 11 OS,1 Year Warranty
Asus TUF Gaming A15 FA566NCR-HN075W Laptop (AMD Ryzen 7 7435HS/ 16GB / 512GB SSD/ Win11 Home / 4GB Graph),"₹65,999",70,7th Gen AMD Ryzen 7 7435HS,"Octa Core, 16 Threads",16 GB DDR5 RAM,512 GB SSD,"15.6 inches, 1920 x 1080 pixels",4 GB NVIDIA GeForce RTX 3050,Windows 11 OS,1 Year Warranty
Thomson Neo Series IN-PX14C  Laptop (Intel Celeron N4020/ 4 GB/128 GB SSD/Win11 Home),"₹13,507",33,Intel Celeron N4020,"Dual Core, 2 Threads",4 GB LPDDR4 RAM,128 GB SSD,"14.1 inches, 1366 x 768 pixels",Intel Integrated UHD,Windows 11 OS,1 Year Warranty
MSI Modern 15 H C13M Laptop (13th Gen Core i5/ 16GB/ 1TB SSD/ Win11 Home),"₹57,990",52,13th Gen Intel Core i5 13420H,"Octa Core (4P + 4E), 12 Threads",16 GB  RAM,1 TB SSD,"15.6 inches, 1920 x 1080 pixels",Intel Integrated Iris Xe,Windows 11 OS,1 Year Warranty
Asus TUF Gaming F15 FX577ZC-HN193W Gaming Laptop (12th Gen Core i7/ 16GB/512GB SSD/ Win11 / 4GB Graph),"₹80,999",69,12th Gen Intel Core i7 12700H,"14 Cores (6P + 8E), 20 Threads",16 GB DDR5 RAM,512 GB SSD,"15.6 inches, 1920 x 1080 pixels",4 GB NVIDIA GeForce RTX 3050,Windows 11 OS,1 Year Warranty
HP Victus Special Edition 15-fa1389TX Gaming Laptop (12th Gen Core i7/ 16GB/ 1TB SSD/ Win11 Home/ RTX 3050A),"₹79,999",65,12th Gen Intel Core i7 12650H,"10 Cores (6P + 4E), 16 Threads",16 GB DDR4 RAM,1 TB SSD,"15.6 inches, 1920 x 1080 pixels",4 GB NVIDIA GeForce RTX 3050A,Windows 11 OS,1 Year Warranty
Asus TUF Gaming A15 FA566NFR-HN259W Laptop (AMD Ryzen 7 7435HS/ 16GB / 512GB SSD/ Win11 Home / 4GB Graph),"₹60,990",69,7th Gen AMD Ryzen 7 7435HS,"Octa Core, 16 Threads",16 GB DDR5 RAM,512 GB SSD,"15.6 inches, 1920 x 1080 pixels",4 GB NVIDIA GeForce RTX 2050,Windows 11 OS,1 Year Warranty
Asus TUF Gaming A15 FA566NFR-HN260W Laptop (AMD Ryzen 7 7435HS/ 8GB / 512GB SSD/ Win11 Home / 4GB Graph),"₹59,820",66,7th Gen AMD Ryzen 7 7435HS,"Octa Core, 16 Threads",8 GB DDR5 RAM,512 GB SSD,"15.6 inches, 1920 x 1080 pixels",4 GB NVIDIA GeForce RTX 2050,Windows 11 OS,1 Year Warranty
HP Victus 15-fa0333TX Gaming Laptop (12th Gen Core i5/ 16GB/ 512GB SSD/ Win11/ 4GB RTX 3050),"₹61,370",59,12th Gen Intel Core i5 12450H,"Octa Core (4P + 4E), 12 Threads",16 GB DDR4 RAM,512 GB SSD,"15.6 inches, 1920 x 1080 pixels",4 GB NVIDIA GeForce RTX 3050,Windows 11 OS,1 Year Warranty
HP 15s-fc0156AU Laptop (AMD Ryzen 5 7520U/ 16GB/ 512GB SSD/ Win11 Home),"₹42,990",59,7th Gen AMD Ryzen 5 7520U,"Quad Core, 8 Threads",16 GB LPDDR5 RAM,512 GB SSD,"15.6 inches, 1920 x 1080 pixels",AMD Radeon AMD,Windows 11 OS,1 Year Warranty
HP 15-fc0155AU Laptop (AMD Ryzen 5 7520U/ 8GB/ 512GB SSD/ Win11 Home),"₹33,200",56,7th Gen AMD Ryzen 5 7520U,"Quad Core, 8 Threads",8 GB LPDDR5 RAM,512 GB SSD,"15.6 inches, 1920 x 1080 pixels",AMD Radeon AMD,Windows 11 OS,1 Year Warranty
HP Victus 15-fa1388TX Gaming Laptop (12th Gen Core i5/ 16GB/ 1TB SSD/ Win11/ 4GB Graph),"₹73,626",62,12th Gen Intel Core i5 12450H,"Octa Core (4P + 4E), 12 Threads",16 GB DDR4 RAM,1 TB SSD,"15.6 inches, 1920 x 1080 pixels",4 GB NVIDIA GeForce RTX 3050A,Windows 11 OS,1 Year Warranty
Asus TUF Gaming A15 FA566NC-HN083WS Laptop (AMD Ryzen 5 7535HS/ 16GB / 512GB SSD/ Win11 Home / 4GB Graph),"₹69,742",69,7th Gen AMD Ryzen 5 7535HS,"Hexa Core, 12 Threads",16 GB DDR5 RAM,512 GB SSD,"15.6 inches, 1920 x 1080 pixels",4 GB NVIDIA GeForce RTX 3050,Windows 11 OS,1 Year Warranty
Acer Aspire 3D 15 SpatialLabs Edition 3D Laptop (13th Gen Core i5/ 16GB/ 512GB SSD/ Win11/ 4GB RTX 2050),"₹1,19,755",66,13th Gen Intel Core i5 13420H,"Octa Core (4P + 4E), 12 Threads",16 GB DDR5 RAM,512 GB SSD,"15.6 inches, 3840 x 2160 pixels",4 GB NVIDIA GeForce RTX 2050,Windows 11 OS,2 Year Warranty
HP 14-gr1023TU Laptop (Intel Core Ultra 7 155H/ 16GB/ 512GB SSD/ Win11 Home),"₹83,990",64,Intel Core Ultra 7 155H,"16 Cores (6P + 8E + 2LP-E), 22 Threads",16 GB DDR5 RAM,512 GB SSD,"14 inches, 1920 x 1080 pixels",Intel Integrated Intel Arc,Windows 11 OS,1 Year Warranty
Air Falcon Series laptop (12th Gen Core i3/ 8GB/ 512GB SSD/ Win11),"₹29,990",45,12th Gen Intel Core i3 1215U,"Hexa Core (2P + 4E), 8 Threads",8 GB  RAM,512 GB SSD,"14.1 inches, 1920 x 1080 pixels",Intel Integrated UHD,Windows 11 OS,1 Year Warranty
HP 14-gr1022TU Laptop (Intel Core Ultra 5 125H/ 16GB/ 512GB SSD/ Win11 Home),"₹82,000",57,Intel Core Ultra 5 Series 1 125H,"14 Cores (4P + 8E + 2LP-E), 18 Threads",16 GB DDR5 RAM,512 GB SSD,"14 inches, 1920 x 1080 pixels",Intel Arc Graphics,Windows 11 OS,1 Year Warranty
Acer Aspire 3 14 A324-45 Laptop (Intel Core Celeron N4500/ 8GB/ 256GB SSD/ Win11),"₹21,990",39,Intel Celeron N4500,"Dual Core, 2 Threads",8 GB LPDDR4X RAM,256 GB SSD,"14 inches, 1366 x 768 pixels",Intel Integrated UHD,Windows 11 OS,1 Year Warranty
Acer Aspire 3 A324-45 Laptop (Intel Core Celeron N4500/ 8GB/ 512GB SSD/ Win11),"₹22,990",41,Intel Celeron N4500,"Dual Core, 2 Threads",8 GB LPDDR4X RAM,512 GB SSD,"14 inches, 1366 x 768 pixels",Intel Integrated UHD,Windows 11 OS,1 Year Warranty
Thomson Neo 15 IN-N15I Laptop (12th Gen Core i5/ 16GB/ 512GB SSD/Win11 Home),"₹33,490",55,12th Gen Intel Core i5 1235U,"10 Cores (2P + 8E), 12 Threads",16 GB LPDDR4 RAM,512 GB SSD,"15.6 inches, 1920 x 1080 pixels",Intel Integrated Iris Xe,Windows 11 OS,1 Year Warranty
Dell XPS 9345 AI Laptop (Snapdragon X Elite X1E-80-100/ 32GB/ 1TB SSD/ Win11),"₹1,79,490",74,Qualcomm Snapdragon X Elite X1E-80-100,12 Cores,32 GB LPDDR5X RAM,1 TB SSD,"13.4 inches, 2880 x 1800 pixels, Touch Screen",Qualcomm Adreno GPU,Windows 11 OS,1 Year Warranty
Dell XPS 9345 AI Laptops (Snapdragon X Elite/ 16GB/ 512GB SSD/ Win11),"₹1,59,990",69,Qualcomm Snapdragon X Elite X1E-80-100,12 Cores,16 GB LPDDR5X RAM,512 GB SSD,"13.4 inches, 2880 x 1800 pixels, Touch Screen",Qualcomm Adreno GPU,Windows 11 OS,1 Year Warranty
HP Chromebook x360 14b-cd0012TU Laptop (Intel Processor N200/ 8GB/ 128GB UFS/ Chrome OS),"₹40,099",37,Intel N200 N200,"Quad Core, 4 Threads",8 GB LPDDR5 RAM,,"14 inches, 1366 x 768 pixels, Touch Screen",Intel Integrated UHD,Chrome OS OS,1 Year Warranty
Acer Aspire 3 15 A325-45 Laptop (Intel Core Celeron N4500/ 8GB/ 256GB SSD/ Win11),"₹23,495",33,Intel Celeron N4500,"Dual Core, 2 Threads",8 GB LPDDR4X RAM,256 GB SSD,"15.6 inches, 1366 x 768 pixels",Intel UHD,Windows 11 OS,1 Year Warranty
Acer Aspire 3 A325-45 Laptop (Intel Core Celeron N4500/ 8GB/ 512GB SSD/ Win11),"₹23,990",34,Intel Celeron N4500,"Dual Core, 2 Threads",8 GB LPDDR4X RAM,512 GB SSD,"15.6 inches, 1366 x 768 pixels",Intel UHD,Windows 11 OS,1 Year Warranty
Acer Aspire 3D 15 SpatialLabs Edition  A3D15-71GM 3D Laptop (13th Gen Core i7/ 16GB/ 1TB SSD/ Win11/ 6GB RTX 4050),"₹1,70,199",72,13th Gen Intel Core i7 13620H,"10 Cores (6P + 4E), 16 Threads",16 GB DDR5 RAM,1 TB SSD,"15.6 inches, 3840 x 2160 pixels",6 GB NVIDIA GeForce RTX 4050,Windows 11 OS,2 Year Warranty
Microsoft Surface Laptop 7 15 ‎ZHH-00048 (Snapdragon X Elite/ 16GB/ 512GB SSD/ Win11),"₹1,44,008",48,Qualcomm Snapdragon X Elite,12 Cores,16 GB ‎LPDDR5x RAM,512 GB SSD,"15 inches, 2496 x 1664 pixels, Touch Screen",Qualcomm Adreno GPU,Windows 11 OS,1 Year Warranty
Microsoft Surface Pro 11 ‎ZIB-00031 Laptop (Snapdragon X Elite/ 16GB/ 1TB SSD/ Win11),"₹1,74,099",53,Qualcomm Snapdragon X Elite,12 Cores,16 GB LPDDR5x RAM,1 TB SSD,"13 inches, 2880 x 1920 pixels, Touch Screen",Qualcomm Adreno GPU,Windows 11 OS,1 Year Warranty
Microsoft Surface Pro 11 2024 ‎ZID-00014 Laptop (Snapdragon X Elite/ 32GB/ 1TB SSD/ Win11),"₹2,24,099",59,Qualcomm Snapdragon X Elite,12 Cores,32 GB LPDDR5x RAM,1 TB SSD,"13 inches, 2880 x 1920 pixels, Touch Screen",Qualcomm Adreno GPU,Windows 11 OS,1 Year Warranty
Microsoft Surface Pro 11 2024 ‎ZHY-00032 Laptop (Snapdragon X Plus/ 16GB/ 512GB SSD/ Win11),"₹1,26,999",51,Qualcomm Snapdragon X Plus,10 Cores,16 GB LPDDR5x RAM,512 GB SSD,"13 inches, 2880 x 1920 pixels, Touch Screen",Qualcomm Adreno GPU,Windows 11 OS,1 Year Warranty
Microsoft Surface Laptop 7 13.8 ‎‎ZGQ-00023 (Snapdragon X Elite/ 32GB/ 1TB SSD/ Win11),"₹2,02,990",52,Qualcomm Snapdragon X Elite,12 Cores,32 GB ‎LPDDR5x RAM,1 TB SSD,"13.8 inches, 2304 x 1536 pixels, Touch Screen",Qualcomm Adreno GPU,Windows 11 OS,1 Year Warranty
Microsoft Surface Laptop 7 ‎ZXX-00059 (Snapdragon X Elite/ 16GB/ 1TB SSD/ Win11),"₹1,70,990",46,Qualcomm Snapdragon X Elite,12 Cores,16 GB  RAM,1 TB SSD,"13.8 inches, 2304 x 1536 pixels, Touch Screen",Qualcomm Adreno GPU,Windows 11 OS,1 Year Warranty
Microsoft Surface Laptop 7 15 ‎‎ZYT-00048 (Snapdragon X Elite/ 16GB/ 1TB SSD/ Win11),"₹1,56,774",50,Qualcomm Snapdragon X Elite,12 Cores,16 GB ‎LPDDR5x RAM,1 TB SSD,"15 inches, 2496 x 1664 pixels, Touch Screen",Qualcomm Adreno GPU,Windows 11 OS,1 Year Warranty
Microsoft Surface Laptop 7 15 ‎ZHG-00023 (Snapdragon X Elite/ 16GB/ 256GB SSD/ Win11),"₹1,34,000",45,Qualcomm Snapdragon X Elite,12 Cores,16 GB ‎LPDDR5x RAM,256 GB SSD,"15 inches, 2496 x 1664 pixels, Touch Screen",Qualcomm Adreno GPU,Windows 11 OS,1 Year Warranty
Microsoft Surface Laptop 7 ‎ZGM-00023 (Snapdragon X Plus/ 16GB/ 512GB SSD/ Win11),"₹1,29,990",45,Qualcomm Snapdragon X Plus,10 Cores,16 GB LPDDR5x RAM,512 GB SSD,"13.8 inches, 2304 x 1536 pixels, Touch Screen",Qualcomm Adreno GPU,Windows 11 OS,1 Year Warranty
Thomson Neo Series IN-N15V2C Laptop (Intel Celeron N4020/ 4 GB/128 GB SSD/Win11 Home),"₹16,699",39,Intel Celeron N4020,"Dual Core, 2 Threads",4 GB LPDDR4 RAM,128 GB SSD,"15.6 inches, 1920 x 1080 pixels",Intel Integrated UHD,Windows 11 OS,1 Year Warranty
Acer Aspire Lite UN.34ESI.005 Gaming Laptop ( Intel Core i3 1305U / 8GB/ 512GB SSD/ Win11),"₹33,938",52,13th Gen Intel Core i3 1305U,"5 Cores (1P + 4E), 6 Threads",8 GB DDR4 RAM,512 GB SSD,"15.6 inches, 1920 x 1080 pixels",Intel UHD Graphics,Windows 11 OS,1 Year Warranty
Dell Inspiron 7441 Plus AI Laptop (Snapdragon X Plus/ 16GB/ 512GB SSD/ Win11),"₹96,448",56,Qualcomm Snapdragon X Plus X1P-64-100,10 Cores,16 GB LPDDR5X RAM,512 GB SSD,"14 inches, 2560 x 1600 pixels, Touch Screen",Qualcomm Adreno GPU,Windows 11 OS,1 Year Warranty
Dell Inspiron 7441 Plus AI Laptop (Snapdragon X Plus/ 16GB/ 512GB SSD/ Win11),"₹96,448",56,Qualcomm Snapdragon X Plus X1P-64-100,10 Cores,16 GB LPDDR5X RAM,512 GB SSD,"14 inches, 2560 x 1600 pixels, Touch Screen",Qualcomm Adreno GPU,Windows 11 OS,1 Year Warranty
Dell XPS 13 9345 AI Laptops (Snapdragon X Plus/ 16GB/ 512GB SSD/ Win11),"₹1,44,990",55,Qualcomm Snapdragon X Plus X1E-80-100,12 Cores,16 GB LPDDR5X RAM,512 GB SSD,"13.4 inches, 1920 x 1200 pixels, Touch Screen",Qualcomm Adreno GPU,Windows 11 OS,1 Year Warranty
Dell Vostro 3520 Laptop (12th Gen Core i3/ 8GB/ 512GB SSD/ Win11),"₹34,990",57,12th Gen Intel Core i3 1215U,"Hexa Core (2P + 4E), 8 Threads",8 GB DDR4 RAM,512 GB SSD,"15.6 inches, 1920 x 1080 pixels",Intel Graphics,Windows 11 OS,1 Year Warranty
HP Pavilion Aero 13-bg0017AU Laptop (AMD Ryzen 7 8840U/ 16GB / 512GB SSD/ Win11),"₹76,318",56,8th Gen AMD Ryzen 7 8840U,"Octa Core, 16 Threads",16 GB LPDDR5x RAM,512 GB SSD,"13.3 inches, 1920 x 1200 pixels",AMD Radeon AMD,Windows 11 OS,1 Year Warranty
Lenovo IdeaPad 3 14IAU7 82RJ00FFIN Laptop (12th Gen Core i3/ 16GB/ 512GB SSD/ Win11 Home),"₹36,415",57,12th Gen Intel Core i3 1215U,"Hexa Core (2P + 4E), 8 Threads",16 GB DDR4 RAM,512 GB SSD,"14 inches, 1920 x 1080 pixels",Intel Integrated UHD,Windows 11 OS,1 Year Warranty
Lenovo Ideapad Gaming 3 15ARH7 82SB00QSIN Laptop (AMD Ryzen 7 7735HS / 16GB/ 512GB SSD/ Win11/ 6GB Graph RTX 3050),"₹86,990",68,7th Gen AMD Ryzen 7 7735HS,"Octa Core, 16 Threads",16 GB DDR5 RAM,512 GB SSD,"15.6 inches, 1920 x 1080 pixels",6 GB NVIDIA GeForce RTX 3050,Windows 11 OS,1 Year Warranty
Infinix Zero Book Ultra AI ZL514 Laptop (Intel Core Ultra 7 155H/ 16GB/ 512GB SSD/ Win 11 Home),"₹98,990",59,Intel Core Ultra 7 Series 1 155H,"16 Cores (6P + 8E + 2LP-E), 22 Threads",16 GB LPDDR5X RAM,512 GB SSD,"15.6 inches, 1920 x 1080 pixels",Intel Integrated Intel Arc,Windows 11 OS,1 Year Warranty
Colorful Evol P15 23-HE55D16512A-W-IND Gaming Laptop (12th Gen Core i5/ 16GB/ 512GB SSD/ Win11/ 6GB Graph),"₹99,999",66,12th Gen Intel Core i5 12450H,"Octa Core (4P + 4E), 12 Threads",16 GB DDR5 RAM,512 GB SSD,"15.6 inches, 1920 x 1080 pixels",6 GB NVIDIA GeForce RTX 4050,Windows 11 OS,2 Year Warranty
Colorful Evol P15 Gaming Laptop (13th Gen Core i7/ 16GB/ 512GB SSD/ Win11/ 8GB Graph),"₹90,199",65,13th Gen Intel Core i7 13620H,"10 Cores (6P + 4E), 16 Threads",16 GB DDR5 RAM,512 GB SSD,"15.6 inches, 2560 x 1440 pixels",8 GB NVIDIA GeForce RTX 4060,Windows 11 OS,1 Year Warranty
Lenovo IdeaPad Slim 3 14IRU8 82X6004GIN Laptop (13th Gen Core i3/ 8GB/ 512GB SSD/ Win11),"₹41,460",44,13th Gen Intel Core i3 1305U,"5 Cores (1P + 4E), 6 Threads",8 GB LPDDR5 RAM,512 GB SSD,"15.6 inches, 1920 x 1080 pixels",Integrated Intel UHD Graphics,Windows 11 OS,1 Year Warranty
Lenovo Yoga Pro 7 14IMH9 83E2005EIN Laptop (Intel Core Ultra 7 155H/ 16GB/ 1TB SSD/ Win11 Home/ 6GB Graphics),"₹1,39,990",68,Intel Core Ultra 7 155H,"16 Cores (6P + 8E + 2LP-E), 22 Threads",16 GB LPDDR5X RAM,1 TB SSD,"14.5 inches, 2880 x 1800 pixels",6 GB NVIDIA GeForce RTX 4050,Windows 11 OS,1 Year Warranty
Lenovo LOQ 15ARP9 83JC0031IN Gaming Laptop (AMD Ryzen 5 7235HS/ 12GB/ 512GB SSD/ Win11/ 6GB RTX 3050 Graph),"₹66,990",64,7th Gen AMD Ryzen 5 7235HS,"Quad Core, 8 Threads",12 GB DDR5 RAM,512 GB SSD,"15.6 inches, 1920 x 1080 pixels",6 GB NVIDIA GeForce RTX 3050,Windows 11 OS,1 Year Warranty
HP Chromebook 14a-nf0014tu Laptop (Intel Processor N100/ 4GB/ 64GB UFS/ Chrome OS),"₹28,999",34,Intel N100 N100,"Quad Core, 4 Threads",4 GB LPDDR5 RAM,,"14 inches, 1366 x 768 pixels, Touch Screen",Intel Integrated UHD,Chrome OS,1 Year Warranty
HP Chromebook 14a-nf0016tu Laptop (Intel Processor N200/ 8GB/ 128GB UFS/ Chrome OS),"₹36,999",36,Intel N200,"Quad Core, 4 Threads",8 GB LPDDR5 RAM,,"14 inches, 1366 x 768 pixels, Touch Screen",Intel Integrated UHD,Chrome OS,1 Year Warranty
HP Pavilion Aero 13-bg0016AU Laptop (AMD Ryzen 5 8640U/ 16GB / 512GB SSD/ Win11),"₹73,861",48,8th Gen AMD Ryzen 5 8640U,"Hexa Core, 12 Threads",16 GB LPDDR5x RAM,512 GB SSD,"13.3 inches, 1920 x 1200 pixels",AMD Radeon AMD,Windows 11 OS,1 Year Warranty
HP Chromebook x360 14b-cd0011TU Laptop (Intel Processor N100/ 4GB/ 128GB UFS/ Chrome OS),"₹35,899",36,Intel N100 N100,"Quad Core, 4 Threads",4 GB LPDDR5 RAM,,"14 inches, 1366 x 768 pixels, Touch Screen",Intel Integrated UHD,Chrome OS OS,1 Year Warranty
Lenovo IdeaPad Slim 5 ‎15IRU9 83E6001JIN Laptop (Intel Core 5 120U/ 16 GB RAM/ 512GB SSD/ Win 11),"₹55,175",53,Intel Core 5 Processor Series 1 120U,"10 Cores (2P + 8E), 12 Threads",16 GB LPDDR5x RAM,512 GB SSD,"15.6 inches, 1920 x 1080 pixels",Intel Integrated,Windows 11 OS,1 Year Warranty
Lenovo LOQ 15ARP9 83JC0046IN Gaming Laptop (AMD Ryzen 7 7435H/ 24GB/ 512GB SSD/ Win11/ 8GB RTX 4060 Graph),"₹92,490",72,7th Gen AMD Ryzen 7 7435HS,"Octa Core, 16 Threads",24 GB DDR5 RAM,512 GB SSD,"15.6 inches, 1920 x 1080 pixels",8 GB NVIDIA GeForce RTX 4060,Windows 11 OS,1 Year Warranty
Gigabyte G5 MF5-52IN354SH Laptop (13th Gen Core i5/ 16GB/ 512GB SSD/ Win11 Home/ 6GB Graph),"₹78,800",70,13th Gen Intel Core i5 13500H,"12 Cores (4P + 8E), 16 Threads",16 GB DDR5 RAM,512 GB SSD,"15.6 inches, 1920 x 1080 pixels",6 GB NVIDIA GeForce RTX 4050,Windows 11 OS,2 Year Warranty
Gigabyte G6 MF-H2IN853SH Laptop (13th Gen Core i7/ 16GB/ 512GB SSD/ Win11 Home/ 6GB Graph),"₹86,990",65,13th Gen Intel Core i7 13620H,"10 Cores (6P + 4E), 16 Threads",16 GB DDR5 RAM,512 GB SSD,"16 inches, 1920 x 1200 pixels",6 GB NVIDIA GeForce RTX 4050,Windows 11 OS,2 Year Warranty
MSI Katana A17 AI B8VE-884IN Gaming Laptop (AMD Ryzen 9 8945HS/ 16GB/ 1TB SSD/ Win11 Home/ 6GB Graph),"₹95,990",75,8th Gen AMD Ryzen 9 8945HS,"Octa Core, 16 Threads",16 GB DDR5 RAM,1 TB SSD,"17.3 inches, 1920 x 1080 pixels",6 GB NVIDIA GeForce RTX 4050,Windows 11 OS,2 Year Warranty
HP 15s-fy5011TU Laptop (12th Gen Core i3/ 8GB/ 512GB SSD/ Win11 Home),"₹42,251",53,12th Gen Intel Core i3 1215U,"Hexa Core (2P + 4E), 8 Threads",8 GB DDR4 RAM,512 GB SSD,"15.6 inches, 1920 x 1080 pixels",Intel UHD Graphics,Windows 11 OS,1 Year Warranty
HP 15s-fy5010TU Laptop (12th Gen Core i3/ 8GB/ 256GB SSD/ Win11 Home),"₹33,240",54,12th Gen Intel Core i3 1215U,"Hexa Core (2P + 4E), 8 Threads",8 GB DDR4 RAM,256 GB SSD,"15.6 inches, 1920 x 1080 pixels",Intel Integrated UHD,Windows 11 OS,1 Year Warranty
Lenovo LOQ 15ARP9 83JC0045IN Gaming Laptop (AMD Ryzen 7 7435H/ 24GB/ 512GB SSD/ Win11/ 6GB RTX 4050 Graph),"₹98,990",70,7th Gen AMD Ryzen 7 7435HS,"Octa Core, 16 Threads",24 GB DDR5 RAM,512 GB SSD,"15.6 inches, 1920 x 1080 pixels",6 GB NVIDIA GeForce RTX 4050,Windows 11 OS,1 Year Warranty
Lenovo LOQ 15ARP9 83JC0078IN Gaming Laptop (AMD Ryzen 5 7235HS/ 24GB/ 512GB SSD/ Win11/ 6GB RTX 3050 Graph),"₹71,990",65,7th Gen AMD Ryzen 5 7235HS,"Quad Core, 8 Threads",24 GB DDR5 RAM,512 GB SSD,"15.6 inches, 1920 x 1080 pixels",6 GB NVIDIA GeForce RTX 3050,Windows 11 OS,1 Year Warranty
Asus TUF Gaming F15 FX507VU-LP210W Gaming Laptop (13th Gen Core i7/ 16GB/ 512GB SSD/ Win11 Home/ 6GB Graph),"₹92,990",69,13th Gen Intel Core i7 13620H,"10 Cores (6P + 4E), 16 Threads",16 GB DDR4 RAM,512 GB SSD,"15.6 inches, 1920 x 1080 pixels",6 GB NVIDIA GeForce RTX 4050,Windows 11 OS,1 Year Warranty
Lenovo Ideapad Gaming 3 15ARH7 82SB00QKIN Laptop (AMD Ryzen 5 7535HS / 16GB/ 512GB SSD/ Win11 Home/ 6GB Graph),"₹70,990",64,7th Gen AMD Ryzen 5 7535HS,"Hexa Core, 12 Threads",16 GB DDR5 RAM,512 GB SSD,"15.6 inches, 1920 x 1080 pixels",6 GB NVIDIA GeForce RTX 3050,Windows 11 OS,1 Year Warranty
Asus TUF Gaming A15 FA506NCR-HN054W Laptop (AMD Ryzen 7 7435HS/ 16GB / 512GB SSD/ Win11 Home / 4GB Graph),"₹65,990",70,7th Gen AMD Ryzen 7 7435HS,"Octa Core, 16 Threads",16 GB DDR5 RAM,512 GB SSD,"15.6 inches, 1920 x 1080 pixels",4 GB NVIDIA GeForce RTX 3050,Windows 11 OS,1 Year Warranty
Asus Vivobook Go 15 E510KA-EJ011WS Laptop (Intel Celeron N4500/ 8GB/ 512GB SSD/ Win11 Home),"₹24,990",46,Intel Celeron N4500,"Dual Core, 2 Threads",8 GB DDR4 RAM,512 GB SSD,"15.6 inches, 1920 x 1080 pixels",Intel HD Graphics,Windows 11 OS,1 Year Warranty
Lenovo IdeaPad Slim 3 82RJ00FGIN Laptop (12th Gen Core i3/ 8GB/ 512GB SSD/ Win11),"₹33,290",52,12th Gen Intel Core i3 1215U,"Hexa Core (2P + 4E), 8 Threads",8 GB DDR4 RAM,512 GB SSD,"14 inches, 1920 x 1080 pixels",‎Intel UHD Graphics,Windows 11 OS,1 Year Warranty
Asus Chromebook CX1500CKA-NJ0395 Laptop (Celeron N4500/ 8GB/ 128GB eMMC/ Chrome OS),"₹26,999",36,Intel Celeron N4500,"Dual Core, 2 Threads",8 GB LPDDR4X RAM,128 GB eMMC Storage,"15.6 inches, 1920 x 1080 pixels",Intel Integrated UHD,Chrome OS,1 Year Warranty
Asus Vivobook S 15 OLED 2024 S5506MA-MA951WS Laptop (Intel Core Ultra 9 185H/ 16GB/ 1TB SSD/ Win11),"₹1,19,990",63,Intel Core Ultra 9 Series 1 185H,"16 Cores (6P + 8E + 2LP-E), 22 Threads",16 GB LPDDR5X RAM,1 TB SSD,"15.6 inches, 2880 x 1620 pixels",Intel Integrated Arc,Windows 11 OS,1 Year Warranty
Asus TUF Gaming A15 FA506NC-HN083W Laptop (AMD Ryzen 5 7535HS/ 16GB / 512GB SSD/ Win11 Home / 4GB Graph),"₹57,990",66,7th Gen AMD Ryzen 5 7535HS,"Hexa Core, 12 Threads",16 GB DDR5 RAM,512 GB SSD,"15.6 inches, 1920 x 1080 pixels",4 GB NVIDIA GeForce RTX 3050,Windows 11 OS,1 Year Warranty
Lenovo IdeaPad 5i 83DT004SIN Laptop (Intel Core 5 120U/ 16 GB RAM/ 512GB SSD/ Win 11),"₹69,990",62,Intel Core 5 120U,"10 Cores (2P + 8E), 12 Threads",16 GB LPDDR5X RAM,512 GB SSD,"14 inches, 1920 x 1200 pixels, Touch Screen",Intel Integrated Intel,Windows 11 OS,1 Year Warranty
Lenovo IdeaPad Slim 3 14IAH8 83EQ0063IN Laptop (12th Gen Core i5/ 8GB/ 512GB SSD/ Win11 Home),"₹48,490",53,12th Gen Intel Core i5 12450H,"Octa Core (4P + 4E), 12 Threads",8 GB LPDDR5 RAM,512 GB SSD,"14 inches, 1920 x 1080 pixels",Intel Integrated UHD Graphics,Windows 11 OS,1 Year Warranty
Lenovo IdeaPad Slim 5 14IMH9 83DA0002IN Laptop (Intel Core Ultra 5 125H/ 16 GB RAM/ 512GB SSD/ Win 11),"₹88,999",59,Intel Core Ultra 5 125H,"14 Cores (4P + 8E + 2LP-E), 18 Threads",16 GB LPDDR5X RAM,512 GB SSD,"14 inches, 1920 x 1200 pixels",Intel Integrated Intel Arc,Windows 11 OS,1 Year Warranty
Asus Vivobook S 15 OLED 2024 S5507QAD-MA751WS Laptop (Qualcomm Snapdragon X Elite/ 16GB/ 1TB SSD/ Win11),"₹84,834",53,Qualcomm Snapdragon X Elite X1E 78 100,"12 Cores, 12 Threads",16 GB LPDDR5X RAM,1 TB SSD,"15.6 inches, 2880 x 1620 pixels",Qualcomm Adreno GPU,Windows 11 OS,1 Year Warranty
Asus Vivobook 15 X1504VA-NJ540WS Laptop (13th Gen Core i5/ 16GB/ 512GB SSD/ Win11),"₹48,990",54,13th Gen Intel Core i5 1335U,"10 Cores (2P + 8E), 12 Threads",16 GB DDR4 RAM,512 GB SSD,"15.6 inches, 1920 x 1080 pixels",Integrated Intel Iris Xe Graphics,Windows 11 OS,1 Year Warranty
Lenovo IdeaPad 1 14IGL7 82V6009LIN Laptop (Celeron N4020/ 8GB/ 512GB SSD/ Win11 Home),"₹28,802",46,4th Gen Intel Celeron N4020,"Dual Core, 2 Threads",8 GB DDR4 RAM,512 GB SSD,"14 inches, 1366 x 768 pixels",Intel Integrated UHD,Windows 11 OS,1 Year Warranty
HP Spectre x360 16-aa0015TU Laptop ( Intel Evo Core Ultra 7 155H/ 16GB/ 1TB SSD/ Win11),"₹1,20,888",74,Intel Core Ultra 7 Series 1 155H,"16 Cores (6P + 8E + 2LP-E), 22 Threads",16 GB LPDDR5x RAM RAM,1 TB SSD,"16 inches, 2560 x 1600 pixels, Touch Screen",Intel Arc Graphics,Windows 11 OS,1 Year Warranty
